# Blender 5.1.2
# www.blender.org
mtllib airplane.mtl
o airplane
v 496.167114 -50.627625 -279.655853
v 599.744324 -49.852085 -323.371216
v 600.309631 -52.353073 -322.076111
v 496.167114 -53.132847 -278.122162
v 496.167114 -32.729397 -253.472290
v 599.304138 -32.753204 -298.166412
v 600.451477 -36.764511 -293.696411
v 575.254639 -36.781647 -282.748962
v 496.167114 -36.705044 -248.149445
v 210.533630 -32.420609 -129.338593
v 211.057266 -52.762390 -159.323639
v 211.622604 -55.263378 -158.028534
v 211.783173 -37.618362 -125.904953
v 210.799194 -33.265293 -128.159149
v 490.412231 -36.699478 -245.631805
v 352.363770 -36.565765 -185.237793
v 490.412231 -53.175934 -275.693268
v 490.412231 -50.670712 -277.226990
v 348.694641 -32.695374 -189.565552
v 490.412231 -32.728081 -250.978455
v -765.768494 -30.000029 -375.186768
v -762.787781 -40.223354 -361.233826
v -781.632996 -50.001720 -375.186768
v -778.652283 -53.742794 -361.233826
v -765.768494 -30.000021 -271.076660
v -781.632996 -50.001713 -271.076660
v -762.787781 -40.223347 -269.233826
v -778.652283 -53.742786 -269.233826
v -195.963318 -30.000010 -128.100677
v -197.751770 -19.776695 -113.199997
v -762.787781 -19.776699 -361.233826
v -195.963318 -29.999992 100.941528
v -197.751770 -19.776680 89.199982
v -762.787781 -19.776693 -269.233826
v -247.559814 -37.767693 57.604008
v -197.751770 -40.223320 89.199982
v -212.440125 -40.223320 79.882355
v -215.457031 -38.175117 80.093689
v -244.542908 -35.719475 61.642887
v -19.940948 -25.042307 676.184814
v -11.023071 -18.987787 676.184814
v -43.771942 52.250320 561.123901
v -22.046173 63.403824 561.895996
v 0.000000 65.540482 561.123901
v 0.000000 -18.987787 676.184814
v 22.046173 63.403824 561.895996
v 11.023071 -18.987787 676.184814
v 43.771973 52.250320 561.123901
v 19.940948 -25.042307 676.184814
v 57.717651 39.185745 561.895996
v 28.858826 -31.096842 676.184814
v 35.671448 -50.689678 676.184814
v 73.907013 -26.602343 593.556641
v 32.265137 -40.893261 676.184814
v 70.824524 17.456236 578.498291
v 71.541046 -50.623825 593.556641
v 33.386169 -60.486095 676.184814
v 22.046173 -98.080734 593.556641
v 57.717651 -83.854736 593.556641
v 11.023071 -82.391548 676.184814
v 28.858826 -70.282516 676.184814
v -22.046173 -98.080734 593.556641
v -11.023071 -82.391548 676.184814
v -57.717621 -83.854721 593.556641
v -28.858795 -70.282509 676.184814
v -33.386169 -60.486095 676.184814
v -71.541046 -50.623825 593.556641
v -57.717651 39.185745 561.895996
v -70.824493 17.456251 578.498291
v -28.858826 -31.096827 676.184814
v -32.265137 -40.893261 676.184814
v -66.493134 82.363472 482.278778
v -33.069244 95.105721 482.278778
v 0.000000 98.934059 482.278778
v 33.069275 95.105690 482.278778
v 60.015442 78.988289 494.873871
v 86.576447 58.778576 482.278778
v 66.493134 82.363472 482.278778
v 107.014404 0.000036 482.278778
v 96.855499 38.981152 482.278778
v 106.696808 -38.281502 482.278778
v 33.069275 -115.105614 482.278778
v 85.467377 -96.158302 482.278778
v -33.069244 -115.105614 482.278778
v -85.467377 -96.158287 482.278778
v -106.696838 -38.281487 482.278778
v -96.855499 38.981152 482.278778
v -86.576447 58.778576 482.278778
v 107.311584 -51.617664 166.666626
v 107.014404 0.000013 166.666626
v 33.069275 -125.105637 166.666641
v 86.576447 -103.235336 166.666641
v 33.069275 -120.105629 333.333344
v 33.069275 -118.855621 394.999969
v 33.069275 -117.605621 436.666595
v -33.069244 -125.105637 166.666641
v -33.069244 -120.105629 333.333344
v -86.576447 -103.235321 166.666641
v -33.069244 -118.855621 394.999969
v -33.069244 -117.605621 436.666595
v -33.069244 95.105667 -165.569153
v 0.000000 98.934006 -165.247192
v -12.902679 95.105644 -500.000000
v 0.000000 98.933983 -500.000000
v 66.493134 82.363419 -165.423828
v 55.285583 82.363396 -500.000000
v 33.069275 95.105637 -165.502197
v 12.902710 95.105614 -500.000000
v 107.014404 -0.000013 -166.666687
v 107.311584 -51.617687 -166.666687
v 107.014404 -0.000038 -500.000000
v 107.311584 -29.389320 -500.000000
v 86.576447 -58.778572 -500.000000
v 86.576447 -103.235367 -166.666672
v 33.069275 -115.105690 -500.000000
v 33.069275 -125.105667 -166.666672
v -86.576447 -58.778557 -500.000000
v -33.069244 -115.105690 -500.000000
v -86.576447 -103.235336 -166.666672
v -33.069244 -125.105667 -166.666672
v -107.311584 -51.617672 -166.666687
v -107.311584 -29.389290 -500.000000
v -86.576447 58.778500 -500.000000
v -55.285553 82.363396 -500.000000
v -68.039703 67.095047 -590.000000
v -41.928436 85.071701 -590.000000
v 0.000061 364.524719 -837.780273
v 0.000061 361.732117 -903.660034
v -11.812531 357.235901 -828.967407
v -7.875000 354.174744 -894.847168
v 41.928467 85.071701 -590.000000
v 8.601807 92.019760 -590.000000
v 96.855499 38.981075 -499.651184
v 80.344849 50.479847 -590.000000
v 86.576447 58.778500 -500.000000
v 68.039703 67.095016 -590.000000
v 94.662292 -7.449934 -590.000000
v 92.837189 14.818437 -590.000000
v 77.934235 -29.718306 -590.000000
v 22.046173 -69.529678 -590.000000
v -77.934235 -29.718290 -590.000000
v -22.046173 -69.529678 -590.000000
v -94.662262 -7.449934 -590.000000
v -107.014404 -0.000038 -500.000000
v -96.855499 38.981075 -499.651184
v -92.837189 14.818437 -590.000000
v -80.344849 50.479877 -590.000000
v -25.799927 86.105080 -698.000000
v -22.164368 86.793976 -770.000000
v -42.270569 77.278908 -698.000000
v -28.858826 75.744049 -770.000000
v -6.021240 89.519753 -737.440674
v 0.000000 93.837990 -749.407959
v -11.023071 87.853088 -770.000000
v 0.000000 92.317474 -770.000000
v 22.164368 86.793976 -770.000000
v 11.023071 87.853058 -770.000000
v 25.799927 86.105049 -698.000000
v 6.021271 89.519753 -737.440674
v 32.339966 72.333191 -770.000000
v 28.858826 75.744049 -770.000000
v 52.276855 65.859962 -698.000000
v 42.270599 77.278908 -698.000000
v 63.909485 40.869274 -698.000000
v 65.165894 24.598583 -698.000000
v 35.671448 56.151192 -770.000000
v 35.770508 46.354774 -770.000000
v 15.432312 -11.481681 -698.000000
v 11.023071 24.449318 -770.000000
v 53.650238 8.327859 -698.000000
v 28.858826 36.558357 -770.000000
v -15.432312 -11.481681 -698.000000
v -53.650238 8.327874 -698.000000
v -11.023071 24.449318 -770.000000
v -28.858795 36.558357 -770.000000
v -52.276825 65.859993 -698.000000
v -32.339935 72.333191 -770.000000
v -63.909515 40.869274 -698.000000
v -35.671448 56.151192 -770.000000
v 0.000000 -50.689674 692.941284
v -35.671448 -50.689678 676.184814
v 0.000000 56.151188 -790.000000
v -35.770508 46.354774 -770.000000
v 0.000061 359.473938 -982.843384
v -5.512512 351.699524 -974.030518
v -65.165863 24.598583 -698.000000
v 11.812622 357.235901 -828.967407
v 7.875122 354.174744 -894.847168
v -8.601807 92.019760 -590.000000
v 5.512573 351.699524 -974.030518
v -87.649994 59.414024 -166.601074
v -96.855499 38.981102 -166.188477
v -86.576447 58.778549 166.666626
v -96.855499 38.981125 166.666626
v -67.566681 82.998917 -165.719299
v -66.493134 82.363449 166.666626
v -33.069244 95.105698 166.666626
v 86.576447 58.778526 -165.710327
v -107.311584 -51.617664 166.666626
v -107.014404 0.000036 482.278778
v -73.907013 -26.602343 593.556641
v -107.014404 -0.000013 -166.666687
v -107.014404 0.000013 166.666626
v 766.077454 -40.223347 -269.233826
v 769.058167 -30.000021 -271.076660
v 250.849548 -40.223324 57.603977
v 201.041504 -40.223320 89.199982
v 215.729858 -40.223320 79.882324
v 199.253052 -29.999992 100.941528
v 218.746765 -38.175117 80.093689
v 247.832642 -38.175106 61.642857
v 201.041504 -19.776680 89.199982
v 766.077454 -19.776693 -269.233826
v 199.253052 -30.000010 -128.100677
v 201.041504 -19.776695 -113.199997
v 769.058167 -30.000029 -375.186768
v 766.077454 -19.776699 -361.233826
v 784.922668 -50.001713 -271.076660
v 781.941956 -53.742786 -269.233826
v 784.922668 -50.001720 -375.186768
v 766.077454 -40.223354 -361.233826
v 781.941956 -53.742794 -361.233826
v -207.243958 -32.420597 -129.338577
v -207.509460 -33.265293 -128.159149
v -208.493469 -37.618362 -125.904953
v -208.332886 -55.263378 -158.028534
v -207.767578 -52.762390 -159.323639
v -487.122559 -50.670712 -277.227020
v -487.122498 -32.728088 -250.978455
v -345.405457 -32.695381 -189.565796
v -487.122498 -53.175934 -275.693268
v -349.073242 -36.565773 -185.237442
v -487.122498 -36.699493 -245.631805
v -492.877380 -32.729397 -253.472290
v -492.877441 -50.627625 -279.655884
v -596.454590 -49.852085 -323.371216
v -596.014465 -32.753208 -298.166412
v -597.161804 -36.764511 -293.696411
v -597.019958 -52.353073 -322.076111
v -492.877380 -53.132847 -278.122162
v -492.877380 -36.705051 -248.149460
v -571.964966 -36.781647 -282.748993
v 186.557739 -37.852737 -116.834473
v 186.557739 -62.110497 -162.349625
v 186.557739 -59.622749 -163.785919
v 186.557739 -33.918079 -122.560524
v 107.311584 -51.617687 -142.661835
v 103.096558 -62.110497 -162.349625
v 107.234070 -38.156128 -117.403725
v 143.345520 -34.098076 -122.849205
v 104.095886 -59.622749 -163.785919
v 107.311584 -51.617687 -150.947327
v 107.211670 -34.265812 -123.118225
v 107.246002 -40.223335 -114.395203
v 107.246002 -40.223331 -50.405209
v 107.311584 -51.617680 -45.168407
v -126.250427 -173.749619 -85.847183
v -141.128357 -173.749619 -85.847183
v -141.128357 -186.250381 -85.847183
v -126.250427 -186.250381 -85.847183
v -113.749573 -173.749619 -85.847183
v -98.871582 -173.749619 -85.847183
v -98.871582 -173.749619 -98.347939
v -141.128357 -173.749619 -98.347939
v -126.250427 -173.749619 -93.552505
v -113.749573 -173.749619 -93.552505
v -126.250427 -186.250381 -96.902069
v -141.128357 -186.250381 -98.347939
v -98.871582 -186.250381 -98.347939
v -98.871582 -186.250381 -85.847183
v -113.749573 -186.250381 -85.847183
v -113.749573 -186.250381 -96.902069
v -113.749573 -195.067474 -99.264603
v -126.250427 -195.067474 -99.264603
v 263.092285 -59.766399 162.423065
v 271.363647 -54.150791 152.321045
v 247.832642 -38.175098 152.321045
v 244.673279 -47.261372 162.423065
v 218.746765 -38.175114 152.321045
v 221.906128 -47.261372 162.423065
v 195.215759 -54.150791 152.321045
v 203.487122 -59.766415 162.423065
v 186.227722 -79.999985 152.321045
v 196.451721 -79.999985 162.423065
v 195.215759 -105.849182 152.321060
v 203.487122 -100.233566 162.423065
v 218.746765 -121.824860 152.321060
v 221.906128 -112.738602 162.423080
v 247.832642 -121.824860 152.321060
v 244.673279 -112.738602 162.423080
v 271.363647 -105.849182 152.321060
v 263.092285 -100.233566 162.423065
v 280.351746 -79.999985 152.321045
v 270.127747 -79.999985 162.423065
v 271.363647 -54.150803 25.051289
v 250.849548 -40.223328 25.051289
v 215.729858 -40.223328 25.051289
v 195.215759 -54.150803 25.051289
v 186.227722 -80.000000 25.051291
v 195.215759 -105.849197 25.051292
v 218.746765 -121.824875 25.051294
v 247.832642 -121.824875 25.051294
v 271.363647 -105.849197 25.051292
v 280.351746 -80.000000 25.051291
v 252.326721 -67.075401 -18.907679
v 240.561157 -59.087555 -18.907681
v 247.120483 -40.223328 20.745853
v 226.018250 -59.087563 -18.907681
v 219.458923 -40.223328 20.745853
v 214.252747 -67.075401 -18.907679
v 209.758728 -80.000000 -18.907679
v 214.252747 -92.924599 -18.907677
v 226.018250 -100.912437 -18.907677
v 240.561218 -100.912437 -18.907677
v 252.326721 -92.924599 -18.907677
v 256.820740 -80.000000 -18.907679
v 242.902649 -70.387077 143.241730
v 242.902649 -73.473587 143.241730
v 263.092285 -59.766399 143.241730
v 244.673279 -47.261372 143.241730
v 236.632202 -70.387077 143.241730
v 229.947205 -70.387077 143.241730
v 221.906128 -47.261372 143.241730
v 223.676819 -73.473587 143.241730
v 223.676819 -70.387077 143.241730
v 203.487122 -59.766415 143.241730
v 223.676819 -79.999992 143.241730
v 196.451721 -79.999992 143.241730
v 223.676819 -86.526398 143.241730
v 203.487122 -100.233574 143.241730
v 223.676819 -89.612907 143.241730
v 221.906128 -112.738609 143.241745
v 229.947205 -89.612907 143.241730
v 236.632202 -89.612907 143.241730
v 244.673279 -112.738609 143.241745
v 242.902649 -89.612907 143.241730
v 263.092285 -100.233574 143.241730
v 242.902649 -86.526398 143.241730
v 242.902649 -79.999992 143.241730
v 270.127747 -79.999992 143.241730
v 252.326721 -67.075401 -0.134181
v 233.289734 -80.000000 -0.134180
v 240.561157 -59.087555 -0.134182
v 226.018250 -59.087563 -0.134182
v 214.252747 -67.075401 -0.134181
v 209.758728 -80.000000 -0.134180
v 214.252747 -92.924599 -0.134179
v 226.018250 -100.912437 -0.134178
v 240.561218 -100.912437 -0.134178
v 252.326721 -92.924599 -0.134179
v 256.820740 -80.000000 -0.134180
v 227.521667 -74.231964 157.078857
v 239.057739 -74.231964 157.078857
v 227.521667 -85.768005 157.078857
v 239.057739 -85.768005 157.078857
v -220.387085 -79.999992 143.241730
v -220.387085 -73.473587 143.241730
v -220.387085 -70.387077 143.241730
v -224.231995 -74.231964 157.078857
v -224.231995 -85.768005 157.078857
v -220.387085 -89.612907 143.241730
v -220.387085 -86.526398 143.241730
v -239.612915 -89.612907 143.241730
v -235.768005 -85.768005 157.078857
v -235.768005 -74.231964 157.078857
v -239.612915 -70.387077 143.241730
v -239.612915 -73.473587 143.241730
v -239.612915 -79.999992 143.241730
v -239.612915 -86.526398 143.241730
v -233.342468 -89.612907 143.241730
v -226.657532 -89.612907 143.241730
v -226.657532 -70.387077 143.241730
v -233.342468 -70.387077 143.241730
v -253.531006 -80.000000 -18.907679
v -249.036987 -67.075401 -18.907679
v -249.036987 -67.075401 -0.134181
v -253.531006 -80.000000 -0.134180
v -249.036987 -92.924599 -18.907677
v -249.036987 -92.924599 -0.134179
v -237.271484 -100.912437 -18.907677
v -237.271484 -100.912437 -0.134178
v -222.728516 -100.912437 -18.907677
v -222.728577 -100.912437 -0.134178
v -210.963013 -92.924599 -18.907677
v -210.963074 -92.924599 -0.134179
v -206.468994 -80.000000 -18.907679
v -206.468994 -80.000000 -0.134180
v -210.963013 -67.075401 -18.907679
v -210.963013 -67.075401 -0.134181
v -222.728516 -59.087563 -18.907681
v -222.728516 -59.087563 -0.134182
v -237.271423 -59.087555 -18.907681
v -237.271423 -59.087555 -0.134182
v -259.802551 -59.766399 162.423065
v -266.838013 -79.999985 162.423065
v -266.838013 -79.999992 143.241730
v -259.802551 -59.766399 143.241730
v -259.802551 -100.233566 162.423065
v -259.802551 -100.233574 143.241730
v -241.383606 -112.738602 162.423080
v -241.383606 -112.738609 143.241745
v -218.616394 -112.738602 162.423080
v -218.616394 -112.738609 143.241745
v -200.197449 -100.233566 162.423065
v -200.197449 -100.233574 143.241730
v -193.161987 -79.999985 162.423065
v -193.161987 -79.999992 143.241730
v -200.197449 -59.766415 162.423065
v -200.197449 -59.766415 143.241730
v -218.616394 -47.261372 162.423065
v -218.616394 -47.261372 143.241730
v -241.383606 -47.261372 162.423065
v -241.383606 -47.261372 143.241730
v -230.000000 -80.000000 -0.134180
v -277.062012 -80.000000 25.051291
v -268.073975 -54.150803 25.051289
v -268.073975 -105.849197 25.051292
v -244.542908 -121.824875 25.051294
v -215.457092 -121.824875 25.051294
v -191.926086 -105.849197 25.051292
v -182.937988 -80.000000 25.051291
v -191.926025 -54.150803 25.051289
v -216.169250 -40.223328 20.745853
v -212.440186 -40.223328 25.051289
v -243.830750 -40.223328 20.745853
v -247.559814 -40.223328 25.051289
v -277.062012 -79.999985 152.321045
v -268.073975 -54.150791 152.321045
v -268.073975 -105.849182 152.321060
v -244.542908 -121.824860 152.321060
v -215.457092 -121.824860 152.321060
v -191.926086 -105.849182 152.321060
v -182.937988 -79.999985 152.321045
v -191.926025 -54.150791 152.321045
v -215.457031 -38.175114 152.321045
v -244.542908 -38.175098 152.321045
v -113.749573 -40.223331 -57.774258
v -113.749573 -40.223331 -50.405209
v -113.749573 -47.882893 -46.884899
v -113.749573 -198.302887 -87.189804
v -126.250427 -198.302887 -87.189804
v -126.250427 -47.882877 -46.884899
v -126.250427 -40.223331 -50.405209
v -126.250427 -40.223331 -57.774258
v -107.149597 -23.489857 150.020111
v -107.187134 -29.999989 158.406708
v -107.128235 -19.776676 146.177338
v -107.224548 -36.504631 109.886292
v -107.246033 -40.223320 105.730286
v -107.211609 -34.250549 -123.093735
v -140.055847 -34.098080 -122.849213
v -107.187134 -30.000010 -129.370117
v -183.268005 -37.852734 -116.834465
v -107.234009 -38.143547 -117.380127
v -107.246033 -40.223335 -114.353271
v -197.751770 -40.223335 -113.199997
v -183.268005 -33.918079 -122.560524
v -107.149658 -23.489893 -119.758270
v -107.128235 -19.776697 -114.354767
v -487.122498 -40.223347 -240.225098
v -487.122498 -40.223339 -158.008759
v -487.122498 -44.461102 -158.008759
v -487.122498 -69.659225 -308.929443
v -487.122498 -30.340809 -255.778870
v -487.122498 -30.371754 -253.896484
v -492.877380 -30.592304 -256.118835
v -492.877380 -69.659225 -308.929443
v -492.877380 -44.461102 -158.008759
v -492.877380 -40.223339 -158.008759
v -492.877380 -40.223347 -242.751312
v -491.375183 -30.340809 -255.778870
v -255.944580 -40.223339 -138.744873
v -255.944580 -37.108791 -143.523560
v -264.055420 -38.342419 -145.191193
v -264.055420 -40.223339 -142.305298
v -142.637329 -40.223331 -50.405209
v -142.637329 -40.223320 90.405212
v -107.246033 -40.223320 90.405212
v -107.246033 -40.223331 -50.405209
v -264.055420 -40.223328 2.814609
v -255.944580 -40.223328 2.814609
v -255.944580 -75.891449 -195.949890
v -264.055420 -75.891449 -195.949890
v -264.055420 -42.705170 2.814609
v -255.944580 -42.705170 2.814609
v -62.385468 47.176617 -690.707214
v -313.203186 47.176613 -736.495483
v -312.143127 51.067242 -731.185547
v -62.377716 47.214642 -690.655823
v -61.749176 51.067242 -684.639343
v -79.666962 47.481342 -599.426025
v -312.143127 51.067242 -696.173767
v -313.203186 47.176617 -696.875061
v -79.762665 47.176624 -599.486206
v -77.461945 51.067249 -603.478760
v -78.567169 49.440357 -601.681519
v -312.143127 43.285992 -696.173767
v -79.866333 46.868824 -599.508972
v -80.195587 43.285999 -604.558472
v -62.412262 47.138042 -690.661438
v -312.143127 43.285992 -731.185547
v -65.245361 43.285992 -685.289307
v -68.042419 43.285995 -670.841736
v -12.925720 -186.176208 416.176239
v -12.925720 -193.823792 416.176239
v -12.925720 -193.823792 423.823700
v -12.925720 -186.176208 423.823700
v -6.250366 -193.823792 423.823700
v -6.250366 -193.823792 416.176239
v -6.250366 -186.176208 423.823700
v -6.250366 -186.176208 416.176239
v 6.250366 -186.176208 423.823700
v 12.925720 -186.176208 423.823700
v 12.925720 -186.176208 416.176239
v 6.250366 -186.176208 416.176239
v 6.250366 -193.823792 416.176239
v 12.925720 -193.823792 416.176239
v 12.925720 -193.823792 423.823700
v 6.250366 -193.823792 423.823700
v 32.270203 -142.341843 443.670990
v 32.270203 -142.341843 396.328949
v 32.270203 -117.658096 396.328949
v 32.270203 -117.658096 443.670990
v 27.729797 -142.341843 396.328949
v 27.729797 -142.341843 443.670990
v 27.729797 -117.658096 443.670990
v 27.729797 -117.658096 396.328949
v 0.000000 98.934036 166.666626
v 66.493134 82.363449 166.666626
v 33.069275 95.105667 166.666626
v 96.855499 38.981125 166.666626
v 86.576447 58.778549 166.666626
v 96.855499 38.981102 -166.188477
v 107.311584 -51.617668 85.168434
v 107.245972 -40.223320 90.405212
v 107.245972 -40.223320 106.331116
v 107.225983 -36.745659 110.217773
v 107.187103 -29.999989 160.536163
v 107.148254 -23.248631 151.838776
v 107.128265 -19.776676 148.245667
v 107.128265 -19.776697 -114.396698
v 107.148254 -23.248652 -119.449127
v 107.187103 -30.000010 -129.417145
v -103.096558 -62.110497 -162.349625
v -104.095886 -59.622749 -163.785919
v -107.311584 -51.617672 -150.947296
v -107.311584 -51.617668 85.168404
v -90.833710 -92.637321 66.315926
v -90.833740 -92.637329 -26.315910
v -107.311584 -51.617680 -45.168423
v -107.311584 -51.617676 -142.661804
v 33.069275 -107.605621 436.666595
v -33.069244 -107.605621 436.666595
v -33.069244 -108.855621 394.999969
v 33.069275 -108.855621 394.999969
v -6.250366 -107.918121 426.250336
v 6.250366 -107.918121 426.250336
v 6.250366 -108.293137 413.749603
v -6.250366 -108.293137 413.749603
v 90.833740 -92.637329 -26.315910
v 90.833740 -92.637321 66.315926
v -27.729828 -142.341843 396.328949
v -32.270172 -142.341843 396.328949
v -32.270172 -117.658096 396.328949
v -27.729828 -117.658096 396.328949
v -32.270172 -117.658096 443.670990
v -27.729828 -117.658096 443.670990
v -32.270172 -142.341843 443.670990
v -27.729828 -142.341843 443.670990
v 6.250366 -195.134888 413.749603
v -6.250366 -195.134888 413.749603
v -6.250366 -195.134888 426.250336
v 6.250366 -195.134888 426.250336
v 65.218140 43.285992 -685.430115
v 68.042419 43.285995 -670.841675
v 78.527283 49.417011 -601.943604
v 77.406219 51.067249 -603.766663
v 61.721924 51.067242 -684.780151
v 62.348541 47.226299 -690.778381
v 62.358643 47.176617 -690.845581
v 62.393738 47.126232 -690.785767
v 79.607697 47.492542 -599.727905
v 80.142578 43.285999 -604.847473
v 79.814362 46.857533 -599.813965
v 79.706909 47.176624 -599.790344
v 311.358521 51.067242 -696.173767
v 311.358521 51.067242 -731.185547
v 311.358521 43.285992 -731.185547
v 311.358521 43.285992 -696.173767
v 312.418457 47.176613 -736.495483
v 312.418457 47.176617 -696.875061
v 490.412231 -30.371754 -253.896484
v 490.412231 -30.340809 -255.778870
v 490.412231 -69.659225 -308.929443
v 490.412231 -44.461102 -158.008759
v 490.412231 -40.223339 -158.008759
v 490.412231 -40.223347 -240.225098
v 490.412231 -39.183704 -241.820221
v 490.412231 -38.529377 -242.824158
v 496.167114 -38.564747 -245.296082
v 496.167114 -39.205402 -244.313110
v 496.167114 -40.223347 -242.751282
v 496.167114 -40.223339 -158.008759
v 496.167114 -44.461102 -158.008759
v 496.167114 -69.659225 -308.929443
v 496.167114 -30.592304 -256.118835
v 494.664917 -30.340809 -255.778870
v 267.345154 -40.223339 -142.305298
v 267.345154 -38.342419 -145.191193
v 259.234314 -37.108791 -143.523560
v 259.234314 -40.223339 -138.744873
v 201.041504 -40.223335 -113.199997
v 259.234314 -40.223328 2.814593
v 267.345154 -40.223328 2.814593
v 117.039307 -40.223331 -57.774258
v 117.039307 -40.223331 -50.405209
v 144.384033 -40.223320 90.405212
v 144.384033 -40.223331 -50.405209
v 129.540100 -40.223331 -50.405209
v 129.540100 -40.223331 -57.774258
v 267.345154 -75.891449 -195.949890
v 259.234314 -75.891449 -195.949890
v 259.234314 -42.705170 2.814593
v 267.345154 -42.705170 2.814593
v -142.637329 -92.637329 -26.315910
v -142.637329 -92.637321 66.315926
v 144.384033 -92.637321 66.315926
v 144.384033 -92.637329 -26.315910
v 129.540100 -47.882893 -46.884899
v 117.039307 -47.882893 -46.884899
v 129.540100 -173.749619 -93.552505
v 117.039307 -173.749619 -93.552505
v 117.039307 -198.302887 -87.189804
v 129.540100 -198.302887 -87.189804
v 117.039307 -195.067474 -99.264603
v 129.540100 -195.067474 -99.264603
v 129.540100 -186.250381 -85.847183
v 129.540100 -173.749619 -85.847183
v 129.540100 -186.250381 -96.902069
v 117.039307 -173.749619 -85.847183
v 117.039307 -186.250381 -85.847183
v 117.039307 -186.250381 -96.902069
v 102.161316 -173.749619 -98.347939
v 144.418091 -173.749619 -98.347939
v 144.418091 -186.250381 -98.347939
v 102.161316 -186.250381 -98.347939
v 144.418091 -173.749619 -85.847183
v 144.418091 -186.250381 -85.847183
v 102.161316 -173.749619 -85.847183
v 102.161316 -186.250381 -85.847183
v -183.268005 -62.110497 -162.349625
v -183.268005 -59.622749 -163.785919
v 108.314072 -153.903076 -111.062752
v 108.314072 -170.031876 -122.783882
v 108.314072 -189.968170 -122.783875
v 108.314072 -206.096954 -111.062744
v 108.314072 -212.257599 -92.097549
v 108.314072 -206.096939 -73.132362
v 108.314072 -189.968140 -61.411232
v 108.314072 -170.031860 -61.411236
v 108.314072 -153.903061 -73.132362
v 108.314072 -147.742401 -92.097565
v 101.717934 -150.720779 -113.375397
v 101.717934 -168.816345 -126.525810
v 101.717934 -191.183685 -126.525803
v 101.717934 -209.279251 -113.375381
v 101.717934 -216.191132 -92.097557
v 101.717934 -209.279236 -70.819725
v 101.717934 -191.183670 -57.669308
v 101.717934 -168.816330 -57.669315
v 101.717934 -150.720764 -70.819740
v 101.717934 -143.808884 -92.097565
v 84.861481 -150.720779 -113.375397
v 84.861481 -168.816345 -126.525810
v 84.861481 -191.183685 -126.525803
v 84.861481 -209.279251 -113.375381
v 84.861481 -216.191132 -92.097557
v 84.861481 -209.279236 -70.819725
v 84.861481 -191.183670 -57.669308
v 84.861481 -168.816330 -57.669315
v 84.861481 -150.720764 -70.819740
v 84.861481 -143.808884 -92.097565
v 78.265335 -153.903076 -111.062752
v 78.265335 -170.031876 -122.783882
v 78.265335 -189.968170 -122.783875
v 78.265335 -206.096954 -111.062744
v 78.265335 -212.257599 -92.097549
v 78.265335 -206.096939 -73.132362
v 78.265335 -189.968140 -61.411232
v 78.265335 -170.031860 -61.411236
v 78.265335 -153.903061 -73.132362
v 78.265335 -147.742401 -92.097565
v 101.717934 -180.000000 -92.097557
v 84.861481 -180.000000 -92.097557
v 168.314072 -153.903076 -111.062752
v 168.314072 -170.031876 -122.783882
v 168.314072 -189.968170 -122.783875
v 168.314072 -206.096954 -111.062744
v 168.314072 -212.257599 -92.097549
v 168.314072 -206.096939 -73.132362
v 168.314072 -189.968140 -61.411232
v 168.314072 -170.031860 -61.411236
v 168.314072 -153.903061 -73.132362
v 168.314072 -147.742401 -92.097565
v 161.717926 -150.720779 -113.375397
v 161.717926 -168.816345 -126.525810
v 161.717926 -191.183685 -126.525803
v 161.717926 -209.279251 -113.375381
v 161.717926 -216.191132 -92.097557
v 161.717926 -209.279236 -70.819725
v 161.717926 -191.183670 -57.669308
v 161.717926 -168.816330 -57.669315
v 161.717926 -150.720764 -70.819740
v 161.717926 -143.808884 -92.097565
v 144.861481 -150.720779 -113.375397
v 144.861481 -168.816345 -126.525810
v 144.861481 -191.183685 -126.525803
v 144.861481 -209.279251 -113.375381
v 144.861481 -216.191132 -92.097557
v 144.861481 -209.279236 -70.819725
v 144.861481 -191.183670 -57.669308
v 144.861481 -168.816330 -57.669315
v 144.861481 -150.720764 -70.819740
v 144.861481 -143.808884 -92.097565
v 138.265335 -153.903076 -111.062752
v 138.265335 -170.031876 -122.783882
v 138.265335 -189.968170 -122.783875
v 138.265335 -206.096954 -111.062744
v 138.265335 -212.257599 -92.097549
v 138.265335 -206.096939 -73.132362
v 138.265335 -189.968140 -61.411232
v 138.265335 -170.031860 -61.411236
v 138.265335 -153.903061 -73.132362
v 138.265335 -147.742401 -92.097565
v 161.717926 -180.000000 -92.097557
v 144.861481 -180.000000 -92.097557
v -105.024368 -153.903061 -73.137016
v -105.024368 -170.031860 -61.418762
v -105.024368 -189.968155 -61.418762
v -105.024368 -206.096939 -73.137016
v -105.024368 -212.257599 -92.097557
v -105.024368 -206.096954 -111.058098
v -105.024368 -189.968155 -122.776352
v -105.024368 -170.031876 -122.776352
v -105.024368 -153.903076 -111.058098
v -105.024368 -147.742401 -92.097565
v -98.428230 -150.720764 -70.824951
v -98.428230 -168.816330 -57.677753
v -98.428230 -191.183670 -57.677753
v -98.428230 -209.279236 -70.824951
v -98.428230 -216.191132 -92.097557
v -98.428230 -209.279251 -113.370163
v -98.428230 -191.183685 -126.517357
v -98.428230 -168.816345 -126.517357
v -98.428230 -150.720779 -113.370171
v -98.428230 -143.808884 -92.097565
v -81.571770 -150.720764 -70.824951
v -81.571770 -168.816330 -57.677753
v -81.571770 -191.183670 -57.677753
v -81.571770 -209.279236 -70.824951
v -81.571770 -216.191132 -92.097557
v -81.571770 -209.279251 -113.370163
v -81.571770 -191.183685 -126.517357
v -81.571770 -168.816345 -126.517357
v -81.571770 -150.720779 -113.370171
v -81.571770 -143.808884 -92.097565
v -74.975632 -153.903061 -73.137016
v -74.975632 -170.031860 -61.418762
v -74.975632 -189.968155 -61.418762
v -74.975632 -206.096939 -73.137016
v -74.975632 -212.257599 -92.097557
v -74.975632 -206.096954 -111.058098
v -74.975632 -189.968155 -122.776352
v -74.975632 -170.031876 -122.776352
v -74.975632 -153.903076 -111.058098
v -74.975632 -147.742401 -92.097565
v -98.428230 -180.000000 -92.097557
v -81.571770 -180.000000 -92.097557
v -165.024368 -153.903061 -73.137016
v -165.024368 -170.031860 -61.418762
v -165.024368 -189.968155 -61.418762
v -165.024368 -206.096939 -73.137016
v -165.024368 -212.257599 -92.097557
v -165.024368 -206.096954 -111.058098
v -165.024368 -189.968155 -122.776352
v -165.024368 -170.031876 -122.776352
v -165.024368 -153.903076 -111.058098
v -165.024368 -147.742401 -92.097565
v -158.428223 -150.720764 -70.824951
v -158.428223 -168.816330 -57.677753
v -158.428223 -191.183670 -57.677753
v -158.428223 -209.279236 -70.824951
v -158.428223 -216.191132 -92.097557
v -158.428223 -209.279251 -113.370163
v -158.428223 -191.183685 -126.517357
v -158.428223 -168.816345 -126.517357
v -158.428223 -150.720779 -113.370171
v -158.428223 -143.808884 -92.097565
v -141.571777 -150.720764 -70.824951
v -141.571777 -168.816330 -57.677753
v -141.571777 -191.183670 -57.677753
v -141.571777 -209.279236 -70.824951
v -141.571777 -216.191132 -92.097557
v -141.571777 -209.279251 -113.370163
v -141.571777 -191.183685 -126.517357
v -141.571777 -168.816345 -126.517357
v -141.571777 -150.720779 -113.370171
v -141.571777 -143.808884 -92.097565
v -134.975632 -153.903061 -73.137016
v -134.975632 -170.031860 -61.418762
v -134.975632 -189.968155 -61.418762
v -134.975632 -206.096939 -73.137016
v -134.975632 -212.257599 -92.097557
v -134.975632 -206.096954 -111.058098
v -134.975632 -189.968155 -122.776352
v -134.975632 -170.031876 -122.776352
v -134.975632 -153.903076 -111.058098
v -134.975632 -147.742401 -92.097565
v -158.428223 -180.000000 -92.097557
v -141.571777 -180.000000 -92.097557
v 10.808552 -174.034668 431.599487
v 10.808552 -183.901764 438.768341
v 10.808552 -196.098175 438.768341
v 10.808552 -205.965286 431.599518
v 10.808552 -209.734177 420.000031
v 10.808552 -205.965271 408.400543
v 10.808552 -196.098175 401.231659
v 10.808552 -183.901764 401.231659
v 10.808552 -174.034668 408.400513
v 10.808552 -170.265762 420.000000
v 14.843869 -172.087830 433.013947
v 14.843869 -183.158142 441.056976
v 14.843869 -196.841797 441.056976
v 14.843869 -207.912109 433.013947
v 14.843869 -212.140594 420.000031
v 14.843869 -207.912109 406.986115
v 14.843869 -196.841797 398.943024
v 14.843869 -183.158142 398.943024
v 14.843869 -172.087830 406.986084
v 14.843869 -167.859360 420.000000
v 25.156132 -172.087830 433.013947
v 25.156132 -183.158142 441.056976
v 25.156132 -196.841797 441.056976
v 25.156132 -207.912109 433.013947
v 25.156132 -212.140594 420.000031
v 25.156132 -207.912109 406.986115
v 25.156132 -196.841797 398.943024
v 25.156132 -183.158142 398.943024
v 25.156132 -172.087830 406.986084
v 25.156132 -167.859360 420.000000
v 29.191448 -174.034668 431.599487
v 29.191448 -183.901764 438.768341
v 29.191448 -196.098175 438.768341
v 29.191448 -205.965286 431.599518
v 29.191448 -209.734177 420.000031
v 29.191448 -205.965271 408.400543
v 29.191448 -196.098175 401.231659
v 29.191448 -183.901764 401.231659
v 29.191448 -174.034668 408.400513
v 29.191448 -170.265762 420.000000
v 14.843869 -189.999969 420.000000
v 25.156132 -189.999969 420.000000
v -29.191448 -174.034668 431.599487
v -29.191448 -183.901764 438.768341
v -29.191448 -196.098175 438.768341
v -29.191448 -205.965286 431.599518
v -29.191448 -209.734177 420.000031
v -29.191448 -205.965271 408.400543
v -29.191448 -196.098175 401.231659
v -29.191448 -183.901764 401.231659
v -29.191448 -174.034668 408.400513
v -29.191448 -170.265762 420.000000
v -25.156132 -172.087830 433.013947
v -25.156132 -183.158142 441.056976
v -25.156132 -196.841797 441.056976
v -25.156132 -207.912109 433.013947
v -25.156132 -212.140594 420.000031
v -25.156132 -207.912109 406.986115
v -25.156132 -196.841797 398.943024
v -25.156132 -183.158142 398.943024
v -25.156132 -172.087830 406.986084
v -25.156132 -167.859360 420.000000
v -14.843869 -172.087830 433.013947
v -14.843869 -183.158142 441.056976
v -14.843869 -196.841797 441.056976
v -14.843869 -207.912109 433.013947
v -14.843869 -212.140594 420.000031
v -14.843869 -207.912109 406.986115
v -14.843869 -196.841797 398.943024
v -14.843869 -183.158142 398.943024
v -14.843869 -172.087830 406.986084
v -14.843869 -167.859360 420.000000
v -10.808552 -174.034668 431.599487
v -10.808552 -183.901764 438.768341
v -10.808552 -196.098175 438.768341
v -10.808552 -205.965286 431.599518
v -10.808552 -209.734177 420.000031
v -10.808552 -205.965271 408.400543
v -10.808552 -196.098175 401.231659
v -10.808552 -183.901764 401.231659
v -10.808552 -174.034668 408.400513
v -10.808552 -170.265762 420.000000
v -25.156132 -189.999969 420.000000
v -14.843869 -189.999969 420.000000
vn 0.3606 0.2174 -0.9070
vn 0.5737 -0.7225 -0.3858
vn 0.8170 0.1452 -0.5580
vn 0.8928 -0.4489 -0.0373
vn 0.4141 0.0305 -0.9097
vn 0.0101 -0.3931 -0.9194
vn 0.0759 -0.9227 -0.3779
vn 0.5776 -0.8046 -0.1381
vn -0.0168 -0.9992 -0.0362
vn -0.5242 -0.8490 -0.0668
vn -0.3534 -0.2506 0.9013
vn -0.7689 0.1369 -0.6246
vn -0.6079 -0.5766 -0.5458
vn -0.6494 -0.7298 -0.2139
vn -0.0169 -0.9992 -0.0361
vn -0.9217 -0.3548 -0.1571
vn -0.5904 -0.8034 0.0773
vn -0.3973 0.0407 -0.9168
vn -0.9485 0.0581 -0.3113
vn -0.7129 0.0362 -0.7003
vn -0.2328 0.2503 -0.9398
vn 0.4532 -0.8219 -0.3451
vn -0.5009 -0.3415 -0.7953
vn -0.0542 -0.9909 -0.1231
vn -0.7894 0.2861 0.5432
vn -0.8790 0.0548 0.4736
vn -0.0769 -0.6544 0.7522
vn -0.1331 -0.7210 0.6800
vn -0.4538 0.8366 -0.3070
vn 0.1399 0.0001 -0.9902
vn 0.0494 0.9662 -0.2530
vn -0.4498 -0.0797 0.8895
vn -0.2255 0.9092 0.3499
vn -0.6185 0.6639 0.4204
vn -0.8894 0.0834 0.4495
vn -0.7791 0.0321 0.6261
vn -0.2499 0.3781 0.8914
vn 0.7531 0.0887 0.6519
vn -0.1772 -0.9038 0.3896
vn -0.3775 0.5518 0.7437
vn -0.2048 0.6390 0.7414
vn -0.5010 0.7239 0.4742
vn -0.2409 0.8386 0.4886
vn -0.0000 0.8721 0.4894
vn -0.0000 0.6562 0.7546
vn 0.2324 0.8366 0.4961
vn 0.2048 0.6390 0.7414
vn 0.4988 0.7165 0.4876
vn 0.3775 0.5518 0.7437
vn 0.6125 0.6534 0.4449
vn 0.5587 0.4112 0.7203
vn 0.7296 0.0187 0.6836
vn 0.9219 0.0641 0.3820
vn 0.6563 0.2235 0.7207
vn 0.7542 0.4790 0.4491
vn 0.9166 -0.2288 0.3279
vn 0.6989 -0.2456 0.6718
vn 0.6691 -0.6861 0.2858
vn 0.5776 -0.5233 0.6265
vn 0.1934 -0.9607 0.1989
vn 0.2329 -0.7820 0.5781
vn -0.2329 -0.7820 0.5781
vn -0.5776 -0.5233 0.6265
vn -0.1934 -0.9607 0.1989
vn -0.6691 -0.6861 0.2858
vn -0.9166 -0.2288 0.3279
vn -0.6989 -0.2456 0.6718
vn -0.6128 0.6571 0.4390
vn -0.7542 0.4790 0.4491
vn -0.5587 0.4112 0.7203
vn -0.6563 0.2235 0.7207
vn -0.5642 0.7974 0.2140
vn -0.2385 0.9501 0.2011
vn -0.0000 0.9812 0.1930
vn 0.2323 0.9529 0.1952
vn 0.8126 0.5467 0.2021
vn 0.5645 0.7992 0.2064
vn 0.4209 0.8027 0.4225
vn 0.9130 0.3676 0.1769
vn 0.9809 0.1248 0.1492
vn 0.9756 -0.1695 0.1396
vn 0.7068 -0.6956 0.1287
vn 0.1820 -0.9777 0.1052
vn -0.1820 -0.9777 0.1052
vn -0.7068 -0.6956 0.1287
vn -0.9756 -0.1695 0.1396
vn -0.9130 0.3676 0.1769
vn -0.8095 0.5493 0.2075
vn 0.9824 -0.1867 0.0036
vn 0.9915 0.1297 0.0001
vn 0.7074 -0.7067 0.0130
vn -0.0272 -0.9549 -0.2957
vn -0.0699 -0.9332 0.3526
vn 0.1789 -0.9836 0.0246
vn 0.1924 -0.9812 0.0147
vn -0.7088 -0.7053 0.0093
vn 0.0272 -0.9549 -0.2957
vn 0.0699 -0.9332 0.3526
vn -0.1796 -0.9835 0.0205
vn -0.1924 -0.9812 0.0147
vn -0.2260 0.9741 -0.0047
vn -0.0018 1.0000 -0.0015
vn -0.3829 0.9155 0.1235
vn -0.0000 0.9368 0.3500
vn 0.5753 0.8180 -0.0034
vn 0.4565 0.8893 -0.0270
vn 0.2411 0.9705 -0.0049
vn 0.3829 0.9155 0.1235
vn 0.9808 -0.1947 -0.0129
vn 0.9451 -0.3064 -0.1136
vn 0.9916 0.1290 0.0001
vn 0.9898 0.1280 -0.0631
vn 0.7496 -0.6333 -0.1923
vn 0.7114 -0.7024 -0.0230
vn 0.3651 -0.8958 -0.2534
vn 0.1924 -0.9812 -0.0147
vn -0.7496 -0.6333 -0.1923
vn -0.3651 -0.8958 -0.2534
vn -0.7114 -0.7024 -0.0230
vn -0.1924 -0.9812 -0.0147
vn -0.9808 -0.1947 -0.0129
vn -0.9446 -0.3074 -0.1147
vn -0.7703 0.6359 -0.0480
vn -0.4560 0.8896 -0.0279
vn -0.6939 0.7148 -0.0863
vn -0.3957 0.9173 -0.0445
vn -0.0000 0.9985 -0.0549
vn -0.9280 0.3709 -0.0358
vn -0.0000 0.9890 0.1477
vn -0.7353 0.6069 0.3018
vn 0.3957 0.9173 -0.0445
vn 0.7898 0.6116 -0.0461
vn 0.9325 0.3571 -0.0546
vn 0.8776 0.4604 -0.1338
vn 0.7704 0.6359 -0.0462
vn 0.6939 0.7148 -0.0863
vn 0.9276 -0.2652 -0.2632
vn 0.9653 0.1962 -0.1725
vn 0.2930 -0.8472 -0.4432
vn 0.6569 -0.6744 -0.3371
vn -0.6569 -0.6744 -0.3371
vn -0.2930 -0.8472 -0.4432
vn -0.9276 -0.2652 -0.2632
vn -0.9898 0.1280 -0.0631
vn -0.9327 0.3565 -0.0555
vn -0.9651 0.1967 -0.1727
vn -0.8782 0.4587 -0.1355
vn -0.4697 0.7447 -0.4742
vn -0.6378 0.5305 -0.5584
vn -0.3514 0.9349 -0.0499
vn -0.6167 0.7798 -0.1080
vn -0.7479 0.6591 -0.0791
vn -0.0000 0.6286 -0.7777
vn -0.2026 0.8235 -0.5300
vn -0.0000 0.8699 -0.4931
vn 0.2026 0.8235 -0.5300
vn 0.7491 0.6576 -0.0793
vn 0.4697 0.7447 -0.4742
vn 0.3496 0.9355 -0.0505
vn 0.6378 0.5305 -0.5584
vn 0.6167 0.7798 -0.1080
vn 0.7202 0.4150 -0.5559
vn 0.8287 0.5311 -0.1767
vn 0.8983 -0.2356 -0.3708
vn 0.7265 -0.2039 -0.6563
vn 0.9345 0.2412 -0.2618
vn 0.7784 0.1043 -0.6191
vn 0.2259 -0.8653 -0.4474
vn 0.2188 -0.7167 -0.6622
vn 0.6026 -0.6808 -0.4163
vn 0.5214 -0.5228 -0.6744
vn -0.2259 -0.8653 -0.4474
vn -0.6026 -0.6808 -0.4163
vn -0.2188 -0.7167 -0.6622
vn -0.5210 -0.5228 -0.6747
vn -0.7202 0.4150 -0.5559
vn -0.7784 0.1043 -0.6191
vn -0.8287 0.5311 -0.1767
vn -0.9344 0.2414 -0.2618
vn -0.0000 0.0007 1.0000
vn -0.7296 0.0187 0.6836
vn -0.0000 -0.0163 -0.9999
vn -0.7265 -0.2039 -0.6563
vn -0.0000 0.4830 -0.8756
vn -0.8602 -0.1007 -0.4999
vn -0.8991 -0.2365 -0.3683
vn 0.7353 0.6069 0.3018
vn 0.9282 0.3704 -0.0358
vn -0.7898 0.6116 -0.0461
vn 0.8602 -0.1007 -0.4999
vn -0.8446 0.5354 0.0009
vn -0.9428 0.3332 0.0009
vn -0.8301 0.5577 0.0010
vn -0.9334 0.3587 -0.0000
vn -0.5646 0.8254 -0.0013
vn -0.5763 0.8172 0.0010
vn -0.2374 0.9714 -0.0000
vn 0.8297 0.5581 -0.0000
vn -0.9822 -0.1878 0.0019
vn -0.9219 0.0641 0.3820
vn -0.9809 0.1248 0.1492
vn -0.9915 0.1300 -0.0010
vn -0.9916 0.1297 0.0007
vn 0.7894 0.2861 0.5432
vn 0.4480 -0.0794 0.8905
vn 0.0770 -0.6544 0.7522
vn 0.8817 0.1300 0.4536
vn 0.7626 0.1567 0.6276
vn 0.2501 0.3113 0.9168
vn -0.7531 0.0887 0.6519
vn 0.1772 -0.9038 0.3896
vn 0.2255 0.9092 0.3499
vn 0.6185 0.6639 0.4204
vn -0.0494 0.9662 -0.2530
vn 0.4538 0.8366 -0.3070
vn -0.2182 0.0701 -0.9734
vn 0.2328 0.2503 -0.9398
vn 0.8790 0.0548 0.4736
vn 0.1331 -0.7210 0.6800
vn 0.5009 -0.3415 -0.7953
vn -0.4532 -0.8219 -0.3451
vn 0.0542 -0.9909 -0.1231
vn 0.5242 -0.8490 -0.0668
vn 0.7689 0.1369 -0.6246
vn 0.3534 -0.2506 0.9013
vn 0.6079 -0.5766 -0.5458
vn 0.6494 -0.7298 -0.2139
vn 0.3973 0.0407 -0.9168
vn 0.9485 0.0581 -0.3113
vn 0.7129 0.0362 -0.7003
vn 0.9217 -0.3548 -0.1571
vn 0.5904 -0.8034 0.0773
vn 0.0169 -0.9992 -0.0361
vn -0.4141 0.0305 -0.9097
vn -0.8170 0.1452 -0.5580
vn -0.0101 -0.3931 -0.9194
vn -0.3606 0.2174 -0.9070
vn -0.0759 -0.9227 -0.3779
vn -0.5737 -0.7225 -0.3858
vn -0.8928 -0.4489 -0.0373
vn -0.5776 -0.8046 -0.1381
vn 0.0168 -0.9992 -0.0362
vn 0.1967 -0.9202 -0.3383
vn 0.5792 -0.7837 -0.2243
vn 0.4222 -0.5351 -0.7317
vn 0.5792 0.1976 -0.7909
vn 0.7713 -0.6322 -0.0735
vn 0.5696 -0.7631 0.3055
vn 0.6108 -0.7906 -0.0428
vn 0.8356 -0.2961 -0.4628
vn 0.7017 0.5914 -0.3974
vn 0.0070 0.0170 -0.9998
vn 0.5611 0.0184 -0.8275
vn 0.6102 -0.4496 -0.6524
vn 0.6055 -0.6695 -0.4303
vn 0.7832 -0.5929 -0.1872
vn -0.9045 0.3015 0.3015
vn -0.5774 0.5773 0.5774
vn -0.9045 -0.3015 0.3015
vn -0.5773 -0.5774 0.5773
vn 0.9045 0.3015 0.3015
vn 0.5774 0.5773 0.5774
vn 0.2381 0.9312 -0.2760
vn 0.5774 0.5773 -0.5773
vn -0.5774 0.5773 -0.5773
vn -0.2381 0.9312 -0.2760
vn -0.3725 -0.8753 -0.3084
vn -0.5774 -0.5773 -0.5773
vn 0.5774 -0.5774 -0.5773
vn 0.3725 -0.8753 -0.3084
vn 0.5774 -0.5773 0.5774
vn 0.9045 -0.3015 0.3015
vn -0.5773 -0.4082 -0.7071
vn 0.5773 -0.4083 -0.7071
vn 0.7430 0.5670 0.3556
vn 0.2767 0.8952 0.3492
vn -0.1640 -0.1130 0.9800
vn -0.0651 -0.1915 0.9793
vn 0.0651 -0.1915 0.9793
vn -0.2767 0.8952 0.3492
vn 0.1641 -0.1130 0.9800
vn -0.7430 0.5670 0.3556
vn 0.1966 -0.0000 0.9805
vn -0.9332 -0.0000 0.3594
vn -0.7430 -0.5670 0.3556
vn 0.1640 0.1130 0.9800
vn -0.2767 -0.8952 0.3492
vn 0.0651 0.1915 0.9793
vn -0.0651 0.1915 0.9793
vn 0.2767 -0.8952 0.3492
vn -0.1641 0.1130 0.9800
vn 0.7430 -0.5670 0.3556
vn -0.1966 -0.0000 0.9805
vn 0.9332 -0.0000 0.3594
vn 0.7737 0.5911 -0.2281
vn 0.8256 -0.4039 -0.3940
vn -0.8256 -0.4040 -0.3940
vn -0.7737 0.5911 -0.2281
vn -0.9727 -0.0000 -0.2321
vn -0.7737 -0.5911 -0.2281
vn -0.2876 -0.9317 -0.2219
vn 0.2876 -0.9317 -0.2219
vn 0.7737 -0.5911 -0.2281
vn 0.9727 -0.0000 -0.2321
vn -0.0395 -0.0153 -0.9991
vn 0.5452 -0.3915 -0.7412
vn -0.0203 -0.0424 -0.9989
vn -0.5452 -0.3915 -0.7412
vn 0.0203 -0.0424 -0.9989
vn 0.0395 -0.0153 -0.9991
vn 0.0366 -0.0000 -0.9993
vn 0.0395 0.0153 -0.9991
vn 0.0203 0.0424 -0.9989
vn -0.0203 0.0424 -0.9989
vn -0.0395 0.0153 -0.9991
vn -0.0366 -0.0000 -0.9993
vn 0.6051 -0.0000 0.7962
vn -0.6078 -0.4664 0.6427
vn 0.2213 0.2213 0.9498
vn -0.0000 0.6051 0.7962
vn -0.2242 -0.7292 0.6465
vn 0.2241 -0.7292 0.6465
vn -0.6051 -0.0000 0.7962
vn -0.2213 0.2213 0.9498
vn 0.6078 -0.4664 0.6427
vn 0.7683 -0.0000 0.6401
vn 0.6078 0.4664 0.6427
vn -0.2213 -0.2213 0.9498
vn -0.0000 -0.6051 0.7962
vn 0.2242 0.7292 0.6465
vn -0.2241 0.7292 0.6465
vn 0.2213 -0.2213 0.9498
vn -0.6078 0.4664 0.6427
vn -0.7683 -0.0000 0.6401
vn -0.6078 -0.4664 -0.6427
vn -0.0000 -0.0000 -1.0000
vn -0.2241 -0.7292 -0.6465
vn 0.2241 -0.7292 -0.6466
vn 0.6078 -0.4664 -0.6427
vn 0.7683 -0.0000 -0.6401
vn 0.6078 0.4664 -0.6427
vn 0.2241 0.7292 -0.6465
vn -0.2241 0.7292 -0.6466
vn -0.6078 0.4664 -0.6427
vn -0.7683 -0.0000 -0.6401
vn -0.4945 0.4945 0.7148
vn 0.4945 0.4945 0.7148
vn -0.4945 -0.4945 0.7148
vn 0.4945 -0.4945 0.7148
vn 0.2241 0.7292 -0.6466
vn -0.2241 0.7292 -0.6465
vn -0.2241 -0.7292 -0.6466
vn 0.2241 -0.7292 -0.6465
vn 0.1640 -0.1130 0.9800
vn 0.1641 0.1130 0.9800
vn 0.2241 0.7292 0.6465
vn -0.2242 0.7292 0.6465
vn -0.1640 0.1130 0.9800
vn -0.1641 -0.1130 0.9800
vn -0.2241 -0.7292 0.6465
vn 0.2242 -0.7292 0.6465
vn -0.7774 0.5826 -0.2370
vn 0.8256 -0.4040 -0.3940
vn -0.8524 -0.3775 -0.3617
vn -0.7441 0.5628 0.3600
vn -0.2722 0.8938 0.3565
vn 0.5774 -0.7071 0.4082
vn 0.5577 -0.5408 -0.6296
vn 0.6035 -0.6713 -0.4303
vn -0.5773 -0.7071 0.4082
vn -0.5577 -0.5408 -0.6296
vn -0.6035 -0.6713 -0.4303
vn -0.8210 0.4376 0.3667
vn -0.9915 -0.0209 0.1284
vn -0.8717 0.4320 0.2314
vn -0.6881 -0.6621 0.2970
vn -0.8183 -0.5280 0.2271
vn -0.5611 0.0184 -0.8275
vn -0.0080 0.0171 -0.9998
vn -0.9463 0.0064 -0.3233
vn -0.4222 -0.5351 -0.7317
vn 0.0494 -0.9662 -0.2530
vn -0.1967 -0.9202 -0.3383
vn -0.7832 -0.5929 -0.1872
vn -0.6108 -0.7906 -0.0428
vn -0.7075 0.5857 -0.3955
vn -0.7797 0.5980 -0.1856
vn 0.7302 -0.4297 -0.5312
vn 0.6415 0.7305 -0.2342
vn 0.5405 -0.3286 -0.7745
vn 0.3015 -0.9045 0.3015
vn 0.5865 -0.5234 0.6181
vn 0.8206 -0.5352 -0.2003
vn -0.1249 -0.4625 -0.8778
vn -0.5405 -0.3285 -0.7745
vn -0.5865 -0.5234 0.6181
vn -0.3015 -0.9045 0.3015
vn -0.7471 -0.6494 -0.1418
vn 0.2310 0.0442 -0.9719
vn -0.1816 -0.5493 -0.8156
vn 0.8206 -0.5352 -0.2002
vn 0.5798 -0.5223 -0.6254
vn -0.2010 -0.9467 -0.2517
vn -0.6055 -0.6695 0.4303
vn -0.2010 -0.9467 0.2517
vn -0.6055 -0.6695 -0.4303
vn -0.5866 -0.5234 0.6180
vn -0.4907 0.7470 -0.4486
vn -0.7380 0.4518 -0.5012
vn -0.5103 0.8192 -0.2619
vn -0.4249 0.3187 -0.8473
vn -0.5875 0.7697 -0.2497
vn -0.8521 0.4617 0.2466
vn -0.5928 0.6347 0.4957
vn -0.8422 0.1972 0.5018
vn -0.8813 -0.0000 0.4725
vn -0.6760 0.7364 0.0270
vn -0.6645 0.7056 0.2461
vn -0.9339 0.0971 0.3441
vn -0.5928 -0.6347 0.4957
vn -0.9178 -0.3828 0.1057
vn -0.6870 -0.3314 -0.6467
vn -0.5103 -0.8191 -0.2618
vn -0.8183 -0.3896 -0.4227
vn -0.8008 -0.5806 -0.1471
vn -0.5773 0.5774 -0.5773
vn -0.5774 -0.5773 -0.5774
vn -0.9045 -0.3015 -0.3015
vn -0.9045 0.3015 -0.3015
vn 0.5773 0.5774 0.5773
vn 0.9045 0.3015 -0.3015
vn 0.5774 0.5773 -0.5774
vn 0.9045 -0.3015 -0.3015
vn 0.5773 -0.5774 -0.5773
vn 0.5774 -0.5774 0.5773
vn 0.5773 -0.5774 -0.5774
vn 0.5773 0.5774 0.5774
vn 0.5774 0.5774 -0.5773
vn -0.5774 -0.5774 -0.5773
vn -0.5773 -0.5774 0.5774
vn -0.5773 0.5774 -0.5774
vn -0.5774 0.5774 0.5773
vn -0.0000 1.0000 -0.0000
vn 0.2374 0.9714 -0.0000
vn 0.5768 0.8169 -0.0000
vn 0.9334 0.3587 -0.0000
vn 0.6102 -0.4496 0.6524
vn 0.6055 -0.6695 0.4303
vn 0.8183 -0.5280 0.2271
vn 0.6881 -0.6621 0.2970
vn 0.9915 -0.0209 0.1284
vn 0.8210 0.4376 0.3667
vn 0.9463 0.0064 -0.3233
vn 0.8717 0.4320 0.2314
vn 0.7797 0.5980 -0.1856
vn 0.7065 0.5854 -0.3977
vn -0.7017 0.5914 -0.3974
vn -0.8356 -0.2961 -0.4628
vn -0.7713 -0.6322 -0.0735
vn -0.6102 -0.4496 0.6524
vn -0.7204 -0.6642 0.1998
vn -0.7204 -0.6642 -0.1998
vn -0.6101 -0.4496 -0.6524
vn -0.5696 -0.7631 0.3055
vn -0.5758 -0.5867 -0.5694
vn 0.5758 -0.5867 -0.5694
vn 0.2939 -0.8983 0.3265
vn -0.2939 -0.8983 0.3265
vn -0.5789 -0.5679 0.5851
vn 0.3093 -0.9100 -0.2762
vn 0.5789 -0.5678 0.5851
vn -0.3093 -0.9100 -0.2762
vn 0.7204 -0.6642 0.1998
vn 0.7204 -0.6642 -0.1998
vn -0.5773 -0.5774 -0.5774
vn 0.5773 -0.5774 0.5774
vn 0.8008 -0.5806 -0.1471
vn 0.8183 -0.3896 -0.4227
vn 0.6867 -0.3312 -0.6471
vn 0.7378 0.4522 -0.5011
vn 0.4906 0.7470 -0.4486
vn 0.5875 0.7697 -0.2497
vn 0.6645 0.7056 0.2461
vn 0.6760 0.7364 0.0270
vn 0.8521 0.4617 0.2466
vn 0.8421 0.1972 0.5019
vn 0.9339 0.0970 0.3441
vn 0.9178 -0.3828 0.1057
vn 0.5928 0.6347 0.4957
vn 0.5103 0.8191 -0.2619
vn 0.5928 -0.6347 0.4957
vn 0.5103 -0.8191 -0.2618
vn 0.7376 0.1924 -0.6473
vn 0.8813 -0.0000 0.4725
vn -0.7302 -0.4299 -0.5311
vn -0.6415 0.7305 -0.2342
vn -0.5405 -0.3286 -0.7745
vn -0.8206 -0.5352 -0.2003
vn -0.7852 -0.5188 -0.3381
vn 0.1249 -0.4625 -0.8778
vn 0.5405 -0.3285 -0.7745
vn 0.7471 -0.6494 -0.1418
vn 0.6192 -0.6578 -0.4287
vn -0.2310 0.0442 -0.9719
vn 0.1816 -0.5493 -0.8156
vn -0.5798 -0.5223 -0.6254
vn -0.8206 -0.5352 -0.2002
vn -0.0494 -0.9662 -0.2530
vn -0.6034 -0.6713 -0.4303
vn 0.2010 -0.9467 0.2517
vn 0.2010 -0.9467 -0.2517
vn -0.6035 -0.6713 0.4303
vn 0.6035 -0.6713 0.4303
vn 0.5578 -0.5408 -0.6296
vn -0.5578 -0.5408 -0.6296
vn -0.5774 -0.7071 0.4083
vn 0.5773 -0.7071 0.4082
vn -0.5773 -0.4083 -0.7071
vn 0.5774 -0.4082 -0.7071
vn -0.5774 0.5773 -0.5774
vn 0.5774 -0.5773 -0.5773
vn 0.5774 0.5773 0.5773
vn -0.5773 0.5773 0.5774
vn -0.5774 -0.5774 0.5773
vn -0.5792 -0.7837 -0.2243
vn -0.5792 0.1976 -0.7909
vn 0.8709 0.3976 -0.2888
vn 0.8709 0.1519 -0.4674
vn 0.2532 0.7827 -0.5686
vn 0.2532 0.2990 -0.9201
vn 0.8709 -0.1519 -0.4674
vn 0.2532 -0.2990 -0.9201
vn 0.8709 -0.3976 -0.2888
vn 0.2532 -0.7827 -0.5686
vn 0.8709 -0.4914 -0.0000
vn 0.2531 -0.9674 -0.0000
vn 0.8709 -0.3976 0.2888
vn 0.2532 -0.7827 0.5686
vn 0.8709 -0.1519 0.4674
vn 0.2532 -0.2990 0.9201
vn 0.8709 0.1519 0.4674
vn 0.2532 0.2990 0.9201
vn 0.8709 0.3976 0.2888
vn 0.2532 0.7827 0.5686
vn 0.8709 0.4914 -0.0000
vn 0.2531 0.9674 -0.0000
vn -0.2532 0.7827 -0.5686
vn -0.2532 0.2990 -0.9201
vn -0.2532 -0.2990 -0.9201
vn -0.2532 -0.7827 -0.5686
vn -0.2531 -0.9674 -0.0000
vn -0.2532 -0.7827 0.5686
vn -0.2532 -0.2990 0.9201
vn -0.2532 0.2990 0.9201
vn -0.2532 0.7827 0.5686
vn -0.2531 0.9674 -0.0000
vn -0.8709 0.3976 -0.2888
vn -0.8709 0.1519 -0.4674
vn -0.8709 -0.1519 -0.4674
vn -0.8709 -0.3976 -0.2888
vn -0.8709 -0.4914 -0.0000
vn -0.8709 -0.3976 0.2888
vn -0.8709 -0.1519 0.4674
vn -0.8709 0.1519 0.4674
vn -0.8709 0.3976 0.2888
vn -0.8709 0.4914 -0.0000
vn 1.0000 -0.0000 -0.0000
vn -1.0000 -0.0000 -0.0000
vn -0.8709 0.3976 0.2889
vn -0.2531 0.7827 0.5686
vn -0.2531 0.2990 0.9201
vn -0.2531 -0.2989 0.9201
vn -0.8709 -0.3976 0.2889
vn -0.2531 -0.7827 0.5686
vn -0.8709 -0.3976 -0.2889
vn -0.2531 -0.7827 -0.5686
vn -0.2531 -0.2990 -0.9201
vn -0.2531 0.2989 -0.9201
vn -0.8709 0.3976 -0.2889
vn -0.2531 0.7827 -0.5686
vn 0.2531 0.7827 0.5686
vn 0.2531 0.2989 0.9201
vn 0.2531 -0.2990 0.9201
vn 0.2531 -0.7827 0.5686
vn 0.2531 -0.7827 -0.5686
vn 0.2531 -0.2989 -0.9201
vn 0.2531 0.2990 -0.9201
vn 0.2531 0.7827 -0.5686
vn 0.8709 0.3976 0.2889
vn 0.8709 -0.3976 0.2889
vn 0.8709 -0.3976 -0.2889
vn 0.8709 0.3976 -0.2889
vn -0.8709 0.4915 -0.0000
vn 0.8709 -0.4915 -0.0000
vt 0.910351 0.398085
vt 0.896391 0.398085
vt 0.910351 0.406371
vt 0.896391 0.406416
vt 0.861728 0.695382
vt 0.878443 0.682599
vt 0.861653 0.407965
vt 0.878443 0.407965
vt 0.949244 0.430529
vt 0.921775 0.438097
vt 0.947441 0.459128
vt 0.921775 0.452057
vt 0.961753 0.458480
vt 0.961741 0.429531
vt 0.955426 0.457301
vt 0.953410 0.429531
vt 0.953410 0.456999
vt 0.927483 0.469542
vt 0.896391 0.460976
vt 0.927483 0.483502
vt 0.896950 0.491914
vt 0.896390 0.485274
vt 0.984502 0.460623
vt 0.984502 0.429531
vt 0.973257 0.460623
vt 0.962201 0.429531
vt 0.962213 0.458566
vt 0.973879 0.422383
vt 0.973879 0.398085
vt 0.962633 0.398085
vt 0.815436 0.734685
vt 0.837827 0.713660
vt 0.815436 0.407965
vt 0.860720 0.407965
vt 0.860795 0.696095
vt 0.896391 0.429178
vt 0.910351 0.429178
vt 0.896391 0.406876
vt 0.910351 0.406831
vt 0.291350 0.566433
vt 0.299730 0.560294
vt 0.291350 0.554421
vt 0.299730 0.552174
vt 0.353876 0.566433
vt 0.353876 0.554421
vt 0.354982 0.560294
vt 0.354982 0.552174
vt 0.487934 0.476900
vt 0.485341 0.534240
vt 0.122574 0.472017
vt 0.123039 0.529398
vt 0.122781 0.472775
vt 0.124610 0.415425
vt 0.488141 0.477658
vt 0.486912 0.420267
vt 0.485547 0.534998
vt 0.155182 0.530583
vt 0.153384 0.519064
vt 0.134734 0.518815
vt 0.132663 0.530282
vt 0.123245 0.530156
vt 0.511810 0.730024
vt 0.500439 0.737849
vt 0.542198 0.829919
vt 0.514495 0.844334
vt 0.486383 0.847095
vt 0.486383 0.737849
vt 0.458272 0.844334
vt 0.472328 0.737849
vt 0.430569 0.829919
vt 0.460956 0.730024
vt 0.412787 0.813034
vt 0.449585 0.722199
vt 0.440898 0.696877
vt 0.395414 0.762390
vt 0.445242 0.709538
vt 0.396074 0.784950
vt 0.074833 0.816558
vt 0.124509 0.939697
vt 0.084321 0.816558
vt 0.129253 0.939697
vt 0.093808 0.816558
vt 0.133997 0.939697
vt 0.143484 0.816558
vt 0.158835 0.939697
vt 0.189536 0.939697
vt 0.214374 0.939697
vt 0.204887 0.816558
vt 0.254563 0.816558
vt 0.264051 0.816558
vt 0.219118 0.939697
vt 0.559980 0.813034
vt 0.576692 0.784950
vt 0.523182 0.722199
vt 0.527525 0.709538
vt 0.571169 0.868838
vt 0.528550 0.885306
vt 0.486383 0.890254
vt 0.444216 0.885306
vt 0.375989 0.838356
vt 0.401597 0.868838
vt 0.409857 0.864476
vt 0.362882 0.812770
vt 0.349928 0.762390
vt 0.025157 0.677132
vt 0.048294 0.677132
vt 0.071430 0.677132
vt 0.128133 0.677132
vt 0.220238 0.677132
vt 0.276941 0.677132
vt 0.300077 0.677132
vt 0.609885 0.812770
vt 0.596778 0.838356
vt 0.746054 0.040671
vt 0.746054 0.072284
vt 0.950062 0.048839
vt 0.950062 0.072284
vt 0.129294 0.298777
vt 0.129294 0.323864
vt 0.349070 0.290897
vt 0.171052 0.323864
vt 0.198524 0.323864
vt 0.239182 0.323864
vt 0.349070 0.323864
vt 0.129294 0.389699
vt 0.349070 0.397579
vt 0.129294 0.364612
vt 0.171052 0.364612
vt 0.198524 0.364612
vt 0.239182 0.364612
vt 0.349070 0.364612
vt 0.531301 0.130532
vt 0.531509 0.132876
vt 0.315130 0.130532
vt 0.315130 0.132876
vt 0.531395 0.122728
vt 0.315130 0.122728
vt 0.531345 0.130532
vt 0.530592 0.040671
vt 0.315130 0.054285
vt 0.530592 0.072284
vt 0.315130 0.072284
vt 0.788622 0.290897
vt 0.568846 0.290897
vt 0.788622 0.323864
vt 0.568846 0.323864
vt 0.788622 0.397579
vt 0.788622 0.364612
vt 0.568846 0.397579
vt 0.568846 0.364612
vt 0.530592 0.009058
vt 0.315130 0.036286
vt 0.315130 0.108283
vt 0.256955 0.113377
vt 0.256955 0.124386
vt 0.054209 0.293826
vt 0.059905 0.289198
vt 0.096793 0.295537
vt 0.102489 0.291073
vt 0.256955 0.128642
vt 0.315355 0.096158
vt 0.256955 0.103201
vt 0.256955 0.067722
vt 0.256955 0.081360
vt 0.847962 0.330655
vt 0.847962 0.296222
vt 0.847962 0.392254
vt 0.847962 0.357821
vt 0.256955 0.054083
vt 0.140605 0.125441
vt 0.140605 0.118674
vt 0.187145 0.125019
vt 0.187145 0.119614
vt 0.161651 0.127111
vt 0.153916 0.129755
vt 0.140605 0.126090
vt 0.140605 0.128824
vt 0.140605 0.116585
vt 0.187145 0.112620
vt 0.187145 0.087350
vt 0.140605 0.100674
vt 0.187145 0.097315
vt 0.140605 0.106674
vt 0.919169 0.334730
vt 0.966641 0.337446
vt 0.919169 0.311183
vt 0.966641 0.326458
vt 0.919169 0.353746
vt 0.919169 0.377292
vt 0.966641 0.351029
vt 0.966641 0.362018
vt 0.174186 0.964669
vt 0.223862 0.939697
vt 0.725857 0.233626
vt 0.716580 0.240366
vt 0.695836 0.211815
vt 0.707303 0.247106
vt 0.695836 0.247106
vt 0.684370 0.247106
vt 0.665816 0.233626
vt 0.675093 0.240366
vt 0.662273 0.222720
vt 0.658729 0.211815
vt 0.662273 0.200910
vt 0.665816 0.190004
vt 0.725857 0.190004
vt 0.729400 0.200910
vt 0.732943 0.211815
vt 0.729400 0.222720
vt 0.003026 0.292443
vt 0.008722 0.287682
vt 0.187145 0.077385
vt 0.530634 0.108283
vt 0.530901 0.096158
vt 0.746054 0.108283
vt 0.746054 0.096158
vt 0.531204 0.122728
vt 0.746054 0.122728
vt 0.746054 0.130532
vt 0.531210 0.108283
vt 0.950062 0.013392
vt 0.746054 0.009058
vt 0.577354 0.762390
vt 0.622838 0.762390
vt 0.531868 0.696877
vt 0.273538 0.816558
vt 0.323214 0.677132
vt 0.950062 0.096158
vt 0.896391 0.485274
vt 0.961741 0.429530
vt 0.952639 0.429594
vt 0.950848 0.460066
vt 0.977768 0.429531
vt 0.976538 0.442881
vt 0.953410 0.460395
vt 0.976560 0.460009
vt 0.904671 0.537561
vt 0.906868 0.594956
vt 0.961007 0.537561
vt 0.961007 0.721859
vt 0.931485 0.720569
vt 0.906799 0.719366
vt 0.910351 0.422151
vt 0.896391 0.422443
vt 0.609127 0.040671
vt 0.546108 0.040671
vt 0.605742 0.047650
vt 0.562435 0.048916
vt 0.564379 0.047650
vt 0.559055 0.464157
vt 0.569121 0.464157
vt 0.559055 0.492746
vt 0.569121 0.492746
vt 0.572997 0.506595
vt 0.572997 0.496529
vt 0.590619 0.506595
vt 0.601586 0.496529
vt 0.601586 0.525118
vt 0.590619 0.515052
vt 0.572997 0.525118
vt 0.572997 0.515052
vt 0.569121 0.515052
vt 0.569121 0.525118
vt 0.543839 0.515052
vt 0.540532 0.525118
vt 0.540532 0.496529
vt 0.543839 0.506595
vt 0.569121 0.496529
vt 0.569121 0.506595
vt 0.601586 0.464157
vt 0.601586 0.492746
vt 0.572997 0.464157
vt 0.572997 0.492746
vt 0.550598 0.492746
vt 0.540532 0.492746
vt 0.550598 0.464157
vt 0.540532 0.464157
vt 0.572997 0.431959
vt 0.601586 0.431959
vt 0.572997 0.460548
vt 0.601586 0.460548
vt 0.540532 0.460548
vt 0.540532 0.431959
vt 0.569121 0.460548
vt 0.569121 0.431959
vt 0.541986 0.431959
vt 0.541986 0.460548
vt 0.786653 0.454021
vt 0.743006 0.422309
vt 0.782645 0.458305
vt 0.741876 0.428685
vt 0.691483 0.428685
vt 0.689055 0.422309
vt 0.650714 0.458305
vt 0.645409 0.454021
vt 0.635143 0.506231
vt 0.628737 0.505331
vt 0.645409 0.556641
vt 0.650714 0.554157
vt 0.689056 0.588353
vt 0.691483 0.583777
vt 0.741876 0.583777
vt 0.743006 0.588353
vt 0.782645 0.554157
vt 0.786653 0.556641
vt 0.798216 0.506231
vt 0.803326 0.505331
vt 0.660163 0.592625
vt 0.646196 0.592625
vt 0.660163 0.742270
vt 0.646196 0.802656
vt 0.658372 0.802656
vt 0.658372 0.748935
vt 0.674130 0.592625
vt 0.674130 0.711821
vt 0.675920 0.802656
vt 0.688097 0.802656
vt 0.675920 0.712170
vt 0.688097 0.592625
vt 0.702064 0.592625
vt 0.702064 0.802656
vt 0.716031 0.592625
vt 0.716031 0.802656
vt 0.729998 0.592625
vt 0.729998 0.802656
vt 0.743965 0.592625
vt 0.743965 0.802656
vt 0.757932 0.592625
vt 0.757932 0.802656
vt 0.771899 0.592625
vt 0.771899 0.802656
vt 0.785866 0.592625
vt 0.785866 0.802656
vt 0.786653 0.940736
vt 0.772268 0.930284
vt 0.748602 0.968381
vt 0.743735 0.969871
vt 0.737511 0.955536
vt 0.742468 0.970791
vt 0.689594 0.970791
vt 0.694550 0.955536
vt 0.645409 0.940736
vt 0.683460 0.968382
vt 0.659794 0.930284
vt 0.688327 0.969870
vt 0.646519 0.889425
vt 0.628737 0.889425
vt 0.645409 0.838115
vt 0.659794 0.848567
vt 0.689055 0.806404
vt 0.694550 0.823316
vt 0.743006 0.806404
vt 0.737511 0.823316
vt 0.772268 0.848567
vt 0.786653 0.838115
vt 0.785543 0.889425
vt 0.803326 0.889425
vt 0.725241 0.499886
vt 0.744585 0.486249
vt 0.725241 0.496768
vt 0.719233 0.496703
vt 0.726938 0.473427
vt 0.712828 0.496703
vt 0.705124 0.473427
vt 0.706821 0.499886
vt 0.706820 0.496768
vt 0.687477 0.486249
vt 0.712828 0.496704
vt 0.706821 0.506540
vt 0.680736 0.506994
vt 0.706821 0.513269
vt 0.687477 0.527740
vt 0.706821 0.516481
vt 0.712828 0.516416
vt 0.705124 0.540562
vt 0.719233 0.516416
vt 0.726938 0.540562
vt 0.725241 0.513269
vt 0.725241 0.516481
vt 0.744585 0.527740
vt 0.725241 0.506540
vt 0.751326 0.506994
vt 0.745721 0.910996
vt 0.716031 0.885934
vt 0.727371 0.924328
vt 0.704690 0.924328
vt 0.686341 0.910996
vt 0.679332 0.889425
vt 0.686341 0.867855
vt 0.704690 0.854523
vt 0.727371 0.854523
vt 0.745721 0.867855
vt 0.752729 0.889425
vt 0.598813 0.628782
vt 0.588558 0.618526
vt 0.582088 0.628782
vt 0.547532 0.628781
vt 0.564257 0.628781
vt 0.557787 0.618526
vt 0.588558 0.587756
vt 0.557787 0.587756
vt 0.547532 0.577500
vt 0.564257 0.577500
vt 0.598813 0.577500
vt 0.582088 0.577500
vt 0.547532 0.620549
vt 0.547532 0.585733
vt 0.547532 0.603141
vt 0.598813 0.585733
vt 0.598813 0.628781
vt 0.598813 0.620549
vt 0.598813 0.603141
vt 0.564257 0.628782
vt 0.706821 0.496768
vt 0.688327 0.969871
vt 0.748602 0.968382
vt 0.576512 0.496529
vt 0.598531 0.496529
vt 0.576830 0.513550
vt 0.574451 0.496529
vt 0.574907 0.520950
vt 0.597801 0.525118
vt 0.598835 0.512808
vt 0.544047 0.525118
vt 0.544365 0.508097
vt 0.566066 0.525118
vt 0.541986 0.525118
vt 0.542442 0.500697
vt 0.565336 0.496529
vt 0.566370 0.508839
vt 0.540532 0.488962
vt 0.569121 0.488962
vt 0.544047 0.460548
vt 0.544047 0.431959
vt 0.566066 0.460548
vt 0.566066 0.431959
vt 0.066267 0.435484
vt 0.065857 0.472014
vt 0.066502 0.414648
vt 0.065447 0.508514
vt 0.065212 0.529381
vt 0.065950 0.447406
vt 0.087000 0.448543
vt 0.065651 0.471257
vt 0.114695 0.449923
vt 0.124403 0.414667
vt 0.114958 0.427845
vt 0.066371 0.413891
vt 0.066224 0.425561
vt 0.065651 0.471256
vt 0.065192 0.507786
vt 0.064931 0.528621
vt 0.054936 0.972729
vt 0.065389 0.945300
vt 0.056098 0.976331
vt 0.056848 0.976378
vt 0.078015 0.916273
vt 0.017910 0.961271
vt 0.017910 0.954793
vt 0.050653 0.961271
vt 0.064779 0.941471
vt 0.052806 0.966658
vt 0.056082 0.972689
vt 0.057136 0.975956
vt 0.066509 0.945328
vt 0.078168 0.916235
vt 0.065899 0.941499
vt 0.018063 0.954755
vt 0.018063 0.961233
vt 0.051812 0.961233
vt 0.053962 0.966612
vt 0.068226 0.975342
vt 0.068226 0.964468
vt 0.075194 0.975342
vt 0.075194 0.964468
vt 0.067054 0.964468
vt 0.067054 0.975342
vt 0.040839 0.931874
vt 0.040678 0.931874
vt 0.040678 0.922308
vt 0.018742 0.938407
vt 0.018742 0.918896
vt 0.033160 0.938407
vt 0.038253 0.938282
vt 0.038253 0.918896
vt 0.218576 0.458174
vt 0.129969 0.458531
vt 0.166917 0.415235
vt 0.309948 0.417147
vt 0.166792 0.425789
vt 0.309713 0.436920
vt 0.221187 0.436487
vt 0.130195 0.453794
vt 0.161716 0.415166
vt 0.161509 0.432642
vt 0.364120 0.437186
vt 0.486705 0.419509
vt 0.380275 0.437498
vt 0.313138 0.459247
vt 0.379271 0.459997
vt 0.312995 0.471238
vt 0.309448 0.459205
vt 0.309291 0.472426
vt 0.312016 0.472637
vt 0.313403 0.436938
vt 0.313638 0.417196
vt 0.123423 0.662735
vt 0.124624 0.561771
vt 0.065401 0.654751
vt 0.066614 0.552738
vt 0.077958 0.630021
vt 0.088465 0.630162
vt 0.077914 0.633697
vt 0.066607 0.559618
vt 0.066698 0.551973
vt 0.089300 0.559921
vt 0.124633 0.560994
vt 0.123432 0.661958
vt 0.065393 0.661758
vt 0.069898 0.633590
vt 0.065772 0.629858
vt 0.069942 0.629914
vt 0.196482 0.552600
vt 0.245719 0.552600
vt 0.203081 0.557435
vt 0.246591 0.557435
vt 0.134035 0.562459
vt 0.133710 0.589810
vt 0.136085 0.591149
vt 0.308999 0.662598
vt 0.165951 0.662105
vt 0.309487 0.621586
vt 0.160750 0.662087
vt 0.161590 0.591472
vt 0.153896 0.585153
vt 0.166812 0.589714
vt 0.156323 0.582198
vt 0.156516 0.565959
vt 0.486323 0.617316
vt 0.485777 0.663208
vt 0.312690 0.662611
vt 0.313192 0.620339
vt 0.485768 0.663985
vt 0.486314 0.618093
vt 0.266957 0.904343
vt 0.266957 0.884551
vt 0.293383 0.903713
vt 0.293383 0.884551
vt 0.349215 0.950686
vt 0.350153 0.950686
vt 0.349215 0.970260
vt 0.350153 0.970260
vt 0.362698 0.970260
vt 0.362698 0.950686
vt 0.263074 0.943144
vt 0.340247 0.943144
vt 0.263074 0.938078
vt 0.341782 0.946983
vt 0.368775 0.870336
vt 0.262805 0.943728
vt 0.262805 0.938662
vt 0.338086 0.943728
vt 0.340627 0.950086
vt 0.368507 0.870921
vt 0.035673 0.471417
vt 0.035694 0.470856
vt 0.033865 0.528207
vt 0.067114 0.467538
vt 0.067233 0.472033
vt 0.063767 0.414611
vt 0.065474 0.438626
vt 0.067366 0.476574
vt 0.067366 0.476573
vt 0.067331 0.529409
vt 0.035749 0.470288
vt 0.041533 0.413560
vt 0.274014 0.541886
vt 0.272412 0.550776
vt 0.194013 0.541886
vt 0.181880 0.550776
vt 0.194013 0.559666
vt 0.274014 0.559666
vt 0.068813 0.552302
vt 0.045829 0.642070
vt 0.040552 0.661672
vt 0.034238 0.662427
vt 0.063884 0.552313
vt 0.204700 0.098795
vt 0.249404 0.102564
vt 0.250862 0.101364
vt 0.250823 0.101178
vt 0.250808 0.100989
vt 0.247544 0.098795
vt 0.195361 0.098795
vt 0.191888 0.101154
vt 0.191859 0.101178
vt 0.191892 0.101201
vt 0.195781 0.103560
vt 0.248242 0.103560
vt 0.569121 0.517736
vt 0.540532 0.517736
vt 0.561739 0.464157
vt 0.561739 0.492746
vt 0.601586 0.517736
vt 0.572997 0.517736
vt 0.561739 0.431959
vt 0.561739 0.460548
vt 0.572997 0.503911
vt 0.601586 0.503911
vt 0.540532 0.503911
vt 0.569121 0.503911
vt 0.547914 0.492746
vt 0.547914 0.464157
vt 0.547914 0.460548
vt 0.547914 0.431959
vt 0.481491 0.230984
vt 0.481491 0.262951
vt 0.449524 0.230984
vt 0.449524 0.262951
vt 0.413223 0.262951
vt 0.413223 0.230984
vt 0.445190 0.262951
vt 0.445190 0.230984
vt 0.481491 0.226754
vt 0.449524 0.226754
vt 0.481491 0.194787
vt 0.449524 0.194787
vt 0.413223 0.226754
vt 0.413223 0.194787
vt 0.445190 0.226754
vt 0.445190 0.194787
vt 0.449524 0.190751
vt 0.449524 0.158784
vt 0.481491 0.190751
vt 0.481491 0.158784
vt 0.413223 0.190751
vt 0.413223 0.158784
vt 0.445190 0.190751
vt 0.445190 0.158784
vt 0.950062 0.122728
vt 0.950062 0.130532
vt 0.950062 0.132876
vt 0.746054 0.132876
vt 0.950062 0.108283
vt 0.693375 0.040671
vt 0.696760 0.047650
vt 0.707054 0.047650
vt 0.709566 0.049779
vt 0.742092 0.053911
vt 0.736470 0.058046
vt 0.558741 0.051298
vt 0.540753 0.040671
vt 0.554669 0.053911
vt 0.734147 0.060172
vt 0.564378 0.060172
vt 0.561113 0.058046
vt 0.532454 0.035769
vt 0.533382 0.034245
vt 0.681189 0.015549
vt 0.621313 0.015549
vt 0.140605 0.094674
vt 0.486383 0.696877
vt 0.684370 0.176524
vt 0.707303 0.176524
vt 0.313717 0.263097
vt 0.362381 0.263097
vt 0.333450 0.254895
vt 0.342648 0.254895
vt 0.313717 0.230289
vt 0.333450 0.245052
vt 0.362381 0.230289
vt 0.342648 0.245052
vt 0.328379 0.240014
vt 0.353379 0.240014
vt 0.353379 0.255678
vt 0.328379 0.255678
vt 0.706666 0.047650
vt 0.709352 0.049927
vt 0.740715 0.053911
vt 0.558757 0.051308
vt 0.554700 0.053911
vt 0.735294 0.057898
vt 0.732810 0.060172
vt 0.564406 0.060172
vt 0.560913 0.057898
vt 0.532454 0.035768
vt 0.561864 0.460586
vt 0.540468 0.460586
vt 0.561864 0.431959
vt 0.540468 0.431959
vt 0.592661 0.525118
vt 0.571173 0.525118
vt 0.592661 0.496491
vt 0.571173 0.496491
vt 0.567636 0.496490
vt 0.567636 0.525118
vt 0.540468 0.496490
vt 0.540468 0.525118
vt 0.540468 0.492733
vt 0.540468 0.464105
vt 0.540791 0.487176
vt 0.540791 0.469662
vt 0.561864 0.492733
vt 0.542676 0.487176
vt 0.561956 0.464105
vt 0.542676 0.469662
vt 0.592661 0.492733
vt 0.571173 0.492733
vt 0.592568 0.464105
vt 0.573380 0.487176
vt 0.571496 0.487176
vt 0.571173 0.464105
vt 0.571496 0.469662
vt 0.573380 0.469662
vt 0.195270 0.098795
vt 0.191808 0.101147
vt 0.191769 0.101178
vt 0.191813 0.101208
vt 0.195690 0.103560
vt 0.249235 0.102550
vt 0.248056 0.103560
vt 0.250667 0.101371
vt 0.250626 0.101178
vt 0.250611 0.100982
vt 0.247358 0.098795
vt 0.065196 0.552517
vt 0.035604 0.662432
vt 0.070130 0.552507
vt 0.047247 0.641884
vt 0.041918 0.661677
vt 0.037133 0.470132
vt 0.042899 0.413578
vt 0.037061 0.470874
vt 0.037133 0.470133
vt 0.068650 0.529426
vt 0.068685 0.476758
vt 0.068547 0.472050
vt 0.065081 0.414629
vt 0.066813 0.438988
vt 0.068424 0.467390
vt 0.035230 0.528225
vt 0.037034 0.471607
vt 0.037060 0.470875
vt 0.051688 0.963860
vt 0.051288 0.962860
vt 0.052825 0.963769
vt 0.052434 0.962789
vt 0.309879 0.422980
vt 0.309836 0.426652
vt 0.313404 0.436938
vt 0.313528 0.426503
vt 0.313138 0.459246
vt 0.312996 0.471238
vt 0.379272 0.459997
vt 0.309835 0.426652
vt 0.161717 0.415166
vt 0.313570 0.422908
vt 0.313527 0.426503
vt 0.313571 0.422908
vt 0.312689 0.662611
vt 0.063663 0.629830
vt 0.063283 0.661750
vt 0.064498 0.559589
vt 0.088311 0.559908
vt 0.064593 0.551645
vt 0.087476 0.630148
vt 0.064508 0.552410
vt 0.063198 0.662527
vt 0.062821 0.528593
vt 0.063066 0.509112
vt 0.063541 0.471228
vt 0.064261 0.413863
vt 0.064116 0.425463
vt 0.063842 0.447292
vt 0.063322 0.509838
vt 0.063748 0.471986
vt 0.063103 0.529352
vt 0.064173 0.434102
vt 0.064392 0.414620
vt 0.520272 0.186478
vt 0.520272 0.167593
vt 0.535226 0.180471
vt 0.539380 0.178124
vt 0.539380 0.180495
vt 0.536587 0.178124
vt 0.536587 0.173567
vt 0.539380 0.167593
vt 0.539380 0.173567
vt 0.539157 0.194508
vt 0.533150 0.209462
vt 0.520272 0.194508
vt 0.533174 0.213615
vt 0.520272 0.213615
vt 0.574231 0.186413
vt 0.574231 0.167529
vt 0.588673 0.186413
vt 0.588673 0.167529
vt 0.548173 0.213615
vt 0.551929 0.194508
vt 0.570126 0.213615
vt 0.566370 0.194508
vt 0.574231 0.187050
vt 0.588673 0.187050
vt 0.539794 0.194508
vt 0.533787 0.209462
vt 0.533811 0.213615
vt 0.520272 0.187115
vt 0.535226 0.181108
vt 0.539380 0.173005
vt 0.536587 0.173005
vt 0.539380 0.181132
vt 0.539380 0.177562
vt 0.536587 0.177562
vt 0.544365 0.508096
vt 0.562450 0.048923
vt 0.564407 0.047650
vt 0.896391 0.421483
vt 0.910351 0.421191
vt 0.906918 0.537561
vt 0.909115 0.594956
vt 0.909047 0.719476
vt 0.976808 0.429531
vt 0.975578 0.442881
vt 0.975600 0.460025
vt 0.952639 0.429593
vt 0.949106 0.854625
vt 0.921121 0.834293
vt 0.959650 0.847053
vt 0.925149 0.821986
vt 0.886530 0.834293
vt 0.882502 0.821986
vt 0.858545 0.854625
vt 0.848001 0.847053
vt 0.847856 0.887523
vt 0.834822 0.887612
vt 0.858545 0.920421
vt 0.848001 0.928171
vt 0.886530 0.940754
vt 0.882502 0.953238
vt 0.921121 0.940754
vt 0.925149 0.953238
vt 0.949106 0.920421
vt 0.959650 0.928171
vt 0.959795 0.887523
vt 0.972829 0.887612
vt 0.939398 0.750898
vt 0.942546 0.750898
vt 0.939398 0.798239
vt 0.942546 0.798239
vt 0.945694 0.750898
vt 0.945694 0.798239
vt 0.948842 0.750898
vt 0.948842 0.798239
vt 0.951990 0.750898
vt 0.951990 0.798239
vt 0.955138 0.750898
vt 0.955138 0.798239
vt 0.958286 0.750898
vt 0.958286 0.798239
vt 0.961435 0.750898
vt 0.961435 0.798239
vt 0.964583 0.750898
vt 0.964583 0.798239
vt 0.967731 0.750898
vt 0.967731 0.798239
vt 0.970879 0.750898
vt 0.970879 0.798239
vt 0.959650 0.928401
vt 0.925149 0.953468
vt 0.949106 0.920796
vt 0.921121 0.941128
vt 0.882502 0.953468
vt 0.886530 0.941128
vt 0.848001 0.928401
vt 0.858545 0.920796
vt 0.834822 0.887842
vt 0.847856 0.887898
vt 0.848001 0.847283
vt 0.858545 0.854999
vt 0.882502 0.822216
vt 0.886530 0.834667
vt 0.925149 0.822216
vt 0.921121 0.834667
vt 0.959650 0.847283
vt 0.949106 0.854999
vt 0.972829 0.887842
vt 0.959795 0.887898
vt 0.903826 0.884851
vt 0.903825 0.885082
vt 0.858545 0.920422
vt 0.949106 0.920422
vt 0.939397 0.750898
vt 0.939397 0.798239
vt 0.903825 0.884851
s 1
usemtl lambert4SG
f 2/1/1 3/2/2 1/3/3
f 1/3/3 3/2/2 4/4/4
f 5/5/5 6/6/6 1/7/3
f 1/7/3 6/6/6 2/8/1
f 7/9/7 3/10/2 6/11/6
f 6/11/6 3/10/2 2/12/1
f 9/13/8 4/14/4 8/15/9
f 3/16/2 7/17/7 4/14/4
f 4/14/4 7/17/7 8/15/9
f 12/18/10 13/19/11 11/20/12
f 10/21/13 11/20/12 14/22/14
f 11/20/12 13/19/11 14/22/14
f 13/23/11 12/24/10 16/25/15
f 12/24/10 17/26/16 16/25/15
f 15/27/17 16/25/15 17/26/16
f 14/28/14 13/29/11 16/30/15
f 10/31/13 19/32/18 11/33/12
f 11/33/12 19/32/18 18/34/19
f 18/34/19 19/32/18 20/35/20
f 12/36/10 11/37/12 17/38/16
f 17/38/16 11/37/12 18/39/19
f 21/40/21 22/41/22 23/42/23
f 23/42/23 22/41/22 24/43/24
f 25/44/25 26/45/26 27/46/27
f 27/46/27 26/45/26 28/47/28
f 21/48/21 31/49/29 29/50/30
f 29/50/30 31/49/29 30/51/31
f 32/52/32 33/53/33 25/54/25
f 25/54/25 33/53/33 34/55/34
f 25/54/25 27/56/27 32/52/32
f 35/57/35 39/58/36 27/56/27
f 27/56/27 39/58/36 32/52/32
f 39/58/36 38/59/37 32/52/32
f 38/59/37 37/60/38 32/52/32
f 37/60/38 36/61/39 32/52/32
f 40/62/40 41/63/41 42/64/42
f 42/64/42 41/63/41 43/65/43
f 44/66/44 45/67/45 46/68/46
f 46/68/46 45/67/45 47/69/47
f 48/70/48 49/71/49 50/72/50
f 50/72/50 49/71/49 51/73/51
f 52/74/52 53/75/53 54/76/54
f 54/76/54 53/75/53 55/77/55
f 53/78/53 52/79/52 56/80/56
f 56/80/56 52/79/52 57/81/57
f 59/82/58 61/83/59 58/84/60
f 58/84/60 61/83/59 60/85/61
f 63/86/62 65/87/63 62/88/64
f 62/88/64 65/87/63 64/89/65
f 67/90/66 64/89/65 66/91/67
f 66/91/67 64/89/65 65/87/63
f 68/92/68 69/93/69 70/94/70
f 70/94/70 69/93/69 71/95/71
f 72/96/72 42/64/42 73/97/73
f 73/97/73 42/64/42 43/65/43
f 44/66/44 46/68/46 74/98/74
f 74/98/74 46/68/46 75/99/75
f 77/100/76 78/101/77 50/72/50
f 78/101/77 76/102/78 50/72/50
f 76/102/78 48/70/48 50/72/50
f 80/103/79 55/77/55 79/104/80
f 79/104/80 55/77/55 53/75/53
f 79/105/80 53/78/53 81/106/81
f 81/106/81 53/78/53 56/80/56
f 83/107/82 59/82/58 82/108/83
f 82/108/83 59/82/58 58/84/60
f 62/88/64 64/89/65 84/109/84
f 84/109/84 64/89/65 85/110/85
f 86/111/86 85/110/85 67/90/66
f 67/90/66 85/110/85 64/89/65
f 69/93/69 68/92/68 87/112/87
f 87/112/87 68/92/68 88/113/88
f 89/114/89 90/115/90 81/116/81
f 81/116/81 90/115/90 79/117/80
f 83/118/82 82/119/83 92/120/91
f 82/119/83 95/121/92 92/120/91
f 95/121/92 94/122/93 92/120/91
f 94/122/93 93/123/94 92/120/91
f 93/123/94 91/124/95 92/120/91
f 85/125/85 98/126/96 84/127/84
f 84/127/84 98/126/96 100/128/97
f 100/128/97 98/126/96 99/129/98
f 99/129/98 98/126/96 97/130/99
f 98/126/96 96/131/100 97/130/99
f 101/132/101 102/133/102 103/134/103
f 103/134/103 102/133/102 104/135/104
f 105/136/105 106/137/106 107/138/107
f 107/138/107 106/137/106 108/134/108
f 110/139/109 112/140/110 109/141/111
f 109/141/111 112/140/110 111/142/112
f 113/143/113 114/144/114 115/145/115
f 115/145/115 114/144/114 116/146/116
f 117/147/117 118/148/118 119/149/119
f 119/149/119 118/148/118 120/150/120
f 119/151/119 121/139/121 117/152/117
f 117/152/117 121/139/121 122/140/122
f 123/153/123 124/137/124 125/154/125
f 125/154/125 124/137/124 126/155/126
f 128/156/127 130/157/128 127/158/129
f 127/158/129 130/157/128 129/159/130
f 106/137/106 131/155/131 108/134/108
f 108/134/108 131/155/131 132/160/132
f 133/161/133 134/162/134 135/153/135
f 135/153/135 134/162/134 136/154/136
f 112/140/110 137/163/137 111/142/112
f 111/142/112 137/163/137 138/164/138
f 115/145/115 140/165/139 113/143/113
f 113/143/113 140/165/139 139/166/140
f 141/167/141 142/168/142 117/147/117
f 117/147/117 142/168/142 118/148/118
f 143/163/143 141/169/141 122/140/122
f 122/140/122 141/169/141 117/152/117
f 144/142/144 145/161/145 146/164/146
f 146/164/146 145/161/145 147/162/147
f 149/170/148 151/171/149 148/172/150
f 148/172/150 151/171/149 150/173/151
f 152/174/152 153/175/153 154/176/154
f 154/176/154 153/175/153 155/177/155
f 157/176/156 159/174/157 156/170/158
f 156/170/158 159/174/157 158/172/159
f 161/171/160 163/173/161 160/178/162
f 160/178/162 163/173/161 162/179/163
f 165/180/164 167/181/165 164/182/166
f 164/182/166 167/181/165 166/183/167
f 168/184/168 169/185/169 170/186/170
f 170/186/170 169/185/169 171/187/171
f 172/188/172 173/189/173 174/190/174
f 174/190/174 173/189/173 175/191/175
f 177/178/176 179/183/177 176/179/178
f 176/179/178 179/183/177 178/182/179
f 52/79/52 180/192/180 57/81/57
f 180/192/180 61/83/59 57/81/57
f 181/193/181 66/91/67 180/192/180
f 66/91/67 65/87/63 180/192/180
f 151/194/149 149/195/148 182/196/182
f 149/195/148 154/197/154 182/196/182
f 154/197/154 155/198/155 182/196/182
f 155/198/155 157/199/156 182/196/182
f 161/200/160 182/196/182 156/201/158
f 182/196/182 157/199/156 156/201/158
f 161/200/160 160/202/162 182/196/182
f 160/202/162 166/203/167 182/196/182
f 166/203/167 167/204/165 182/196/182
f 167/204/165 171/205/171 182/196/182
f 175/206/175 183/207/183 182/196/182
f 183/207/183 179/208/177 182/196/182
f 151/194/149 182/196/182 177/209/176
f 182/196/182 179/208/177 177/209/176
f 125/154/125 126/155/126 150/173/151
f 150/173/151 126/155/126 148/172/150
f 184/210/184 185/211/185 128/156/127
f 128/156/127 185/211/185 130/157/128
f 159/174/157 132/160/132 158/172/159
f 158/172/159 132/160/132 131/155/131
f 134/162/134 162/179/163 136/154/136
f 136/154/136 162/179/163 163/173/161
f 137/163/137 165/180/164 138/164/138
f 138/164/138 165/180/164 164/182/166
f 140/165/139 168/184/168 139/166/140
f 139/166/140 168/184/168 170/186/170
f 173/189/173 172/188/172 141/167/141
f 141/167/141 172/188/172 142/168/142
f 186/180/186 173/212/173 143/163/143
f 143/163/143 173/212/173 141/169/141
f 127/158/129 129/159/130 104/135/104
f 104/135/104 129/159/130 103/134/103
f 108/134/108 132/160/132 187/159/187
f 187/159/187 132/160/132 188/157/188
f 103/134/103 129/159/130 189/160/189
f 189/160/189 129/159/130 130/157/128
f 132/160/132 159/174/157 188/157/188
f 188/157/188 159/174/157 190/211/190
f 184/210/184 153/175/153 185/211/185
f 185/211/185 153/175/153 152/174/152
f 189/160/189 130/157/128 152/174/152
f 152/174/152 130/157/128 185/211/185
f 191/213/191 192/214/192 193/215/193
f 193/215/193 192/214/192 194/216/194
f 192/214/192 191/213/191 145/161/145
f 145/161/145 191/213/191 123/153/123
f 145/161/145 123/153/123 147/162/147
f 147/162/147 123/153/123 125/154/125
f 147/162/147 125/154/125 176/179/178
f 176/179/178 125/154/125 150/173/151
f 176/179/178 150/173/151 177/178/176
f 177/178/176 150/173/151 151/171/149
f 195/217/195 196/218/196 101/132/101
f 101/132/101 196/218/196 197/219/197
f 103/134/103 124/137/124 101/132/101
f 101/132/101 124/137/124 195/217/195
f 124/137/124 103/134/103 126/155/126
f 126/155/126 103/134/103 189/160/189
f 152/174/152 148/172/150 189/160/189
f 189/160/189 148/172/150 126/155/126
f 154/176/154 149/170/148 152/174/152
f 152/174/152 149/170/148 148/172/150
f 107/138/107 108/134/108 102/133/102
f 102/133/102 108/134/108 104/135/104
f 108/134/108 187/159/187 104/135/104
f 104/135/104 187/159/187 127/158/129
f 187/159/187 188/157/188 127/158/129
f 127/158/129 188/157/188 128/156/127
f 184/210/184 128/156/127 190/211/190
f 190/211/190 128/156/127 188/157/188
f 184/210/184 190/211/190 153/175/153
f 153/175/153 190/211/190 159/174/157
f 159/174/157 157/176/156 153/175/153
f 153/175/153 157/176/156 155/177/155
f 106/137/106 105/136/105 135/153/135
f 135/153/135 105/136/105 198/220/198
f 135/153/135 136/154/136 106/137/106
f 106/137/106 136/154/136 131/155/131
f 136/154/136 163/173/161 131/155/131
f 131/155/131 163/173/161 158/172/159
f 163/173/161 161/171/160 158/172/159
f 158/172/159 161/171/160 156/170/158
f 134/162/134 133/161/133 138/164/138
f 138/164/138 133/161/133 111/142/112
f 164/182/166 166/183/167 162/179/163
f 162/179/163 166/183/167 160/178/162
f 86/116/86 199/114/199 85/221/85
f 85/221/85 199/114/199 98/222/96
f 201/223/200 69/93/69 200/224/201
f 200/224/201 69/93/69 87/112/87
f 69/93/69 201/223/200 71/95/71
f 71/95/71 201/223/200 181/225/181
f 68/92/68 42/64/42 88/113/88
f 88/113/88 42/64/42 72/96/72
f 42/64/42 68/92/68 40/62/40
f 40/62/40 68/92/68 70/94/70
f 73/97/73 43/65/43 74/98/74
f 74/98/74 43/65/43 44/66/44
f 44/66/44 43/65/43 45/67/45
f 45/67/45 43/65/43 41/63/41
f 78/101/77 75/99/75 76/102/78
f 75/99/75 46/68/46 76/102/78
f 46/68/46 48/70/48 76/102/78
f 46/68/46 47/69/47 48/70/48
f 48/70/48 47/69/47 49/71/49
f 77/100/76 50/72/50 80/103/79
f 80/103/79 50/72/50 55/77/55
f 50/72/50 51/73/51 55/77/55
f 55/77/55 51/73/51 54/76/54
f 66/91/67 181/193/181 67/90/66
f 67/90/66 181/193/181 201/226/200
f 200/227/201 86/111/86 201/226/200
f 201/226/200 86/111/86 67/90/66
f 144/142/144 122/140/122 202/141/202
f 202/141/202 122/140/122 121/139/121
f 122/140/122 144/142/144 143/163/143
f 143/163/143 144/142/144 146/164/146
f 143/163/143 146/164/146 186/180/186
f 186/180/186 146/164/146 178/182/179
f 179/183/177 183/181/183 178/182/179
f 178/182/179 183/181/183 186/180/186
f 61/83/59 59/82/58 57/81/57
f 57/81/57 59/82/58 56/80/56
f 81/106/81 56/80/56 83/107/82
f 83/107/82 56/80/56 59/82/58
f 81/116/81 83/221/82 89/114/89
f 89/114/89 83/221/82 92/222/91
f 114/151/114 113/152/113 110/139/109
f 110/139/109 113/152/113 112/140/110
f 113/152/113 139/169/140 112/140/110
f 112/140/110 139/169/140 137/163/137
f 139/169/140 170/212/170 137/163/137
f 137/163/137 170/212/170 165/180/164
f 203/115/203 200/117/201 194/216/194
f 194/216/194 200/117/201 87/228/87
f 124/137/124 123/153/123 195/217/195
f 195/217/195 123/153/123 191/213/191
f 205/54/204 209/52/205 204/56/206
f 206/57/207 204/56/206 211/58/208
f 204/56/206 209/52/205 211/58/208
f 211/58/208 209/52/205 210/59/209
f 210/59/209 209/52/205 208/60/210
f 209/52/205 207/61/211 208/60/210
f 209/52/205 205/54/204 212/53/212
f 212/53/212 205/54/204 213/55/213
f 215/51/214 217/49/215 214/50/216
f 214/50/216 217/49/215 216/48/217
f 205/44/204 204/46/206 218/45/218
f 218/45/218 204/46/206 219/47/219
f 216/40/217 220/42/220 221/41/221
f 221/41/221 220/42/220 222/43/222
f 226/18/223 227/20/224 225/19/225
f 223/21/226 224/229/227 227/20/224
f 224/229/227 225/19/225 227/20/224
f 223/31/226 227/33/224 230/32/228
f 227/33/224 228/34/229 230/32/228
f 228/34/229 229/35/230 230/32/228
f 228/39/229 227/37/224 231/38/231
f 231/38/231 227/37/224 226/36/223
f 231/26/231 226/24/223 233/27/232
f 233/27/232 226/24/223 232/25/233
f 232/25/233 226/24/223 225/23/225
f 224/28/227 232/30/233 225/29/225
f 234/5/234 235/7/235 237/6/236
f 237/6/236 235/7/235 236/8/237
f 238/9/238 237/11/236 239/10/239
f 239/10/239 237/11/236 236/12/237
f 240/4/240 239/2/239 235/3/235
f 235/3/235 239/2/239 236/1/237
f 241/13/241 242/15/242 240/230/240
f 239/16/239 240/230/240 238/17/238
f 242/15/242 238/17/238 240/230/240
f 243/231/243 244/10/244 246/232/245
f 246/232/245 244/10/244 245/12/246
f 248/233/247 244/16/244 247/234/248
f 244/16/244 243/235/243 247/234/248
f 247/234/248 243/235/243 249/236/249
f 251/237/250 252/238/251 245/239/246
f 245/239/246 252/238/251 246/240/245
f 246/240/245 252/238/251 250/241/252
f 250/241/252 252/238/251 253/242/253
f 245/1/246 244/2/244 251/243/250
f 251/243/250 244/2/244 248/244/247
f 256/245/254 247/246/248 255/247/255
f 249/248/249 254/249/256 247/246/248
f 247/246/248 254/249/256 255/247/255
f 257/250/257 258/251/258 260/252/259
f 260/252/259 258/251/258 259/253/260
f 261/254/261 262/255/262 266/256/263
f 262/255/262 263/257/264 266/256/263
f 263/257/264 264/258/265 266/256/263
f 266/256/263 264/258/265 265/259/266
f 264/258/265 258/260/258 265/259/266
f 258/260/258 257/261/257 265/259/266
f 260/262/259 259/263/260 267/264/267
f 259/263/260 268/265/268 267/264/267
f 268/265/268 269/266/269 267/264/267
f 267/264/267 269/266/269 272/267/270
f 269/266/269 270/268/271 272/267/270
f 270/268/271 271/269/272 272/267/270
f 262/270/262 270/271/271 263/272/264
f 263/272/264 270/271/271 269/273/269
f 271/274/272 270/275/271 261/276/261
f 261/276/261 270/275/271 262/277/262
f 264/278/265 268/279/268 258/280/258
f 258/280/258 268/279/268 259/281/260
f 263/282/264 269/283/269 264/284/265
f 264/284/265 269/283/269 268/285/268
f 267/286/267 272/287/270 274/283/273
f 274/283/273 272/287/270 273/282/274
f 276/288/275 277/289/276 275/290/277
f 275/290/277 277/289/276 278/291/278
f 278/291/278 277/289/276 280/292/279
f 280/292/279 277/289/276 279/293/280
f 280/292/279 279/293/280 282/294/281
f 282/294/281 279/293/280 281/295/282
f 282/294/281 281/295/282 284/296/283
f 284/296/283 281/295/282 283/297/284
f 283/297/284 285/298/285 284/296/283
f 284/296/283 285/298/285 286/299/286
f 285/298/285 287/300/287 286/299/286
f 286/299/286 287/300/287 288/301/288
f 288/301/288 287/300/287 290/302/289
f 290/302/289 287/300/287 289/303/290
f 290/302/289 289/303/290 292/304/291
f 292/304/291 289/303/290 291/305/292
f 292/304/291 291/305/292 294/306/293
f 294/306/293 291/305/292 293/307/294
f 293/307/294 276/288/275 294/306/293
f 294/306/293 276/288/275 275/290/277
f 277/308/276 276/309/275 211/310/208
f 295/311/295 296/312/296 276/309/275
f 296/312/296 206/313/207 276/309/275
f 206/313/207 211/310/208 276/309/275
f 279/314/280 277/308/276 210/315/209
f 210/315/209 277/308/276 211/310/208
f 297/316/297 298/317/298 208/318/210
f 298/317/298 281/319/282 208/318/210
f 279/314/280 210/315/209 281/319/282
f 281/319/282 210/315/209 208/318/210
f 281/319/282 298/317/298 283/320/284
f 283/320/284 298/317/298 299/321/299
f 283/320/284 299/321/299 285/322/285
f 285/322/285 299/321/299 300/323/300
f 285/322/285 300/323/300 287/324/287
f 287/324/287 300/323/300 301/325/301
f 287/324/287 301/325/301 289/326/290
f 289/326/290 301/325/301 302/327/302
f 289/326/290 302/327/302 291/328/292
f 291/328/292 302/327/302 303/329/303
f 291/328/292 303/329/303 293/330/294
f 293/330/294 303/329/303 304/331/304
f 293/330/294 304/331/304 276/332/275
f 276/332/275 304/331/304 295/333/295
f 295/334/295 305/335/305 296/336/296
f 296/336/296 305/335/305 307/337/306
f 305/335/305 306/338/307 307/337/306
f 307/339/306 306/338/307 309/340/308
f 309/340/308 306/338/307 308/341/309
f 298/342/298 297/343/297 310/344/310
f 297/343/297 309/345/308 310/344/310
f 309/345/308 308/341/309 310/344/310
f 310/344/310 311/346/311 298/342/298
f 298/342/298 311/346/311 299/347/299
f 299/347/299 311/346/311 300/348/300
f 300/348/300 311/346/311 312/349/312
f 300/348/300 312/349/312 301/350/301
f 301/350/301 312/349/312 313/351/313
f 301/350/301 313/351/313 302/352/302
f 302/352/302 313/351/313 314/353/314
f 314/353/314 315/354/315 302/352/302
f 302/352/302 315/354/315 303/355/303
f 315/354/315 316/356/316 303/355/303
f 303/355/303 316/356/316 304/357/304
f 304/357/304 316/356/316 295/334/295
f 295/334/295 316/356/316 305/335/305
f 318/358/317 319/359/318 317/360/319
f 321/361/320 317/360/319 320/362/321
f 317/360/319 319/359/318 320/362/321
f 322/363/320 321/361/320 323/364/322
f 323/364/322 321/361/320 320/362/321
f 324/365/323 325/366/324 326/367/325
f 322/368/320 323/364/322 325/366/324
f 325/366/324 323/364/322 326/367/325
f 327/369/323 324/365/323 328/370/326
f 328/370/326 324/365/323 326/367/325
f 327/369/323 328/370/326 329/371/323
f 329/371/323 328/370/326 330/372/327
f 329/371/323 330/372/327 331/373/328
f 333/374/329 331/373/328 332/375/330
f 331/373/328 330/372/327 332/375/330
f 334/376/329 333/374/329 335/377/331
f 335/377/331 333/374/329 332/375/330
f 338/378/317 336/379/332 337/380/333
f 334/376/329 335/377/331 336/379/332
f 336/379/332 335/377/331 337/380/333
f 339/381/317 338/378/317 340/382/334
f 340/382/334 338/378/317 337/380/333
f 339/381/317 340/382/334 318/358/317
f 318/358/317 340/382/334 319/359/318
f 341/383/335 342/384/336 343/385/337
f 343/385/337 342/384/336 344/386/338
f 344/386/338 342/384/336 345/387/339
f 345/387/339 342/384/336 346/388/340
f 346/388/340 342/384/336 347/389/341
f 347/389/341 342/384/336 348/390/342
f 348/390/342 342/384/336 349/391/343
f 349/391/343 342/384/336 350/392/344
f 350/392/344 342/384/336 351/393/345
f 351/393/345 342/384/336 341/383/335
f 278/291/278 320/362/321 275/290/277
f 275/290/277 320/362/321 319/359/318
f 280/292/279 323/364/322 278/291/278
f 278/291/278 323/364/322 320/362/321
f 282/294/281 326/367/325 280/292/279
f 280/292/279 326/367/325 323/364/322
f 284/296/283 328/370/326 282/294/281
f 282/294/281 328/370/326 326/367/325
f 286/299/286 330/372/327 284/296/283
f 284/296/283 330/372/327 328/370/326
f 288/301/288 332/375/330 286/299/286
f 286/299/286 332/375/330 330/372/327
f 290/302/289 335/377/331 288/301/288
f 288/301/288 335/377/331 332/375/330
f 292/304/291 337/380/333 290/302/289
f 290/302/289 337/380/333 335/377/331
f 294/306/293 340/382/334 292/304/291
f 292/304/291 340/382/334 337/380/333
f 275/290/277 319/359/318 294/306/293
f 294/306/293 319/359/318 340/382/334
f 305/335/305 341/383/335 306/338/307
f 306/338/307 341/383/335 343/385/337
f 306/338/307 343/385/337 308/341/309
f 308/341/309 343/385/337 344/386/338
f 308/341/309 344/386/338 310/344/310
f 310/344/310 344/386/338 345/387/339
f 310/344/310 345/387/339 311/346/311
f 311/346/311 345/387/339 346/388/340
f 311/346/311 346/388/340 312/349/312
f 312/349/312 346/388/340 347/389/341
f 312/349/312 347/389/341 313/351/313
f 313/351/313 347/389/341 348/390/342
f 313/351/313 348/390/342 314/353/314
f 314/353/314 348/390/342 349/391/343
f 314/353/314 349/391/343 315/354/315
f 315/354/315 349/391/343 350/392/344
f 315/354/315 350/392/344 316/356/316
f 316/356/316 350/392/344 351/393/345
f 316/356/316 351/393/345 305/335/305
f 305/335/305 351/393/345 341/383/335
f 325/394/324 352/395/346 322/396/320
f 317/397/319 321/398/320 353/399/347
f 352/395/346 353/399/347 322/396/320
f 321/398/320 322/396/320 353/399/347
f 352/395/346 354/400/348 353/399/347
f 353/399/347 354/400/348 355/401/349
f 336/402/332 355/401/349 334/403/329
f 331/404/328 333/405/329 354/400/348
f 355/401/349 354/400/348 334/403/329
f 333/405/329 334/403/329 354/400/348
f 317/397/319 353/399/347 318/406/317
f 336/402/332 338/407/317 355/401/349
f 338/407/317 339/408/317 355/401/349
f 355/401/349 339/408/317 353/399/347
f 339/408/317 318/406/317 353/399/347
f 331/404/328 354/400/348 329/409/323
f 325/410/324 324/411/323 352/395/346
f 329/409/323 354/400/348 327/412/323
f 354/400/348 352/395/346 327/412/323
f 352/395/346 324/411/323 327/412/323
f 358/410/319 359/395/347 357/411/317
f 361/404/332 362/409/317 360/400/349
f 357/411/317 359/395/347 356/412/317
f 359/395/347 360/400/349 356/412/317
f 356/412/317 360/400/349 362/409/317
f 363/402/328 364/401/348 369/407/323
f 366/397/324 367/406/323 365/399/346
f 367/406/323 368/408/323 365/399/346
f 365/399/346 368/408/323 364/401/348
f 364/401/348 368/408/323 369/407/323
f 361/404/332 360/400/349 371/405/329
f 363/402/328 370/403/329 364/401/348
f 360/400/349 364/401/348 371/405/329
f 364/401/348 370/403/329 371/405/329
f 359/395/347 365/399/346 360/400/349
f 360/400/349 365/399/346 364/401/348
f 366/397/324 365/399/346 373/413/320
f 358/410/319 372/396/320 359/395/347
f 365/399/346 359/395/347 373/413/320
f 359/395/347 372/396/320 373/413/320
f 374/356/311 375/335/310 377/393/340
f 377/393/340 375/335/310 376/383/339
f 378/354/312 374/356/311 379/392/341
f 379/392/341 374/356/311 377/393/340
f 380/353/313 378/354/312 381/391/350
f 381/391/350 378/354/312 379/392/341
f 382/351/314 380/353/313 383/390/351
f 383/390/351 380/353/313 381/391/350
f 384/349/315 382/351/314 385/389/344
f 385/389/344 382/351/314 383/390/351
f 386/346/316 384/349/315 387/388/345
f 387/388/345 384/349/315 385/389/344
f 388/344/305 386/346/316 389/387/335
f 389/387/335 386/346/316 387/388/345
f 390/341/307 388/344/305 391/386/352
f 391/386/352 388/344/305 389/387/335
f 392/338/309 390/341/307 393/385/353
f 393/385/353 390/341/307 391/386/352
f 375/335/310 392/338/309 376/383/339
f 376/383/339 392/338/309 393/385/353
f 394/290/354 395/306/283 397/359/325
f 397/359/325 395/306/283 396/382/326
f 395/306/283 398/304/355 396/382/326
f 396/382/326 398/304/355 399/380/327
f 398/304/355 400/302/288 399/380/327
f 399/380/327 400/302/288 401/377/356
f 400/302/288 402/301/289 401/377/356
f 401/377/356 402/301/289 403/375/357
f 402/301/289 404/299/358 403/375/357
f 403/375/357 404/299/358 405/372/333
f 404/299/358 406/296/293 405/372/333
f 405/372/333 406/296/293 407/370/334
f 406/296/293 408/294/359 407/370/334
f 407/370/334 408/294/359 409/367/318
f 408/294/359 410/292/278 409/367/318
f 409/367/318 410/292/278 411/364/360
f 410/292/278 412/291/279 411/364/360
f 411/364/360 412/291/279 413/362/361
f 412/291/279 394/290/354 413/362/361
f 413/362/361 394/290/354 397/359/325
f 377/393/340 376/383/339 414/384/336
f 379/392/341 377/393/340 414/384/336
f 381/391/350 379/392/341 414/384/336
f 383/390/351 381/391/350 414/384/336
f 385/389/344 383/390/351 414/384/336
f 387/388/345 385/389/344 414/384/336
f 389/387/335 387/388/345 414/384/336
f 391/386/352 389/387/335 414/384/336
f 393/385/353 391/386/352 414/384/336
f 376/383/339 393/385/353 414/384/336
f 368/381/323 367/358/323 396/382/326
f 396/382/326 367/358/323 397/359/325
f 368/381/323 396/382/326 369/378/323
f 369/378/323 396/382/326 399/380/327
f 369/378/323 399/380/327 363/379/328
f 370/376/329 363/379/328 401/377/356
f 363/379/328 399/380/327 401/377/356
f 371/374/329 370/376/329 403/375/357
f 403/375/357 370/376/329 401/377/356
f 362/371/317 361/373/332 405/372/333
f 371/374/329 403/375/357 361/373/332
f 361/373/332 403/375/357 405/372/333
f 356/369/317 362/371/317 407/370/334
f 407/370/334 362/371/317 405/372/333
f 356/369/317 407/370/334 357/365/317
f 357/365/317 407/370/334 409/367/318
f 357/365/317 409/367/318 358/414/319
f 372/363/320 358/414/319 411/364/360
f 358/414/319 409/367/318 411/364/360
f 373/361/320 372/363/320 413/362/361
f 413/362/361 372/363/320 411/364/360
f 367/358/323 366/360/324 397/359/325
f 373/361/320 413/362/361 366/360/324
f 366/360/324 413/362/361 397/359/325
f 415/357/299 416/334/362 374/356/311
f 374/356/311 416/334/362 375/335/310
f 415/357/299 374/356/311 417/355/300
f 417/355/300 374/356/311 378/354/312
f 417/355/300 378/354/312 418/352/301
f 418/352/301 378/354/312 380/353/313
f 419/350/302 418/352/301 382/351/314
f 382/351/314 418/352/301 380/353/313
f 420/348/303 419/350/302 384/349/315
f 384/349/315 419/350/302 382/351/314
f 421/347/304 420/348/303 386/346/316
f 386/346/316 420/348/303 384/349/315
f 421/347/304 386/346/316 422/342/295
f 422/342/295 386/346/316 388/344/305
f 422/342/295 388/344/305 424/343/363
f 424/343/363 388/344/305 423/415/306
f 423/415/306 388/344/305 390/341/307
f 425/339/308 423/340/306 392/338/309
f 392/338/309 423/340/306 390/341/307
f 416/334/362 426/416/364 375/335/310
f 426/416/364 425/337/308 375/335/310
f 425/337/308 392/338/309 375/335/310
f 427/330/284 428/332/365 415/331/299
f 415/331/299 428/332/365 416/333/362
f 429/328/285 427/330/284 417/329/300
f 417/329/300 427/330/284 415/331/299
f 430/326/287 429/328/285 418/327/301
f 418/327/301 429/328/285 417/329/300
f 431/324/290 430/326/287 419/325/302
f 419/325/302 430/326/287 418/327/301
f 432/322/292 431/324/290 420/323/303
f 420/323/303 431/324/290 419/325/302
f 433/320/294 432/322/292 421/321/304
f 421/321/304 432/322/292 420/323/303
f 434/319/275 433/320/294 422/317/295
f 422/317/295 433/320/294 421/321/304
f 424/316/363 37/318/38 422/317/295
f 422/317/295 37/318/38 434/319/275
f 435/314/276 434/319/275 38/315/37
f 37/318/38 38/315/37 434/319/275
f 39/310/36 436/308/366 38/315/37
f 38/315/37 436/308/366 435/314/276
f 426/312/364 416/311/362 35/313/35
f 416/311/362 428/309/365 35/313/35
f 35/313/35 428/309/365 39/310/36
f 428/309/365 436/308/366 39/310/36
f 394/290/354 428/288/365 395/306/283
f 395/306/283 428/288/365 427/307/284
f 398/304/355 395/306/283 429/305/285
f 429/305/285 395/306/283 427/307/284
f 400/302/288 398/304/355 430/303/287
f 430/303/287 398/304/355 429/305/285
f 402/301/289 400/302/288 431/300/290
f 431/300/290 400/302/288 430/303/287
f 402/301/289 431/300/290 404/299/358
f 404/299/358 431/300/290 432/298/292
f 404/299/358 432/298/292 406/296/293
f 406/296/293 432/298/292 433/297/294
f 408/294/359 406/296/293 434/295/275
f 434/295/275 406/296/293 433/297/294
f 410/292/278 408/294/359 435/293/276
f 435/293/276 408/294/359 434/295/275
f 412/291/279 410/292/278 436/289/366
f 436/289/366 410/292/278 435/293/276
f 412/291/279 436/289/366 394/290/354
f 394/290/354 436/289/366 428/288/365
f 266/417/263 437/418/270 261/419/261
f 273/255/274 272/420/270 440/260/367
f 272/420/270 271/421/272 440/260/367
f 440/260/367 271/421/272 439/422/368
f 271/421/272 261/419/261 439/422/368
f 437/418/270 438/423/369 261/419/261
f 261/419/261 438/423/369 439/422/368
f 265/424/266 257/425/257 444/426/267
f 274/265/273 441/266/370 267/427/267
f 267/427/267 441/266/370 260/428/259
f 441/266/370 442/429/371 260/428/259
f 260/428/259 442/429/371 257/425/257
f 444/426/267 257/425/257 443/430/372
f 442/429/371 443/430/372 257/425/257
f 440/271/367 441/273/370 273/270/274
f 273/270/274 441/273/370 274/272/273
f 442/431/371 441/277/370 439/432/368
f 439/432/368 441/277/370 440/251/367
f 266/433/263 265/434/266 437/435/270
f 437/435/270 265/434/266 444/436/267
f 445/437/373 32/52/32 446/438/374
f 33/53/33 32/52/32 447/439/375
f 447/439/375 32/52/32 445/437/373
f 448/440/376 32/52/32 449/441/377
f 449/441/377 32/52/32 36/61/39
f 446/438/374 32/52/32 448/440/376
f 450/442/378 451/443/379 452/444/380
f 452/444/380 451/443/379 29/50/30
f 451/443/379 457/445/381 29/50/30
f 29/50/30 457/445/381 456/446/382
f 457/445/381 453/447/383 456/446/382
f 456/446/382 453/447/383 455/448/384
f 453/447/383 454/449/385 455/448/384
f 452/450/380 29/50/30 458/451/386
f 458/451/386 29/50/30 459/452/387
f 459/452/387 29/50/30 30/51/31
f 229/453/230 228/454/229 465/455/388
f 465/455/388 228/454/229 464/456/389
f 464/456/389 228/454/229 463/457/390
f 461/458/391 462/459/392 460/460/393
f 228/454/229 231/461/231 463/457/390
f 463/457/390 231/461/231 462/459/392
f 233/462/232 460/460/393 231/461/231
f 460/460/393 462/459/392 231/461/231
f 234/463/234 466/464/394 235/465/235
f 466/464/394 467/466/395 235/465/235
f 235/465/235 467/466/395 240/467/240
f 467/466/395 468/468/396 240/467/240
f 469/469/397 470/470/398 468/468/396
f 241/471/241 240/467/240 470/470/398
f 240/467/240 468/468/396 470/470/398
f 462/472/392 468/473/396 463/474/390
f 463/474/390 468/473/396 467/475/395
f 469/476/397 468/473/396 461/477/391
f 461/477/391 468/473/396 462/472/392
f 465/478/388 464/479/389 471/480/399
f 464/481/389 463/482/390 471/483/399
f 471/483/399 463/482/390 466/484/394
f 463/482/390 467/485/395 466/484/394
f 230/486/228 29/50/30 223/487/226
f 475/488/398 460/489/393 474/490/400
f 233/491/232 232/492/233 460/489/393
f 460/489/393 232/492/233 474/490/400
f 29/50/30 456/446/382 223/487/226
f 223/487/226 456/446/382 224/493/227
f 456/446/382 472/494/401 224/493/227
f 472/494/401 473/495/402 224/493/227
f 224/493/227 473/495/402 232/492/233
f 473/495/402 474/490/400 232/492/233
f 242/496/242 22/497/22 238/498/238
f 234/499/234 237/500/236 466/501/394
f 238/498/238 22/497/22 237/500/236
f 229/502/230 465/503/388 230/486/228
f 22/497/22 21/48/21 237/500/236
f 466/501/394 237/500/236 471/504/399
f 237/500/236 21/48/21 471/504/399
f 21/48/21 29/50/30 471/504/399
f 471/504/399 29/50/30 465/503/388
f 29/50/30 230/486/228 465/503/388
f 241/505/241 470/506/398 242/496/242
f 242/496/242 470/506/398 22/497/22
f 30/507/31 33/508/33 459/509/387
f 459/509/387 33/508/33 447/510/375
f 443/511/372 476/512/403 444/513/267
f 478/514/404 449/515/377 477/516/405
f 449/515/377 36/517/39 477/516/405
f 477/516/405 36/517/39 476/512/403
f 36/517/39 456/518/382 476/512/403
f 456/518/382 455/519/384 476/512/403
f 476/512/403 455/519/384 444/513/267
f 444/513/267 455/519/384 437/520/270
f 479/521/406 438/522/369 455/519/384
f 455/519/384 438/522/369 437/520/270
f 25/44/25 21/40/21 26/45/26
f 26/45/26 21/40/21 23/42/23
f 22/41/22 27/46/27 24/43/24
f 24/43/24 27/46/27 28/47/28
f 21/523/21 25/524/25 31/525/29
f 31/525/29 25/524/25 34/526/34
f 28/47/28 26/45/26 24/43/24
f 24/43/24 26/45/26 23/42/23
f 36/517/39 37/527/38 456/518/382
f 37/527/38 424/528/363 456/518/382
f 424/528/363 423/529/306 456/518/382
f 460/530/393 475/531/398 461/532/391
f 472/533/401 456/518/382 481/534/391
f 456/518/382 423/529/306 481/534/391
f 423/529/306 425/535/308 481/534/391
f 475/531/398 480/536/397 461/532/391
f 425/535/308 426/537/364 481/534/391
f 481/534/391 426/537/364 480/536/397
f 35/538/35 27/539/27 426/537/364
f 426/537/364 27/539/27 480/536/397
f 22/540/22 470/541/398 27/539/27
f 470/541/398 469/542/397 27/539/27
f 27/539/27 469/542/397 480/536/397
f 469/542/397 461/532/391 480/536/397
f 31/543/29 34/544/34 30/507/31
f 30/507/31 34/544/34 33/508/33
f 473/545/402 482/546/390 474/547/400
f 474/547/400 482/546/390 483/548/395
f 480/549/397 484/550/407 481/551/391
f 481/551/391 484/550/407 485/552/392
f 485/552/392 484/550/407 482/553/390
f 482/553/390 484/550/407 483/554/395
f 480/555/397 475/556/398 484/557/407
f 474/558/400 483/559/395 475/556/398
f 475/556/398 483/559/395 484/557/407
f 481/560/391 485/561/392 472/562/401
f 473/563/402 472/562/401 482/564/390
f 485/561/392 482/564/390 472/562/401
f 489/565/408 486/566/409 488/49/410
f 486/566/409 487/48/411 488/49/410
f 489/565/408 488/49/410 490/567/412
f 491/568/413 492/55/414 494/569/415
f 492/55/414 493/54/416 494/569/415
f 495/570/417 492/55/414 496/571/418
f 492/55/414 491/568/413 496/571/418
f 494/569/415 493/54/416 498/572/419
f 493/54/416 497/56/420 498/572/419
f 498/573/419 497/56/420 499/574/421
f 486/566/409 500/575/422 487/48/411
f 500/575/422 501/497/423 487/48/411
f 502/576/424 501/497/423 500/575/422
f 497/577/420 493/578/416 501/579/423
f 501/579/423 493/578/416 487/580/411
f 487/580/411 493/578/416 488/581/410
f 488/581/410 493/578/416 492/582/414
f 499/583/421 497/539/420 503/584/425
f 501/540/423 502/585/424 497/539/420
f 503/584/425 497/539/420 502/585/424
f 488/543/410 492/544/414 490/586/412
f 490/586/412 492/544/414 495/587/417
f 178/182/179 146/164/146 503/588/425
f 496/589/418 491/590/413 147/162/147
f 147/162/147 491/590/413 146/164/146
f 491/590/413 494/591/415 146/164/146
f 494/591/415 498/592/419 146/164/146
f 498/592/419 499/593/421 146/164/146
f 499/593/421 503/588/425 146/164/146
f 503/588/425 502/594/424 178/182/179
f 502/594/424 500/595/422 178/182/179
f 500/595/422 486/596/409 178/182/179
f 178/182/179 486/596/409 176/179/178
f 486/596/409 489/597/408 176/179/178
f 489/597/408 490/598/412 176/179/178
f 496/589/418 147/162/147 495/599/417
f 147/162/147 176/179/178 495/599/417
f 490/598/412 495/599/417 176/179/178
f 504/278/426 505/279/427 507/280/258
f 507/280/258 505/279/427 506/281/260
f 508/600/259 506/263/260 509/601/428
f 509/601/428 506/263/260 505/265/427
f 510/602/257 507/251/258 508/603/259
f 508/603/259 507/251/258 506/253/260
f 511/604/429 504/258/426 510/605/257
f 510/605/257 504/258/426 507/260/258
f 509/606/428 505/285/427 511/607/429
f 511/607/429 505/285/427 504/284/426
f 512/608/261 513/255/430 515/609/431
f 515/609/431 513/255/430 514/257/432
f 516/610/433 517/266/434 519/611/272
f 519/611/272 517/266/434 518/268/271
f 513/270/430 518/271/271 514/272/432
f 514/272/432 518/271/271 517/273/434
f 519/612/272 518/275/271 512/613/261
f 512/613/261 518/275/271 513/277/430
f 515/614/431 514/282/432 516/615/433
f 516/615/433 514/282/432 517/283/434
f 520/616/435 521/617/436 523/618/437
f 523/618/437 521/617/436 522/619/438
f 524/620/439 525/621/440 527/622/441
f 527/622/441 525/621/440 526/623/442
f 520/624/435 525/625/440 521/626/436
f 521/626/436 525/625/440 524/627/439
f 523/628/437 526/629/442 520/630/435
f 520/630/435 526/629/442 525/631/440
f 522/632/438 527/633/441 523/634/437
f 523/634/437 527/633/441 526/635/442
f 521/636/436 524/637/439 522/638/438
f 522/638/438 524/637/439 527/639/441
f 60/85/61 63/86/62 58/84/60
f 58/84/60 63/86/62 62/88/64
f 58/84/60 62/88/64 82/108/83
f 82/108/83 62/88/64 84/109/84
f 196/218/196 72/640/72 197/219/197
f 197/219/197 72/640/72 73/641/73
f 73/641/73 74/642/74 197/219/197
f 197/219/197 74/642/74 528/643/443
f 75/641/75 78/640/77 530/219/444
f 530/219/444 78/640/77 529/218/445
f 77/644/76 80/228/79 532/215/198
f 532/215/198 80/228/79 531/216/446
f 93/123/94 97/130/99 91/124/95
f 91/124/95 97/130/99 96/131/100
f 528/643/443 102/133/102 197/219/197
f 197/219/197 102/133/102 101/132/101
f 530/219/444 529/218/445 107/138/107
f 107/138/107 529/218/445 105/136/105
f 532/215/198 531/216/446 198/220/198
f 198/220/198 531/216/446 533/214/446
f 534/645/447 535/646/448 89/114/89
f 535/646/448 536/647/449 89/114/89
f 536/647/449 537/648/450 89/114/89
f 537/648/450 538/649/451 89/114/89
f 89/114/89 538/649/451 90/115/90
f 538/649/451 539/650/452 90/115/90
f 253/651/253 252/652/251 543/653/453
f 539/650/452 540/654/454 90/115/90
f 90/115/90 540/654/454 109/141/111
f 540/654/454 541/655/455 109/141/111
f 541/655/455 542/656/456 109/141/111
f 542/656/456 543/653/453 109/141/111
f 543/653/453 252/652/251 109/141/111
f 252/652/251 110/139/109 109/141/111
f 92/120/91 91/124/95 114/144/114
f 114/144/114 91/124/95 116/146/116
f 91/124/95 96/131/100 116/146/116
f 116/146/116 96/131/100 120/150/120
f 96/131/100 98/126/96 120/150/120
f 120/150/120 98/126/96 119/149/119
f 546/652/457 121/139/121 545/657/458
f 121/139/121 119/151/119 545/657/458
f 545/657/458 119/151/119 544/658/459
f 199/114/199 547/645/460 98/222/96
f 547/645/460 548/659/461 98/222/96
f 98/222/96 548/659/461 119/151/119
f 548/659/461 549/660/462 119/151/119
f 549/660/462 550/245/463 119/151/119
f 550/245/463 551/246/464 119/151/119
f 544/658/459 119/151/119 551/246/464
f 194/216/194 192/214/192 203/115/203
f 203/115/203 192/214/192 202/141/202
f 191/213/191 193/215/193 195/217/195
f 195/217/195 193/215/193 196/218/196
f 198/220/198 533/214/446 135/153/135
f 135/153/135 533/214/446 133/161/133
f 116/146/116 120/150/120 115/145/115
f 115/145/115 120/150/120 118/148/118
f 192/214/192 145/161/145 202/141/202
f 202/141/202 145/161/145 144/142/144
f 115/145/115 118/148/118 140/165/139
f 140/165/139 118/148/118 142/168/142
f 168/184/168 172/188/172 169/185/169
f 169/185/169 172/188/172 174/190/174
f 173/212/173 186/180/186 175/661/175
f 175/661/175 186/180/186 183/181/183
f 70/94/70 180/662/180 40/62/40
f 41/63/41 40/62/40 180/662/180
f 47/69/47 45/67/45 180/662/180
f 45/67/45 41/63/41 180/662/180
f 51/73/51 49/71/49 180/662/180
f 49/71/49 47/69/47 180/662/180
f 52/74/52 54/76/54 180/662/180
f 54/76/54 51/73/51 180/662/180
f 60/85/61 61/83/59 180/192/180
f 63/86/62 60/85/61 180/192/180
f 65/87/63 63/86/62 180/192/180
f 181/225/181 180/662/180 71/95/71
f 70/94/70 71/95/71 180/662/180
f 171/205/171 169/663/169 182/196/182
f 169/663/169 174/664/174 182/196/182
f 174/664/174 175/206/175 182/196/182
f 140/165/139 142/168/142 168/184/168
f 168/184/168 142/168/142 172/188/172
f 82/119/83 84/127/84 95/121/92
f 95/121/92 84/127/84 100/128/97
f 552/665/465 553/666/466 557/667/467
f 557/667/467 553/666/466 556/668/468
f 552/665/465 557/667/467 555/669/469
f 557/667/467 558/670/470 555/669/469
f 555/669/469 558/670/470 554/671/471
f 558/670/470 559/672/472 554/671/471
f 553/666/466 554/671/471 556/668/468
f 559/672/472 556/668/468 554/671/471
f 94/122/93 99/129/98 93/123/94
f 93/123/94 99/129/98 97/130/99
f 95/673/92 100/674/97 552/673/465
f 552/673/465 100/674/97 553/674/466
f 99/675/98 554/675/471 100/674/97
f 100/674/97 554/675/471 553/674/466
f 99/675/98 94/676/93 554/675/471
f 554/675/471 94/676/93 555/676/469
f 94/676/93 95/673/92 555/676/469
f 555/676/469 95/673/92 552/673/465
f 87/228/87 88/644/88 194/216/194
f 194/216/194 88/644/88 193/215/193
f 528/643/443 74/642/74 530/219/444
f 530/219/444 74/642/74 75/641/75
f 528/643/443 530/219/444 102/133/102
f 102/133/102 530/219/444 107/138/107
f 529/218/445 78/640/77 532/215/198
f 532/215/198 78/640/77 77/644/76
f 529/218/445 532/215/198 105/136/105
f 105/136/105 532/215/198 198/220/198
f 531/216/446 80/228/79 90/115/90
f 90/115/90 80/228/79 79/117/80
f 531/216/446 90/115/90 533/214/446
f 533/214/446 90/115/90 109/141/111
f 533/214/446 109/141/111 133/161/133
f 133/161/133 109/141/111 111/142/112
f 88/644/88 72/640/72 193/215/193
f 193/215/193 72/640/72 196/218/196
f 547/645/460 199/114/199 478/646/404
f 478/646/404 199/114/199 449/677/377
f 449/677/377 199/114/199 448/678/376
f 448/678/376 199/114/199 446/679/374
f 199/114/199 203/115/203 446/679/374
f 450/680/378 452/681/380 546/652/457
f 446/679/374 203/115/203 445/682/373
f 445/682/373 203/115/203 447/683/375
f 203/115/203 202/141/202 447/683/375
f 447/683/375 202/141/202 459/684/387
f 459/684/387 202/141/202 458/685/386
f 458/685/386 202/141/202 452/681/380
f 452/681/380 202/141/202 546/652/457
f 546/652/457 202/141/202 121/139/121
f 252/652/251 251/686/250 110/139/109
f 110/139/109 251/686/250 114/151/114
f 251/686/250 248/658/247 114/151/114
f 89/114/89 92/222/91 534/645/447
f 534/645/447 92/222/91 561/659/473
f 92/222/91 114/151/114 561/659/473
f 561/659/473 114/151/114 560/660/474
f 560/660/474 114/151/114 256/245/254
f 256/245/254 114/151/114 247/246/248
f 248/658/247 247/246/248 114/151/114
f 167/181/165 165/180/164 171/661/171
f 171/661/171 165/180/164 170/212/170
f 562/637/436 563/639/439 565/636/438
f 565/636/438 563/639/439 564/638/441
f 565/632/438 564/633/441 567/634/437
f 567/634/437 564/633/441 566/635/442
f 567/631/437 566/630/442 569/629/435
f 569/629/435 566/630/442 568/628/440
f 569/624/435 568/625/440 562/626/436
f 562/626/436 568/625/440 563/627/439
f 563/621/439 568/623/440 564/620/441
f 564/620/441 568/623/440 566/622/442
f 569/618/435 562/616/436 567/619/437
f 567/619/437 562/616/436 565/617/438
f 558/687/470 570/688/434 559/689/472
f 559/689/472 570/688/434 571/690/475
f 556/691/468 572/692/440 557/693/467
f 557/693/467 572/692/440 573/694/476
f 573/695/476 572/696/440 570/697/434
f 570/697/434 572/696/440 571/698/475
f 571/699/475 572/700/440 509/701/428
f 509/701/428 572/700/440 508/702/259
f 571/699/475 509/701/428 559/703/472
f 509/701/428 511/704/429 559/703/472
f 572/700/440 556/705/468 508/702/259
f 508/702/259 556/705/468 510/706/257
f 556/705/468 559/703/472 510/706/257
f 559/703/472 511/704/429 510/706/257
f 557/707/467 573/708/476 558/709/470
f 558/709/470 573/708/476 512/710/261
f 512/710/261 573/708/476 519/711/272
f 573/708/476 570/712/434 519/711/272
f 519/711/272 570/712/434 516/713/433
f 570/712/434 558/709/470 516/713/433
f 516/713/433 558/709/470 515/714/431
f 558/709/470 512/710/261 515/714/431
f 575/588/477 164/182/166 574/715/478
f 574/715/478 164/182/166 581/716/479
f 581/716/479 164/182/166 580/717/480
f 164/182/166 162/179/163 580/717/480
f 580/717/480 162/179/163 579/718/481
f 579/718/481 162/179/163 578/719/482
f 576/720/483 577/721/484 134/162/134
f 134/162/134 577/721/484 162/179/163
f 162/179/163 577/721/484 578/719/482
f 164/182/166 575/588/477 138/164/138
f 576/720/483 134/162/134 582/722/485
f 134/162/134 138/164/138 582/722/485
f 582/722/485 138/164/138 585/723/486
f 585/723/486 138/164/138 584/724/487
f 584/724/487 138/164/138 583/725/488
f 138/164/138 575/588/477 583/725/488
f 577/726/484 586/544/489 578/727/482
f 578/727/482 586/544/489 587/543/490
f 583/728/488 575/729/477 589/539/491
f 588/540/492 589/539/491 574/730/478
f 574/730/478 589/539/491 575/729/477
f 590/580/493 587/581/490 591/578/494
f 591/578/494 587/581/490 586/582/489
f 590/580/493 591/578/494 588/579/492
f 588/579/492 591/578/494 589/577/491
f 581/731/479 588/497/492 574/732/478
f 580/733/480 590/48/493 581/734/479
f 590/48/493 588/497/492 581/734/479
f 583/735/488 589/56/491 584/736/487
f 585/737/486 584/736/487 591/54/494
f 584/736/487 589/56/491 591/54/494
f 577/738/484 576/739/483 586/55/489
f 582/740/485 586/55/489 576/739/483
f 582/740/485 585/737/486 586/55/489
f 585/737/486 591/54/494 586/55/489
f 578/741/482 587/49/490 579/742/481
f 579/742/481 587/49/490 580/743/480
f 587/49/490 590/48/493 580/743/480
f 20/453/20 592/455/495 18/454/19
f 592/455/495 593/456/496 18/454/19
f 593/456/496 594/457/497 18/454/19
f 596/458/397 597/460/498 595/459/396
f 18/454/19 594/457/497 17/461/16
f 594/457/497 595/459/396 17/461/16
f 15/462/17 17/461/16 599/744/499
f 595/459/396 597/460/498 17/461/16
f 597/460/498 598/745/499 17/461/16
f 598/745/499 599/744/499 17/461/16
f 5/463/5 1/465/3 606/464/500
f 606/464/500 1/465/3 605/466/501
f 1/465/3 4/467/4 605/466/501
f 605/466/501 4/467/4 604/468/392
f 603/469/391 604/468/392 602/470/502
f 9/471/8 600/746/503 4/467/4
f 604/468/392 4/467/4 602/470/502
f 602/470/502 4/467/4 601/747/503
f 4/467/4 600/746/503 601/747/503
f 595/472/396 594/474/497 604/473/392
f 604/473/392 594/474/497 605/475/501
f 596/477/397 595/472/396 603/476/391
f 603/476/391 595/472/396 604/473/392
f 607/480/504 593/479/496 592/478/495
f 605/485/501 594/482/497 606/484/500
f 593/481/496 607/483/504 594/482/497
f 606/484/500 594/482/497 607/483/504
f 598/748/499 597/489/498 609/490/505
f 609/490/505 597/489/498 608/488/502
f 598/748/499 609/490/505 599/749/499
f 599/749/499 609/490/505 610/495/506
f 9/750/8 8/496/9 600/751/503
f 600/751/503 8/496/9 221/497/221
f 8/496/9 7/498/7 221/497/221
f 5/752/5 606/753/500 6/754/6
f 7/498/7 6/754/6 221/497/221
f 20/502/20 19/486/18 592/503/495
f 221/497/221 6/754/6 216/48/217
f 606/753/500 607/504/504 6/754/6
f 6/754/6 607/504/504 216/48/217
f 216/48/217 607/504/504 214/50/216
f 607/504/504 592/503/495 214/50/216
f 592/503/495 19/486/18 214/50/216
f 19/486/18 10/487/13 214/50/216
f 15/491/17 599/755/499 16/492/15
f 599/755/499 610/495/506 16/492/15
f 16/492/15 610/495/506 14/493/14
f 610/495/506 611/756/507 14/493/14
f 214/50/216 10/487/13 612/446/508
f 10/487/13 14/493/14 612/446/508
f 611/756/507 612/446/508 14/493/14
f 601/757/503 600/758/503 221/497/221
f 602/506/502 601/759/503 221/497/221
f 217/543/215 215/507/214 213/544/213
f 213/544/213 215/507/214 212/508/212
f 207/517/211 612/518/508 208/527/210
f 208/527/210 612/518/508 297/528/297
f 297/528/297 612/518/508 309/529/308
f 611/533/507 613/534/397 612/518/508
f 612/518/508 613/534/397 309/529/308
f 309/529/308 613/534/397 307/535/306
f 597/530/498 596/532/397 608/531/502
f 608/531/502 596/532/397 614/536/391
f 307/535/306 613/534/397 296/537/296
f 613/534/397 614/536/391 296/537/296
f 206/538/207 296/537/296 204/539/206
f 296/537/296 614/536/391 204/539/206
f 221/540/221 204/539/206 602/760/502
f 602/760/502 204/539/206 603/542/391
f 204/539/206 614/536/391 603/542/391
f 614/536/391 596/532/397 603/542/391
f 220/42/220 218/45/218 222/43/222
f 222/43/222 218/45/218 219/47/219
f 216/523/217 217/525/215 205/524/204
f 205/524/204 217/525/215 213/526/213
f 221/41/221 222/43/222 204/46/206
f 204/46/206 222/43/222 219/47/219
f 205/44/204 218/45/218 216/40/217
f 216/40/217 218/45/218 220/42/220
f 616/522/509 255/761/255 615/520/267
f 255/761/255 254/762/256 615/520/267
f 254/762/256 612/518/508 615/520/267
f 615/520/267 612/518/508 620/513/270
f 535/763/448 617/764/510 536/765/449
f 536/765/449 617/764/510 207/517/211
f 617/764/510 618/766/511 207/517/211
f 619/511/369 620/513/270 618/766/511
f 620/513/270 612/518/508 618/766/511
f 612/518/508 207/517/211 618/766/511
f 540/767/454 212/508/212 541/768/455
f 541/768/455 212/508/212 215/507/214
f 621/548/501 622/546/497 609/547/505
f 609/547/505 622/546/497 610/545/506
f 613/551/397 623/552/407 614/549/391
f 614/549/391 623/552/407 624/550/392
f 623/552/407 622/553/497 624/550/392
f 624/550/392 622/553/497 621/554/501
f 614/555/391 624/557/392 608/556/502
f 609/558/505 608/556/502 621/559/501
f 608/556/502 624/557/392 621/559/501
f 613/560/397 611/562/507 623/561/407
f 610/563/506 622/564/497 611/562/507
f 622/564/497 623/561/407 611/562/507
f 215/51/214 214/50/216 541/769/455
f 541/769/455 214/50/216 542/770/456
f 542/770/456 214/50/216 543/771/453
f 250/443/252 214/50/216 246/445/245
f 214/50/216 612/446/508 246/445/245
f 246/445/245 612/446/508 243/447/243
f 612/446/508 254/772/256 243/447/243
f 243/447/243 254/772/256 249/773/249
f 253/774/253 543/771/453 250/443/252
f 250/443/252 543/771/453 214/50/216
f 537/775/450 209/52/205 538/776/451
f 207/61/211 209/52/205 536/777/449
f 536/777/449 209/52/205 537/775/450
f 539/778/452 209/52/205 540/779/454
f 540/779/454 209/52/205 212/53/212
f 538/776/451 209/52/205 539/778/452
f 549/780/462 625/781/372 550/782/463
f 438/783/369 479/784/406 439/785/368
f 479/784/406 550/782/463 439/785/368
f 550/782/463 625/781/372 439/785/368
f 439/785/368 625/781/372 442/786/371
f 476/787/403 443/788/372 625/781/372
f 625/781/372 443/788/372 442/786/371
f 548/789/461 547/790/460 626/791/512
f 478/792/404 477/793/405 547/790/460
f 477/793/405 626/791/512 547/790/460
f 548/794/461 626/795/512 549/796/462
f 549/796/462 626/795/512 625/797/372
f 476/798/403 625/799/372 477/800/405
f 477/800/405 625/799/372 626/801/512
f 618/798/511 617/800/510 628/799/369
f 628/799/369 617/800/510 627/801/513
f 561/802/473 560/803/474 627/795/513
f 627/795/513 560/803/474 628/797/369
f 561/804/473 627/791/513 534/805/447
f 617/793/510 535/806/448 627/791/513
f 534/805/447 627/791/513 535/806/448
f 560/807/474 256/808/254 628/781/369
f 619/809/369 618/787/511 629/810/514
f 618/787/511 628/781/369 629/810/514
f 255/811/255 616/812/509 256/808/254
f 616/812/509 630/813/515 256/808/254
f 256/808/254 630/813/515 628/781/369
f 629/810/514 628/781/369 630/813/515
f 631/434/263 632/433/266 620/436/270
f 620/436/270 632/433/266 615/435/267
f 630/432/515 633/251/516 629/431/514
f 629/431/514 633/251/516 634/277/517
f 633/271/516 635/270/518 634/273/517
f 634/273/517 635/270/518 636/272/519
f 631/424/263 620/426/270 638/814/261
f 636/265/519 639/427/270 634/266/517
f 639/427/270 637/428/272 634/266/517
f 634/266/517 637/428/272 629/429/514
f 637/428/272 638/814/261 629/429/514
f 620/426/270 619/430/369 638/814/261
f 638/814/261 619/430/369 629/429/514
f 632/417/266 640/419/257 615/418/267
f 635/255/518 633/260/516 642/420/267
f 642/420/267 633/260/516 641/421/259
f 633/260/516 630/422/515 641/421/259
f 641/421/259 630/422/515 640/419/257
f 615/418/267 640/419/257 616/423/509
f 640/419/257 630/422/515 616/423/509
f 642/287/267 639/286/270 635/282/518
f 635/282/518 639/286/270 636/283/519
f 643/282/520 644/284/264 646/283/439
f 646/283/439 644/284/264 645/285/521
f 644/278/264 647/280/522 645/279/521
f 645/279/521 647/280/522 648/281/476
f 640/276/257 649/277/523 641/274/259
f 641/274/259 649/277/523 650/275/524
f 649/270/523 643/272/520 650/271/524
f 650/271/524 643/272/520 646/273/439
f 641/269/259 650/268/524 642/267/267
f 650/268/524 646/266/439 642/267/267
f 646/266/439 645/265/521 642/267/267
f 642/267/267 645/265/521 639/264/270
f 645/265/521 648/263/476 639/264/270
f 648/263/476 637/262/272 639/264/270
f 638/261/261 647/260/522 631/259/263
f 647/260/522 644/258/264 631/259/263
f 644/258/264 643/257/520 631/259/263
f 631/259/263 643/257/520 632/256/266
f 643/257/520 649/255/523 632/256/266
f 649/255/523 640/254/257 632/256/266
f 637/252/272 648/253/476 638/250/261
f 638/250/261 648/253/476 647/251/522
f 550/245/463 479/247/406 551/246/464
f 454/815/385 551/246/464 455/816/384
f 551/246/464 479/247/406 455/816/384
f 544/817/459 651/2/525 545/818/458
f 545/818/458 651/2/525 652/1/526
f 545/819/458 652/239/526 546/820/457
f 652/239/526 457/240/381 546/820/457
f 457/240/381 451/241/379 546/820/457
f 451/241/379 450/821/378 546/820/457
f 544/822/459 551/823/464 651/16/525
f 651/16/525 551/823/464 453/235/383
f 454/824/385 453/235/383 551/823/464
f 652/12/526 651/10/525 457/232/381
f 457/232/381 651/10/525 453/825/383
f 199/114/199 86/116/86 203/115/203
f 203/115/203 86/116/86 200/117/201
f 653/826/527 654/827/528 663/828/529
f 663/828/529 654/827/528 664/829/530
f 654/827/528 655/830/531 664/829/530
f 664/829/530 655/830/531 665/831/532
f 655/830/531 656/832/533 665/831/532
f 665/831/532 656/832/533 666/833/534
f 656/832/533 657/834/535 666/833/534
f 666/833/534 657/834/535 667/835/536
f 657/834/535 658/836/537 667/835/536
f 667/835/536 658/836/537 668/837/538
f 658/836/537 659/838/539 668/837/538
f 668/837/538 659/838/539 669/839/540
f 659/838/539 660/840/541 669/839/540
f 669/839/540 660/840/541 670/841/542
f 660/840/541 661/842/543 670/841/542
f 670/841/542 661/842/543 671/843/544
f 661/842/543 662/844/545 671/843/544
f 671/843/544 662/844/545 672/845/546
f 662/844/545 653/826/527 672/845/546
f 672/845/546 653/826/527 663/828/529
f 663/846/529 664/847/530 673/848/547
f 673/848/547 664/847/530 674/849/548
f 664/847/530 665/850/532 674/849/548
f 674/849/548 665/850/532 675/851/549
f 665/850/532 666/852/534 675/851/549
f 675/851/549 666/852/534 676/853/550
f 666/852/534 667/854/536 676/853/550
f 676/853/550 667/854/536 677/855/551
f 667/854/536 668/856/538 677/855/551
f 677/855/551 668/856/538 678/857/552
f 668/856/538 669/858/540 678/857/552
f 678/857/552 669/858/540 679/859/553
f 669/858/540 670/860/542 679/859/553
f 679/859/553 670/860/542 680/861/554
f 670/860/542 671/862/544 680/861/554
f 680/861/554 671/862/544 681/863/555
f 671/862/544 672/864/546 681/863/555
f 681/863/555 672/864/546 682/865/556
f 672/864/546 663/866/529 682/865/556
f 682/865/556 663/866/529 673/867/547
f 673/868/547 674/869/548 683/870/557
f 683/870/557 674/869/548 684/871/558
f 674/869/548 675/872/549 684/871/558
f 684/871/558 675/872/549 685/873/559
f 675/872/549 676/874/550 685/873/559
f 685/873/559 676/874/550 686/875/560
f 676/874/550 677/876/551 686/875/560
f 686/875/560 677/876/551 687/877/561
f 677/876/551 678/878/552 687/877/561
f 687/877/561 678/878/552 688/879/562
f 678/878/552 679/880/553 688/879/562
f 688/879/562 679/880/553 689/881/563
f 679/880/553 680/882/554 689/881/563
f 689/881/563 680/882/554 690/883/564
f 680/882/554 681/884/555 690/883/564
f 690/883/564 681/884/555 691/885/565
f 681/884/555 682/886/556 691/885/565
f 691/885/565 682/886/556 692/887/566
f 682/886/556 673/868/547 692/887/566
f 692/887/566 673/868/547 683/870/557
f 654/827/528 653/826/527 693/888/567
f 655/830/531 654/827/528 693/888/567
f 656/832/533 655/830/531 693/888/567
f 657/834/535 656/832/533 693/888/567
f 658/836/537 657/834/535 693/888/567
f 659/838/539 658/836/537 693/888/567
f 660/840/541 659/838/539 693/888/567
f 661/842/543 660/840/541 693/888/567
f 662/844/545 661/842/543 693/888/567
f 653/826/527 662/844/545 693/888/567
f 683/870/557 684/871/558 694/889/568
f 684/871/558 685/873/559 694/889/568
f 685/873/559 686/875/560 694/889/568
f 686/875/560 687/877/561 694/889/568
f 687/877/561 688/879/562 694/889/568
f 688/879/562 689/881/563 694/889/568
f 689/881/563 690/883/564 694/889/568
f 690/883/564 691/885/565 694/889/568
f 691/885/565 692/887/566 694/889/568
f 692/887/566 683/870/557 694/889/568
f 695/826/527 696/827/528 705/828/529
f 705/828/529 696/827/528 706/829/530
f 696/827/528 697/830/531 706/829/530
f 706/829/530 697/830/531 707/831/532
f 697/830/531 698/832/533 707/831/532
f 707/831/532 698/832/533 708/833/534
f 698/832/533 699/834/535 708/833/534
f 708/833/534 699/834/535 709/835/536
f 699/834/535 700/890/537 709/835/536
f 709/835/536 700/890/537 710/837/538
f 700/890/537 701/838/539 710/837/538
f 710/837/538 701/838/539 711/839/540
f 701/838/539 702/840/541 711/839/540
f 711/839/540 702/840/541 712/841/542
f 702/840/541 703/891/543 712/841/542
f 712/841/542 703/891/543 713/843/544
f 703/891/543 704/844/545 713/843/544
f 713/843/544 704/844/545 714/845/546
f 704/844/545 695/826/527 714/845/546
f 714/845/546 695/826/527 705/828/529
f 705/892/529 706/847/530 715/893/547
f 715/893/547 706/847/530 716/849/548
f 706/847/530 707/850/532 716/849/548
f 716/849/548 707/850/532 717/851/549
f 707/850/532 708/852/534 717/851/549
f 717/851/549 708/852/534 718/853/550
f 708/852/534 709/854/536 718/853/550
f 718/853/550 709/854/536 719/855/551
f 709/854/536 710/856/538 719/855/551
f 719/855/551 710/856/538 720/857/552
f 710/856/538 711/858/540 720/857/552
f 720/857/552 711/858/540 721/859/553
f 711/858/540 712/860/542 721/859/553
f 721/859/553 712/860/542 722/861/554
f 712/860/542 713/862/544 722/861/554
f 722/861/554 713/862/544 723/863/555
f 713/862/544 714/864/546 723/863/555
f 723/863/555 714/864/546 724/865/556
f 714/864/546 705/866/529 724/865/556
f 724/865/556 705/866/529 715/867/547
f 715/868/547 716/869/548 725/870/557
f 725/870/557 716/869/548 726/871/558
f 716/869/548 717/872/549 726/871/558
f 726/871/558 717/872/549 727/873/559
f 717/872/549 718/874/550 727/873/559
f 727/873/559 718/874/550 728/875/560
f 718/874/550 719/876/551 728/875/560
f 728/875/560 719/876/551 729/877/561
f 719/876/551 720/878/552 729/877/561
f 729/877/561 720/878/552 730/879/562
f 720/878/552 721/880/553 730/879/562
f 730/879/562 721/880/553 731/881/563
f 721/880/553 722/882/554 731/881/563
f 731/881/563 722/882/554 732/883/564
f 722/882/554 723/884/555 732/883/564
f 732/883/564 723/884/555 733/885/565
f 723/884/555 724/886/556 733/885/565
f 733/885/565 724/886/556 734/887/566
f 724/886/556 715/868/547 734/887/566
f 734/887/566 715/868/547 725/870/557
f 696/827/528 695/826/527 735/894/567
f 697/830/531 696/827/528 735/894/567
f 698/832/533 697/830/531 735/894/567
f 699/834/535 698/832/533 735/894/567
f 700/890/537 699/834/535 735/894/567
f 701/838/539 700/890/537 735/894/567
f 702/840/541 701/838/539 735/894/567
f 703/891/543 702/840/541 735/894/567
f 704/844/545 703/891/543 735/894/567
f 695/826/527 704/844/545 735/894/567
f 725/870/557 726/871/558 736/889/568
f 726/871/558 727/873/559 736/889/568
f 727/873/559 728/875/560 736/889/568
f 728/875/560 729/877/561 736/889/568
f 729/877/561 730/879/562 736/889/568
f 730/879/562 731/881/563 736/889/568
f 731/881/563 732/883/564 736/889/568
f 732/883/564 733/885/565 736/889/568
f 733/885/565 734/887/566 736/889/568
f 734/887/566 725/870/557 736/889/568
f 737/826/569 738/827/564 747/828/570
f 747/828/570 738/827/564 748/829/571
f 738/827/564 739/830/563 748/829/571
f 748/829/571 739/830/563 749/831/572
f 739/830/563 740/832/573 749/831/572
f 749/831/572 740/832/573 750/833/574
f 740/832/573 741/834/561 750/833/574
f 750/833/574 741/834/561 751/835/551
f 741/834/561 742/836/575 751/835/551
f 751/835/551 742/836/575 752/837/576
f 742/836/575 743/838/559 752/837/576
f 752/837/576 743/838/559 753/839/577
f 743/838/559 744/840/558 753/839/577
f 753/839/577 744/840/558 754/841/578
f 744/840/558 745/842/579 754/841/578
f 754/841/578 745/842/579 755/843/580
f 745/842/579 746/844/566 755/843/580
f 755/843/580 746/844/566 756/845/556
f 746/844/566 737/826/569 756/845/556
f 756/845/556 737/826/569 747/828/570
f 747/846/570 748/847/571 757/848/581
f 757/848/581 748/847/571 758/849/582
f 748/847/571 749/850/572 758/849/582
f 758/849/582 749/850/572 759/851/583
f 749/850/572 750/852/574 759/851/583
f 759/851/583 750/852/574 760/853/584
f 750/852/574 751/854/551 760/853/584
f 760/853/584 751/854/551 761/855/536
f 751/854/551 752/856/576 761/855/536
f 761/855/536 752/856/576 762/857/585
f 752/856/576 753/858/577 762/857/585
f 762/857/585 753/858/577 763/859/586
f 753/858/577 754/860/578 763/859/586
f 763/859/586 754/860/578 764/861/587
f 754/860/578 755/862/580 764/861/587
f 764/861/587 755/862/580 765/863/588
f 755/862/580 756/864/556 765/863/588
f 765/863/588 756/864/556 766/865/546
f 756/864/556 747/866/570 766/865/546
f 766/865/546 747/866/570 757/867/581
f 757/868/581 758/869/582 767/870/589
f 767/870/589 758/869/582 768/871/541
f 758/869/582 759/872/583 768/871/541
f 768/871/541 759/872/583 769/873/539
f 759/872/583 760/874/584 769/873/539
f 769/873/539 760/874/584 770/875/590
f 760/874/584 761/876/536 770/875/590
f 770/875/590 761/876/536 771/877/535
f 761/876/536 762/878/585 771/877/535
f 771/877/535 762/878/585 772/879/591
f 762/878/585 763/880/586 772/879/591
f 772/879/591 763/880/586 773/881/531
f 763/880/586 764/882/587 773/881/531
f 773/881/531 764/882/587 774/883/528
f 764/882/587 765/884/588 774/883/528
f 774/883/528 765/884/588 775/885/592
f 765/884/588 766/886/546 775/885/592
f 775/885/592 766/886/546 776/887/545
f 766/886/546 757/868/581 776/887/545
f 776/887/545 757/868/581 767/870/589
f 738/827/564 737/826/569 777/888/568
f 739/830/563 738/827/564 777/888/568
f 740/832/573 739/830/563 777/888/568
f 741/834/561 740/832/573 777/888/568
f 742/836/575 741/834/561 777/888/568
f 743/838/559 742/836/575 777/888/568
f 744/840/558 743/838/559 777/888/568
f 745/842/579 744/840/558 777/888/568
f 746/844/566 745/842/579 777/888/568
f 737/826/569 746/844/566 777/888/568
f 767/870/589 768/871/541 778/889/567
f 768/871/541 769/873/539 778/889/567
f 769/873/539 770/875/590 778/889/567
f 770/875/590 771/877/535 778/889/567
f 771/877/535 772/879/591 778/889/567
f 772/879/591 773/881/531 778/889/567
f 773/881/531 774/883/528 778/889/567
f 774/883/528 775/885/592 778/889/567
f 775/885/592 776/887/545 778/889/567
f 776/887/545 767/870/589 778/889/567
f 779/826/569 780/827/564 789/828/570
f 789/828/570 780/827/564 790/829/571
f 780/827/564 781/830/563 790/829/571
f 790/829/571 781/830/563 791/831/572
f 781/830/563 782/832/573 791/831/572
f 791/831/572 782/832/573 792/833/574
f 782/832/573 783/834/561 792/833/574
f 792/833/574 783/834/561 793/835/551
f 783/834/561 784/890/575 793/835/551
f 793/835/551 784/890/575 794/837/576
f 784/890/575 785/838/559 794/837/576
f 794/837/576 785/838/559 795/839/577
f 785/838/559 786/840/558 795/839/577
f 795/839/577 786/840/558 796/841/578
f 786/840/558 787/891/579 796/841/578
f 796/841/578 787/891/579 797/843/580
f 787/891/579 788/844/566 797/843/580
f 797/843/580 788/844/566 798/845/556
f 788/844/566 779/826/569 798/845/556
f 798/845/556 779/826/569 789/828/570
f 789/892/570 790/847/571 799/893/581
f 799/893/581 790/847/571 800/849/582
f 790/847/571 791/850/572 800/849/582
f 800/849/582 791/850/572 801/851/583
f 791/850/572 792/852/574 801/851/583
f 801/851/583 792/852/574 802/853/584
f 792/852/574 793/854/551 802/853/584
f 802/853/584 793/854/551 803/855/536
f 793/854/551 794/856/576 803/855/536
f 803/855/536 794/856/576 804/857/585
f 794/856/576 795/858/577 804/857/585
f 804/857/585 795/858/577 805/859/586
f 795/858/577 796/860/578 805/859/586
f 805/859/586 796/860/578 806/861/587
f 796/860/578 797/862/580 806/861/587
f 806/861/587 797/862/580 807/863/588
f 797/862/580 798/864/556 807/863/588
f 807/863/588 798/864/556 808/865/546
f 798/864/556 789/866/570 808/865/546
f 808/865/546 789/866/570 799/867/581
f 799/868/581 800/869/582 809/870/589
f 809/870/589 800/869/582 810/871/541
f 800/869/582 801/872/583 810/871/541
f 810/871/541 801/872/583 811/873/539
f 801/872/583 802/874/584 811/873/539
f 811/873/539 802/874/584 812/875/590
f 802/874/584 803/876/536 812/875/590
f 812/875/590 803/876/536 813/877/535
f 803/876/536 804/878/585 813/877/535
f 813/877/535 804/878/585 814/879/591
f 804/878/585 805/880/586 814/879/591
f 814/879/591 805/880/586 815/881/531
f 805/880/586 806/882/587 815/881/531
f 815/881/531 806/882/587 816/883/528
f 806/882/587 807/884/588 816/883/528
f 816/883/528 807/884/588 817/885/592
f 807/884/588 808/886/546 817/885/592
f 817/885/592 808/886/546 818/887/545
f 808/886/546 799/868/581 818/887/545
f 818/887/545 799/868/581 809/870/589
f 780/827/564 779/826/569 819/894/568
f 781/830/563 780/827/564 819/894/568
f 782/832/573 781/830/563 819/894/568
f 783/834/561 782/832/573 819/894/568
f 784/890/575 783/834/561 819/894/568
f 785/838/559 784/890/575 819/894/568
f 786/840/558 785/838/559 819/894/568
f 787/891/579 786/840/558 819/894/568
f 788/844/566 787/891/579 819/894/568
f 779/826/569 788/844/566 819/894/568
f 809/870/589 810/871/541 820/889/567
f 810/871/541 811/873/539 820/889/567
f 811/873/539 812/875/590 820/889/567
f 812/875/590 813/877/535 820/889/567
f 813/877/535 814/879/591 820/889/567
f 814/879/591 815/881/531 820/889/567
f 815/881/531 816/883/528 820/889/567
f 816/883/528 817/885/592 820/889/567
f 817/885/592 818/887/545 820/889/567
f 818/887/545 809/870/589 820/889/567
f 821/826/569 822/827/564 831/828/570
f 831/828/570 822/827/564 832/829/571
f 822/827/564 823/830/563 832/829/571
f 832/829/571 823/830/563 833/831/572
f 823/830/563 824/832/573 833/831/572
f 833/831/572 824/832/573 834/833/574
f 824/832/573 825/834/561 834/833/574
f 834/833/574 825/834/561 835/835/551
f 825/834/561 826/890/575 835/835/551
f 835/835/551 826/890/575 836/837/576
f 826/890/575 827/838/559 836/837/576
f 836/837/576 827/838/559 837/839/577
f 827/838/559 828/840/558 837/839/577
f 837/839/577 828/840/558 838/841/578
f 828/840/558 829/891/579 838/841/578
f 838/841/578 829/891/579 839/843/580
f 829/891/579 830/844/593 839/843/580
f 839/843/580 830/844/593 840/845/556
f 830/844/593 821/826/569 840/845/556
f 840/845/556 821/826/569 831/828/570
f 831/892/570 832/847/571 841/893/581
f 841/893/581 832/847/571 842/849/582
f 832/847/571 833/850/572 842/849/582
f 842/849/582 833/850/572 843/851/583
f 833/850/572 834/852/574 843/851/583
f 843/851/583 834/852/574 844/853/584
f 834/852/574 835/854/551 844/853/584
f 844/853/584 835/854/551 845/855/536
f 835/854/551 836/856/576 845/855/536
f 845/855/536 836/856/576 846/857/585
f 836/856/576 837/858/577 846/857/585
f 846/857/585 837/858/577 847/859/586
f 837/858/577 838/860/578 847/859/586
f 847/859/586 838/860/578 848/861/587
f 838/860/578 839/862/580 848/861/587
f 848/861/587 839/862/580 849/863/588
f 839/862/580 840/864/556 849/863/588
f 849/863/588 840/864/556 850/865/546
f 840/864/556 831/866/570 850/865/546
f 850/865/546 831/866/570 841/867/581
f 841/868/581 842/869/582 851/870/589
f 851/870/589 842/869/582 852/871/541
f 842/869/582 843/872/583 852/871/541
f 852/871/541 843/872/583 853/873/539
f 843/872/583 844/874/584 853/873/539
f 853/873/539 844/874/584 854/875/590
f 844/874/584 845/876/536 854/875/590
f 854/875/590 845/876/536 855/877/535
f 845/876/536 846/878/585 855/877/535
f 855/877/535 846/878/585 856/879/591
f 846/878/585 847/880/586 856/879/591
f 856/879/591 847/880/586 857/881/531
f 847/880/586 848/882/587 857/881/531
f 857/881/531 848/882/587 858/883/528
f 848/882/587 849/884/588 858/883/528
f 858/883/528 849/884/588 859/885/592
f 849/884/588 850/886/546 859/885/592
f 859/885/592 850/886/546 860/887/545
f 850/886/546 841/868/581 860/887/545
f 860/887/545 841/868/581 851/870/589
f 822/827/564 821/826/569 861/894/568
f 823/830/563 822/827/564 861/894/568
f 824/832/573 823/830/563 861/894/568
f 825/834/561 824/832/573 861/894/568
f 826/890/575 825/834/561 861/894/568
f 827/838/559 826/890/575 861/894/568
f 828/840/558 827/838/559 861/894/568
f 829/891/579 828/840/558 861/894/568
f 830/844/593 829/891/579 861/894/568
f 821/826/569 830/844/593 861/894/568
f 851/870/589 852/871/541 862/889/567
f 852/871/541 853/873/539 862/889/567
f 853/873/539 854/875/590 862/889/567
f 854/875/590 855/877/535 862/889/567
f 855/877/535 856/879/591 862/889/567
f 856/879/591 857/881/531 862/889/567
f 857/881/531 858/883/528 862/889/567
f 858/883/528 859/885/592 862/889/567
f 859/885/592 860/887/545 862/889/567
f 860/887/545 851/870/589 862/889/567
f 863/826/569 864/827/564 873/828/570
f 873/828/570 864/827/564 874/829/571
f 864/827/564 865/830/563 874/829/571
f 874/829/571 865/830/563 875/831/572
f 865/830/563 866/832/573 875/831/572
f 875/831/572 866/832/573 876/833/574
f 866/832/573 867/834/561 876/833/574
f 876/833/574 867/834/561 877/835/551
f 867/834/561 868/890/575 877/835/551
f 877/835/551 868/890/575 878/837/576
f 868/890/575 869/838/559 878/837/576
f 878/837/576 869/838/559 879/839/577
f 869/838/559 870/840/558 879/839/577
f 879/839/577 870/840/558 880/841/578
f 870/840/558 871/891/579 880/841/578
f 880/841/578 871/891/579 881/843/580
f 871/891/579 872/844/593 881/843/580
f 881/843/580 872/844/593 882/845/556
f 872/844/593 863/826/569 882/845/556
f 882/845/556 863/826/569 873/828/570
f 873/892/570 874/847/571 883/893/581
f 883/893/581 874/847/571 884/849/582
f 874/847/571 875/850/572 884/849/582
f 884/849/582 875/850/572 885/851/583
f 875/850/572 876/852/574 885/851/583
f 885/851/583 876/852/574 886/853/584
f 876/852/574 877/854/551 886/853/584
f 886/853/584 877/854/551 887/855/536
f 877/854/551 878/856/576 887/855/536
f 887/855/536 878/856/576 888/857/585
f 878/856/576 879/858/577 888/857/585
f 888/857/585 879/858/577 889/859/586
f 879/858/577 880/860/578 889/859/586
f 889/859/586 880/860/578 890/861/587
f 880/860/578 881/862/580 890/861/587
f 890/861/587 881/862/580 891/863/588
f 881/862/580 882/864/556 891/863/588
f 891/863/588 882/864/556 892/865/546
f 882/864/556 873/866/570 892/865/546
f 892/865/546 873/866/570 883/867/581
f 883/868/581 884/869/582 893/870/589
f 893/870/589 884/869/582 894/871/541
f 884/869/582 885/872/583 894/871/541
f 894/871/541 885/872/583 895/873/539
f 885/872/583 886/874/584 895/873/539
f 895/873/539 886/874/584 896/875/590
f 886/874/584 887/876/536 896/875/590
f 896/875/590 887/876/536 897/877/594
f 887/876/536 888/878/585 897/877/594
f 897/877/594 888/878/585 898/879/591
f 888/878/585 889/880/586 898/879/591
f 898/879/591 889/880/586 899/881/531
f 889/880/586 890/882/587 899/881/531
f 899/881/531 890/882/587 900/883/528
f 890/882/587 891/884/588 900/883/528
f 900/883/528 891/884/588 901/885/592
f 891/884/588 892/886/546 901/885/592
f 901/885/592 892/886/546 902/887/545
f 892/886/546 883/868/581 902/887/545
f 902/887/545 883/868/581 893/870/589
f 864/827/564 863/826/569 903/894/568
f 865/830/563 864/827/564 903/894/568
f 866/832/573 865/830/563 903/894/568
f 867/834/561 866/832/573 903/894/568
f 868/890/575 867/834/561 903/894/568
f 869/838/559 868/890/575 903/894/568
f 870/840/558 869/838/559 903/894/568
f 871/891/579 870/840/558 903/894/568
f 872/844/593 871/891/579 903/894/568
f 863/826/569 872/844/593 903/894/568
f 893/870/589 894/871/541 904/889/567
f 894/871/541 895/873/539 904/889/567
f 895/873/539 896/875/590 904/889/567
f 896/875/590 897/877/594 904/889/567
f 897/877/594 898/879/591 904/889/567
f 898/879/591 899/881/531 904/889/567
f 899/881/531 900/883/528 904/889/567
f 900/883/528 901/885/592 904/889/567
f 901/885/592 902/887/545 904/889/567
f 902/887/545 893/870/589 904/889/567
