# Blender 5.1.2
# www.blender.org
mtllib mao.mtl
o Cube
v -0.615560 -0.267126 0.844460
v -0.595903 0.165021 0.876291
v -0.816343 -0.199728 -0.747981
v -0.756663 0.251541 -0.611985
v 0.623755 -0.251200 0.789514
v 0.527287 0.227260 0.810142
v 0.744287 -0.115774 -0.663308
v 0.716033 0.321449 -0.558134
v 0.037326 -0.251174 -0.897246
v -0.043930 0.301406 -0.715749
v 0.052491 -0.408866 0.765506
v -0.079084 0.213726 0.908150
v -0.440390 -0.196428 -0.810524
v -0.348799 0.229486 0.909064
v -0.431819 0.316957 -0.708289
v -0.320548 -0.400270 0.793089
v 0.355599 0.324257 -0.712291
v 0.386665 -0.374385 0.796052
v 0.409339 -0.185331 -0.879132
v 0.205023 0.262820 0.889655
v -0.868034 -0.306729 -0.303824
v -0.711739 0.170834 -0.098295
v 0.761926 -0.164517 -0.215159
v 0.728389 0.240283 -0.186152
v -0.028931 0.507092 -0.163374
v 0.045063 -0.414973 -0.453608
v -0.428328 -0.384215 -0.408775
v -0.448200 0.338479 -0.090919
v 0.386958 0.349103 -0.164956
v 0.446139 -0.298352 -0.375075
v -0.861874 -0.361358 0.515058
v 0.706605 0.239165 0.315351
v -0.063313 0.325188 0.526624
v 0.043848 -0.437083 0.168313
v -0.412270 -0.469401 0.244352
v -0.385118 0.370601 0.597112
v 0.286024 0.299456 0.435704
v 0.432842 -0.374092 0.249254
v -0.797492 0.309564 0.573501
v 0.740377 -0.201589 0.339879
v -0.534058 -0.250912 1.201873
v -0.512695 0.038833 1.181396
v 0.501262 -0.325720 1.156657
v 0.422789 0.110752 1.200430
v 0.027047 -0.339553 1.227293
v -0.020768 0.125281 1.251953
v -0.302561 0.123250 1.227192
v -0.287633 -0.333233 1.230075
v 0.321331 -0.398676 1.217399
v 0.221790 0.134889 1.261762
v -0.538776 -0.222040 2.064224
v -0.518895 0.062992 2.049377
v 0.448295 -0.262876 1.939952
v 0.444919 0.114986 1.939748
v 0.001428 -0.273719 2.143618
v 0.001427 0.135838 2.145258
v -0.296133 0.128088 2.156376
v -0.298733 -0.267370 2.158338
v 0.284457 -0.273251 2.081322
v 0.282575 0.134353 2.081258
v 0.461964 0.306859 -0.809309
v 0.733414 0.312208 -0.700211
v 0.725676 -0.102477 -0.851961
v 0.482998 -0.108660 -1.049888
v 0.495044 0.395498 -1.108524
v 0.742746 0.418594 -1.057850
v 0.779066 0.120401 -1.251895
v 0.552981 0.079808 -1.369234
v 0.470520 0.653037 -1.491415
v 0.686135 0.699990 -1.438069
v 0.772783 0.520914 -1.678547
v 0.560698 0.470385 -1.745082
v 0.461926 0.941156 -1.704234
v 0.617701 0.986485 -1.667028
v 0.675624 0.931019 -1.837869
v 0.520181 0.885497 -1.876165
v 0.310482 -0.132937 -1.070538
v 0.094017 -0.202461 -1.067709
v 0.032354 0.290116 -0.840264
v 0.269330 0.305947 -0.847580
v -0.390515 0.343500 -0.860932
v -0.135333 0.329415 -0.876691
v -0.074746 -0.181653 -1.126385
v -0.370155 -0.156489 -1.072769
v -0.827555 0.286170 -0.766673
v -0.833767 -0.125002 -0.997676
v -0.576096 -0.123688 -1.058859
v -0.545327 0.310147 -0.832677
v -0.919281 0.448539 -1.183900
v -0.932703 0.222985 -1.352437
v -0.677343 0.229899 -1.427549
v -0.666851 0.459409 -1.248862
v -0.454839 0.530106 -1.345090
v -0.231422 0.504769 -1.403242
v -0.228043 0.264787 -1.582154
v -0.467298 0.269395 -1.519087
v 0.243732 0.312147 -1.590502
v 0.013088 0.246576 -1.582194
v -0.013721 0.486335 -1.370468
v 0.213866 0.549250 -1.370996
v -0.965881 0.826134 -1.551163
v -0.967480 0.712477 -1.742300
v -0.750880 0.729657 -1.772718
v -0.751246 0.843120 -1.580854
v -0.514574 0.953745 -1.741270
v -0.330867 0.947747 -1.771438
v -0.324140 0.818004 -1.965891
v -0.541010 0.789017 -1.948474
v 0.125634 0.832860 -1.965966
v -0.087501 0.755501 -1.964697
v -0.104369 0.912333 -1.723343
v 0.107709 0.967211 -1.717702
v -0.572464 1.337412 -2.022749
v -0.403795 1.334290 -2.061502
v -0.401670 1.266426 -2.179565
v -0.569307 1.258977 -2.160039
v 0.007832 1.290802 -2.145225
v -0.154324 1.256066 -2.134712
v -0.184262 1.348324 -1.965960
v -0.024898 1.356651 -2.004021
v -0.957464 1.165445 -1.716012
v -0.957430 1.124474 -1.865408
v -0.787347 1.128697 -1.873619
v -0.789833 1.167755 -1.724410
v -1.151566 0.227240 0.238026
v -0.882735 0.174110 -0.049234
v -1.059702 -0.259655 -0.236683
v -1.179807 -0.229824 0.230427
v -1.341037 0.376913 -0.249774
v -1.103726 0.340389 -0.409537
v -1.233659 0.024537 -0.565210
v -1.459588 0.058918 -0.375465
v -1.472154 0.633080 -0.629065
v -1.285537 0.604789 -0.716620
v -1.385705 0.496305 -0.877615
v -1.571769 0.518212 -0.778385
v -0.651544 -0.043993 0.847633
v -0.882431 0.016776 -0.684120
v 0.818876 0.089910 -0.575433
v 0.660229 0.006286 0.772221
v 0.006632 -0.031333 -0.849341
v -0.431305 0.018251 -0.810974
v 0.380285 0.075957 -0.880987
v 0.824022 0.046957 -0.183550
v -0.832115 -0.033553 -0.290403
v -0.892344 -0.010827 0.647785
v 0.808195 0.036238 0.343565
v -0.566594 -0.124662 1.177691
v 0.563040 -0.062172 1.155042
v -0.551504 -0.078311 2.126637
v 0.508522 -0.077934 1.999831
v 0.003275 -0.055669 2.355199
v -0.299596 -0.056898 2.365426
v 0.295057 -0.060635 2.271717
v 0.812880 0.097898 -0.733983
v 0.431610 0.097228 -0.928986
v 0.803643 0.286692 -1.118173
v 0.459985 0.239883 -1.225825
v 0.776675 0.640069 -1.531095
v 0.460303 0.567292 -1.620188
v 0.659729 0.980549 -1.769659
v 0.477536 0.926153 -1.813718
v 0.028818 0.012949 -0.917525
v 0.337914 0.091344 -0.958117
v -0.047668 -0.001573 -0.955569
v -0.408068 0.055196 -0.917910
v -0.908007 0.060584 -0.833624
v -0.482920 0.059104 -0.892728
v -0.982010 0.337300 -1.251738
v -0.606666 0.342445 -1.347229
v -0.178270 0.388651 -1.504691
v -0.498774 0.388807 -1.420038
v -0.043230 0.348773 -1.474776
v 0.281189 0.450779 -1.476373
v -1.012397 0.772995 -1.637762
v -0.692924 0.804914 -1.677948
v -0.274903 0.919363 -1.858540
v -0.571749 0.889571 -1.820085
v -0.142538 0.845980 -1.838943
v 0.168213 0.918233 -1.832480
v -0.387709 1.329067 -2.144877
v -0.586529 1.316395 -2.125161
v -0.182362 1.316972 -2.073482
v 0.008035 1.350476 -2.082398
v -0.977832 1.162737 -1.811959
v -0.773477 1.165165 -1.821456
v -0.871784 -0.012490 -0.177070
v -1.221326 0.027781 0.305992
v -1.104242 0.228962 -0.536627
v -1.455634 0.272645 -0.272274
v -1.309738 0.657949 -0.869315
v -1.549248 0.684836 -0.747651
v -0.726594 -0.305850 0.712259
v -0.635700 0.072230 0.854625
v -0.715227 0.185309 -0.388574
v -0.874230 -0.083727 -0.701817
v -0.670675 -0.305975 -0.806752
v 0.554424 0.345726 -0.616206
v 0.812418 0.000378 -0.611772
v 0.757990 -0.142319 -0.462041
v 0.608723 0.259117 0.583082
v 0.657480 -0.120387 0.776552
v 0.520949 -0.332917 0.795294
v -0.487617 0.201054 0.894952
v 0.230819 -0.302405 -0.917368
v -0.239889 0.324419 -0.690408
v -0.135294 -0.411402 0.775168
v 0.050222 0.230848 0.904081
v -0.076836 0.258593 0.741558
v 0.050508 -0.438172 0.478836
v 0.041999 -0.357991 0.974644
v 0.035265 -0.131822 -0.855523
v -0.192150 -0.369729 -0.930552
v -0.205576 0.216259 0.908702
v -0.624355 0.340287 -0.640515
v -0.490109 -0.339222 0.817468
v -0.447153 -0.087515 -0.799770
v -0.371595 -0.454838 0.538486
v -0.378054 0.335724 0.787033
v 0.467636 0.147270 0.987305
v 0.152246 0.337978 -0.690617
v 0.225742 -0.396384 0.780299
v 0.592441 -0.242137 -0.793240
v 0.378686 0.255226 0.848450
v 0.204192 0.166954 1.052102
v 0.232276 0.292183 0.681617
v 0.412049 -0.386899 0.537727
v 0.376783 -0.027149 -0.867750
v -0.810171 -0.226187 -0.547460
v -0.778102 0.289800 0.244899
v 0.763513 -0.165682 0.060452
v 0.722994 0.294426 -0.396246
v -0.029778 0.282199 -0.427429
v 0.047392 -0.343152 -0.638131
v -0.439330 -0.337736 -0.572522
v -0.460350 0.228470 -0.417747
v 0.374625 0.274942 -0.445915
v 0.429065 -0.265630 -0.569599
v 0.250426 -0.381194 -0.424320
v 0.567866 0.275967 -0.174608
v -0.270138 0.450537 -0.127964
v -0.642089 -0.422819 -0.333842
v -0.183352 -0.423186 -0.442435
v 0.182488 0.460103 -0.166861
v -0.580879 0.255471 -0.066630
v 0.629830 -0.292166 -0.296908
v 0.820584 -0.065868 -0.195059
v -0.848172 -0.112600 -0.320960
v -0.836922 -0.435028 0.085597
v 0.732982 0.226735 0.038700
v -0.035470 0.493923 0.289662
v 0.045527 -0.423014 -0.146825
v -0.412970 -0.450111 -0.092221
v -0.408270 0.365733 0.240465
v 0.357011 0.400700 0.169332
v 0.445392 -0.353148 -0.061878
v -0.683869 0.251663 0.769927
v 0.689663 -0.255854 0.580529
v -0.898359 -0.200662 0.640399
v 0.244991 -0.409796 0.199859
v 0.506866 0.273773 0.363417
v -0.214904 0.337056 0.570681
v -0.656061 -0.452731 0.392265
v -0.176145 -0.448909 0.183699
v 0.098265 0.324566 0.479575
v -0.581699 0.363842 0.601409
v 0.602955 -0.314621 0.299916
v 0.791486 -0.076164 0.350940
v -0.549902 -0.039716 1.173438
v 0.547440 -0.186534 1.148212
v 0.421946 -0.375722 1.187732
v -0.421526 0.072529 1.199453
v -0.130757 -0.345537 1.229371
v 0.103602 0.138754 1.265811
v 0.254842 0.172829 1.659615
v -0.161570 0.124467 1.240280
v -0.432323 -0.281636 1.220102
v -0.297374 -0.301544 1.703878
v 0.181171 -0.352233 1.225890
v 0.324266 0.133861 1.237718
v 0.003420 -0.307797 1.697234
v -0.300913 -0.343844 0.985005
v -0.322090 0.080469 1.026138
v -0.056890 0.109640 1.049302
v -0.542740 0.075477 0.984121
v -0.554663 -0.250045 0.973907
v 0.353112 -0.375663 0.985277
v 0.557589 -0.278808 0.943110
v -0.539441 0.000383 2.104327
v 0.483811 -0.184184 1.984644
v 0.381633 -0.271043 2.020144
v -0.426165 0.096327 2.118295
v -0.149598 -0.273597 2.157730
v 0.149065 0.135697 2.118592
v 0.002709 -0.173249 2.308904
v -0.149598 0.135970 2.158540
v -0.438272 -0.245904 2.127347
v -0.299234 -0.170551 2.322858
v 0.150006 -0.273867 2.117797
v 0.379427 0.127762 2.020018
v 0.289941 -0.175669 2.232595
v 0.423833 0.150584 1.575393
v 0.471387 -0.252472 1.575293
v -0.539505 -0.229449 1.667951
v -0.016376 0.155989 1.703019
v 0.298206 -0.300933 1.658692
v -0.517891 0.072592 1.651799
v -0.294774 0.161697 1.702675
v 0.594041 0.334687 -0.746696
v 0.788298 0.015754 -0.780783
v 0.597357 -0.188878 -0.983350
v 0.447772 -0.008822 -1.000639
v 0.722238 0.316008 -0.623546
v 0.427876 0.312684 -0.761222
v 0.470783 -0.131904 -0.984094
v 0.736320 -0.103872 -0.762830
v 0.619405 0.420769 -1.075585
v 0.805775 0.205610 -1.174788
v 0.671384 0.065059 -1.339125
v 0.492113 0.156164 -1.302666
v 0.484880 0.352365 -0.949931
v 0.520791 -0.044359 -1.162275
v 0.749200 -0.023117 -1.015584
v 0.742704 0.374301 -0.876711
v 0.573313 0.684092 -1.452566
v 0.791376 0.593248 -1.597148
v 0.672513 0.471611 -1.735334
v 0.498073 0.524531 -1.683702
v 0.566613 0.274312 -1.555320
v 0.789145 0.329374 -1.471849
v 0.720511 0.577408 -1.275377
v 0.487267 0.531991 -1.322616
v 0.538117 0.974227 -1.691262
v 0.663494 0.974587 -1.798144
v 0.596801 0.920357 -1.866792
v 0.488663 0.922545 -1.840352
v 0.724965 0.767033 -1.766449
v 0.642772 0.888103 -1.542314
v 0.537303 0.717111 -1.816727
v 0.457930 0.833328 -1.597093
v 0.208094 -0.219994 -1.088195
v 0.049205 -0.069347 -0.995368
v 0.146946 0.329605 -0.834771
v 0.342822 -0.002644 -1.023455
v 0.101659 -0.215746 -1.009335
v 0.343350 -0.168794 -0.928125
v 0.018460 0.284627 -0.768656
v 0.290433 0.301931 -0.777726
v -0.268008 0.367684 -0.863851
v -0.041277 -0.073882 -1.047402
v -0.210932 -0.258480 -1.138521
v -0.405093 -0.055297 -0.993883
v -0.023861 -0.228211 -1.046268
v -0.105424 0.310191 -0.788358
v -0.387095 0.323713 -0.782050
v -0.381143 -0.187112 -0.990709
v -0.896462 -0.051481 -0.881798
v -0.701597 -0.151366 -1.053597
v -0.694926 0.321112 -0.806444
v -0.502478 -0.014157 -0.951073
v -0.824390 -0.171002 -0.849943
v -0.542098 -0.162621 -0.928821
v -0.499979 0.317150 -0.763433
v -0.807539 0.279308 -0.690904
v -0.975412 0.277887 -1.298215
v -0.803187 0.207019 -1.420886
v -0.798100 0.460250 -1.214457
v -0.627642 0.288736 -1.396461
v -0.604935 0.372399 -1.047807
v -0.877563 0.363379 -0.980000
v -0.898048 0.031381 -1.151671
v -0.618202 0.025269 -1.222216
v -0.342956 0.525816 -1.365510
v -0.189854 0.331262 -1.549823
v -0.342369 0.235112 -1.564399
v -0.497599 0.326215 -1.465957
v -0.410752 -0.020697 -1.265941
v -0.157442 -0.020885 -1.317269
v -0.186280 0.416328 -1.123104
v -0.412733 0.439584 -1.089640
v 0.129768 0.261634 -1.604167
v -0.033897 0.295588 -1.535341
v 0.097761 0.530320 -1.360837
v 0.279715 0.383538 -1.531252
v 0.288499 0.044076 -1.292664
v 0.240742 0.419264 -1.074246
v 0.014483 0.372755 -1.070799
v 0.063713 -0.015008 -1.280580
v -1.005758 0.743340 -1.688706
v -0.858738 0.712489 -1.790985
v -0.862049 0.836739 -1.558971
v -0.708401 0.772140 -1.731868
v -0.708452 0.456799 -1.585554
v -0.699238 0.645165 -1.416083
v -0.955513 0.442744 -1.530126
v -0.942992 0.628081 -1.361307
v -0.412740 0.967802 -1.756902
v -0.286763 0.887116 -1.909054
v -0.426895 0.779982 -1.977224
v -0.575398 0.831493 -1.894650
v -0.502919 0.526983 -1.710223
v -0.273768 0.530395 -1.749331
v -0.272085 0.751752 -1.610169
v -0.492730 0.764143 -1.565347
v 0.019112 0.784108 -1.985304
v -0.131673 0.810852 -1.904560
v 0.000151 0.945670 -1.708611
v 0.163080 0.881309 -1.896461
v -0.033067 0.488090 -1.756966
v 0.191769 0.567905 -1.765666
v 0.159186 0.767873 -1.547457
v -0.064689 0.712175 -1.546307
v -0.491594 1.357101 -2.040812
v -0.392721 1.302238 -2.175983
v -0.489802 1.272921 -2.188746
v -0.583775 1.290311 -2.158982
v -0.561394 1.065772 -2.069636
v -0.368720 1.084475 -2.089657
v -0.375182 1.202660 -1.926441
v -0.555807 1.194294 -1.902832
v -0.076538 1.287813 -2.150932
v -0.170192 1.293699 -2.112746
v -0.101502 1.366689 -1.975718
v 0.015748 1.332768 -2.112597
v 0.073340 1.098428 -2.068523
v 0.032097 1.217687 -1.866146
v -0.160046 1.186386 -1.837156
v -0.134461 1.053653 -2.067105
v -0.972651 1.147150 -1.850987
v -0.875433 1.131474 -1.886778
v -0.874683 1.177559 -1.724022
v -0.778494 1.156690 -1.855463
v -0.768475 0.966063 -1.827293
v -0.764275 1.047337 -1.639402
v -0.966252 0.954694 -1.810161
v -0.959113 1.040375 -1.619243
v -1.040933 0.244000 0.096477
v -0.983212 -0.162408 -0.255590
v -1.087440 -0.287979 0.023876
v -1.218008 -0.121791 0.301662
v -1.037569 -0.318299 0.404481
v -0.994101 -0.282897 -0.249664
v -0.804073 0.169429 -0.033202
v -0.997528 0.256079 0.405668
v -1.214884 0.370733 -0.322188
v -1.150606 0.129434 -0.560587
v -1.362771 0.006415 -0.487362
v -1.471930 0.168658 -0.309567
v -1.236728 0.271976 0.008662
v -1.316318 -0.102957 -0.042417
v -1.089030 -0.157632 -0.305976
v -0.955391 0.208448 -0.185864
v -1.369580 0.667103 -0.688837
v -1.351358 0.582936 -0.891494
v -1.485296 0.519771 -0.841901
v -1.573199 0.607090 -0.776803
v -1.532974 0.311367 -0.605763
v -1.317457 0.280124 -0.737590
v -1.194466 0.495047 -0.587309
v -1.413116 0.534314 -0.470034
v -0.650602 -0.169756 0.846280
v -0.842630 0.152412 -0.638042
v 0.787910 0.216985 -0.553479
v 0.616244 0.136029 0.786885
v -0.022721 0.124671 -0.796707
v -0.432174 0.152750 -0.779600
v 0.366008 0.189147 -0.820435
v 0.794696 0.162543 -0.186244
v -0.768297 0.061334 -0.230224
v -0.867234 0.172739 0.644208
v 0.787928 0.139173 0.320975
v -0.564508 -0.190839 1.187075
v 0.508542 0.027843 1.173107
v -0.551548 -0.158707 2.113368
v 0.482545 0.031488 1.984544
v 0.002709 0.050067 2.308905
v -0.297934 0.045695 2.321887
v 0.289941 0.046691 2.232590
v 0.793477 0.219441 -0.705289
v 0.429039 0.201638 -0.867703
v 0.787201 0.363194 -1.079924
v 0.457868 0.327393 -1.160516
v 0.743323 0.678563 -1.474005
v 0.448047 0.611544 -1.553421
v 0.639015 0.992162 -1.716172
v 0.464048 0.940162 -1.757875
v 0.014928 0.151337 -0.869591
v 0.316452 0.198983 -0.895828
v -0.077228 0.184161 -0.904929
v -0.415169 0.202197 -0.879019
v -0.886172 0.179279 -0.791189
v -0.496001 0.174212 -0.859161
v -0.963965 0.400542 -1.206187
v -0.615250 0.405489 -1.289146
v -0.191413 0.457336 -1.449813
v -0.490470 0.464011 -1.376293
v -0.043448 0.419671 -1.414721
v 0.261555 0.511768 -1.418672
v -0.999621 0.805152 -1.583070
v -0.703328 0.831218 -1.624705
v -0.290782 0.940413 -1.804969
v -0.557740 0.931207 -1.759992
v -0.135709 0.881417 -1.772774
v 0.151898 0.950037 -1.768066
v -0.393192 1.341416 -2.105307
v -0.584021 1.337131 -2.073780
v -0.183392 1.342933 -2.010227
v -0.007594 1.362888 -2.048056
v -0.971614 1.172336 -1.761694
v -0.778501 1.174110 -1.770410
v -0.843299 0.073337 -0.126203
v -1.203371 0.137632 0.288316
v -1.084743 0.287468 -0.479347
v -1.411969 0.333775 -0.246016
v -1.293252 0.648645 -0.806745
v -1.514922 0.676268 -0.699212
v -1.202659 0.454370 -0.726214
v -1.529525 0.497736 -0.530737
v -1.445098 0.718911 -0.853512
v -0.958552 0.047073 -0.305227
v -1.063612 -0.023749 0.506783
v -0.835807 -0.033090 -0.194999
v -1.337521 0.110788 0.034403
v -1.004052 1.000297 -1.720039
v -0.878542 1.204164 -1.833823
v -0.183501 1.132247 -1.940335
v -0.091521 1.384851 -2.104266
v -0.329044 1.182096 -1.975872
v -0.593504 1.128310 -1.981696
v -0.494177 1.370744 -2.163065
v -0.090174 0.580680 -1.656761
v 0.230384 0.673283 -1.669048
v 0.105715 1.166716 -1.956910
v -0.224843 0.633933 -1.694454
v -0.537365 0.637662 -1.628729
v -1.003801 0.526790 -1.440368
v -0.717687 1.008292 -1.734982
v -0.002178 0.137274 -1.160825
v -0.116668 0.156427 -1.204383
v -0.448303 0.167253 -1.153306
v -0.543539 0.175675 -1.133779
v -0.954250 0.194005 -1.052622
v -0.640751 0.564812 -1.516358
v -0.895222 0.027926 -0.758488
v -0.451355 0.026248 -0.822927
v -0.412226 0.024363 -0.833563
v 0.358949 0.069919 -0.890676
v 0.023595 -0.025114 -0.851423
v 0.315051 0.228815 -1.191581
v 0.449888 0.770668 -1.717268
v 0.562844 0.991961 -1.814996
v 0.798968 0.458718 -1.356702
v 0.463386 0.392483 -1.459026
v 0.719794 0.841251 -1.645718
v 0.808766 0.185760 -0.916783
v 0.406804 0.081690 -0.888872
v 0.817057 0.083981 -0.653437
v 0.447310 0.137752 -1.056559
v -0.572676 -0.080126 1.669511
v 0.414778 -0.069727 2.181324
v -0.148825 -0.054535 2.373318
v 0.152057 -0.056926 2.323217
v -0.440994 -0.067635 2.300820
v 0.604130 -0.028721 0.931638
v -0.592823 -0.089879 0.955035
v 0.541389 -0.049018 1.576633
v 0.825866 0.045923 0.069650
v -0.764410 -0.022208 0.754372
v 0.822905 0.076621 -0.403320
v -0.014284 -0.018950 -0.871039
v 0.740801 0.027541 0.567188
v -0.839164 -0.010491 -0.490101
v -0.860310 -0.109640 -0.519789
v 0.731905 -0.102968 0.577365
v -0.045462 0.145064 -0.819322
v 0.819888 -0.035707 -0.426735
v -0.757350 -0.169234 0.725275
v 0.812644 -0.061128 0.075581
v 0.520976 -0.160120 1.571793
v -0.579270 -0.004062 0.963935
v 0.596603 -0.140842 0.930039
v -0.441136 -0.164341 2.271341
v 0.151302 -0.174037 2.278292
v -0.149068 -0.172552 2.325760
v 0.400339 -0.179872 2.153031
v -0.557412 -0.000557 1.657957
v 0.470575 0.030238 -1.123045
v 0.790040 0.212850 -0.625935
v 0.419200 -0.026248 -0.886405
v 0.794324 0.284516 -0.893612
v 0.688203 0.866794 -1.585308
v 0.502986 0.320054 -1.512481
v 0.774096 0.518864 -1.314836
v 0.576922 0.977436 -1.854833
v 0.483561 0.738173 -1.776523
v 0.292904 0.332074 -1.135792
v 0.049636 -0.121050 -0.858038
v 0.340219 0.177788 -0.828529
v -0.418589 -0.089419 -0.853791
v -0.458750 0.148914 -0.791501
v -0.884308 -0.062876 -0.801519
v -0.653278 0.611213 -1.465407
v -0.945358 0.103900 -1.102122
v -0.555660 0.282568 -1.089549
v -0.445648 0.065749 -1.208695
v -0.139860 0.281144 -1.162665
v 0.017552 0.046049 -1.223734
v -0.726578 1.037197 -1.688300
v -0.996150 0.478541 -1.486633
v -0.533390 0.578601 -1.666832
v -0.240282 0.688429 -1.647611
v 0.084041 1.200775 -1.894941
v 0.210563 0.720785 -1.612411
v -0.083315 0.531408 -1.709989
v -0.495676 1.343211 -2.197526
v -0.589965 1.093820 -2.029855
v -0.337653 1.190700 -1.937226
v -0.083718 1.361220 -2.145302
v -0.170887 1.088279 -2.019042
v -0.878015 1.188108 -1.873606
v -0.998295 0.974769 -1.769681
v -1.344138 -0.001373 0.012324
v -0.791573 0.057347 -0.137928
v -1.057515 -0.183923 0.491068
v -0.924809 0.130607 -0.251942
v -1.477229 0.646155 -0.876861
v -1.550168 0.402705 -0.565419
v -1.184521 0.475755 -0.665555
v -1.250098 0.362150 -0.747800
v -1.486733 0.519856 -0.492677
v -1.288666 0.561858 -0.509297
v -1.410323 0.721166 -0.786865
v -1.104061 0.302514 -0.077273
v -1.208106 -0.156960 -0.178257
v -1.016054 -0.069479 -0.326960
v -1.431250 0.274892 -0.675301
v -1.043024 0.132105 0.489047
v -0.934963 -0.180202 -0.274588
v -0.924795 0.261798 0.190059
v -1.298751 0.205681 0.039326
v -0.992951 1.022660 -1.664458
v -0.862012 1.050413 -1.613339
v -0.868092 0.954997 -1.827660
v -0.877329 1.211996 -1.782292
v -0.035646 1.073041 -2.081527
v -0.063942 1.219966 -1.810928
v -0.178618 1.162499 -1.868820
v -0.097029 1.402829 -2.047550
v -0.336230 1.164858 -2.007830
v -0.584554 1.169281 -1.925653
v -0.449585 1.212463 -1.906853
v -0.495564 1.389358 -2.111245
v 0.043472 0.758335 -1.526328
v -0.092272 0.643065 -1.603402
v 0.226782 0.621026 -1.723402
v 0.102464 1.133934 -2.019358
v -0.236010 0.583094 -1.728242
v -0.534827 0.681913 -1.603541
v -0.366875 0.799863 -1.572699
v -0.464886 1.058240 -2.095953
v -0.988967 0.580930 -1.393210
v -0.813787 0.670936 -1.351512
v -0.833238 0.440363 -1.565757
v -0.730876 0.993063 -1.776203
v 0.178321 -0.003347 -1.298865
v 0.122654 0.424696 -1.053236
v -0.007575 0.252089 -1.117247
v 0.081028 0.517757 -1.771855
v -0.119110 0.056290 -1.267280
v -0.447151 0.303500 -1.117851
v -0.300845 0.467086 -1.095270
v -0.375154 0.524026 -1.737359
v -0.759139 0.011909 -1.197221
v -0.562459 0.089221 -1.186324
v -0.933469 0.286577 -1.007277
v -0.658992 0.512025 -1.560063
v -0.871741 0.157425 -0.715211
v -0.659682 0.326456 -0.732895
v -0.471782 -0.063447 -0.824791
v -0.737173 0.420486 -0.988612
v -0.194795 -0.332021 -1.071881
v -0.415921 0.168526 -0.798968
v -0.250551 0.348426 -0.779771
v -0.273931 -0.074189 -1.321694
v 0.343250 -0.032556 -0.899362
v 0.149931 0.330557 -0.763283
v 0.001721 0.122395 -0.800633
v 0.317922 0.127718 -1.248085
v 0.434448 0.800323 -1.651459
v 0.549548 0.866728 -1.560025
v 0.636168 0.734981 -1.803345
v 0.545729 1.003284 -1.759029
v 0.809846 0.391451 -1.412864
v 0.459427 0.450942 -1.399893
v 0.599448 0.579479 -1.279166
v 0.736860 0.804925 -1.708912
v 0.609564 0.401309 -0.892089
v 0.632194 -0.074343 -1.112338
v 0.794346 0.075246 -0.958758
v 0.683166 0.288033 -1.525997
v 0.398220 0.191089 -0.826568
v 0.798737 -0.002174 -0.697127
v 0.591119 -0.217514 -0.907329
v 0.448809 0.250648 -1.005091
v -0.160408 0.155431 1.707575
v -0.570818 -0.159103 1.667970
v 0.159771 -0.309479 1.682066
v -0.418927 0.111216 1.675771
v 0.395880 -0.287651 1.614523
v 0.125468 0.164172 1.686148
v 0.400339 0.038404 2.152997
v -0.149068 0.050759 2.325760
v 0.151302 0.049292 2.278294
v -0.434433 0.022543 2.266334
v 0.468464 -0.348808 0.966406
v -0.452303 -0.285759 0.982072
v 0.553765 0.074292 0.952980
v 0.204705 -0.360441 0.981548
v 0.068147 0.147305 1.056238
v -0.587504 -0.175023 0.960584
v -0.150552 -0.308345 1.704526
v 0.346300 0.173305 1.614724
v 0.494623 0.061895 1.571902
v -0.432334 -0.273140 1.685835
v 0.802776 0.145560 0.049595
v 0.622273 -0.289199 0.003032
v -0.576266 0.305339 0.264868
v 0.164427 0.480912 0.245546
v -0.178108 -0.435871 -0.133466
v -0.653676 -0.479493 0.001268
v -0.234608 0.440228 0.279951
v 0.556464 0.269178 0.072084
v 0.251743 -0.395140 -0.113769
v -0.736096 0.142056 0.755608
v -0.971934 -0.340632 0.089947
v 0.792147 0.199383 -0.393826
v 0.617681 -0.270726 -0.568802
v -0.598163 0.216024 -0.384288
v 0.172114 0.291532 -0.440404
v -0.190236 -0.392683 -0.719363
v -0.659678 -0.372091 -0.603993
v -0.272536 0.282073 -0.428841
v 0.564825 0.304478 -0.422347
v 0.245432 -0.349707 -0.715265
v 0.221044 -0.268337 -1.036035
v 0.237925 -0.417163 0.503596
v 0.435426 0.287425 0.627276
v 0.341446 0.157124 1.024621
v -0.130015 -0.361457 0.979012
v -0.217462 0.303583 0.768571
v -0.583731 -0.402744 0.623978
v -0.680667 -0.263569 -0.931124
v 0.004801 -0.121137 -0.912937
v -0.182451 0.089026 1.035977
v -0.155047 -0.444505 0.492959
v 0.063412 0.269889 0.714245
v -0.536239 0.327187 0.783801
v 0.566219 -0.338204 0.562376
v -0.446084 0.061600 1.005779
v 0.705440 0.161612 0.565486
v 0.570530 0.340879 -0.684237
v -0.780271 0.078181 -0.435953
v -0.528087 0.328622 -0.674402
v -0.405328 -0.369746 0.805278
v -0.514551 0.286308 -0.078812
v -0.483408 0.387761 0.599261
v -0.359978 -0.307435 1.225088
v -0.368502 -0.256637 2.142842
v -0.620126 0.315630 -0.819561
v -0.732476 0.459829 -1.231660
v -0.806648 0.839929 -1.569912
v -0.832258 1.172657 -1.724216
v -0.826009 1.184665 -1.827639
v -0.555533 -0.274837 -0.771448
v -0.418208 0.216642 0.902008
v -0.535208 -0.403517 -0.371308
v -0.534165 -0.461066 0.318309
v -0.362044 0.089175 1.213322
v -0.361149 0.112207 2.137336
v -0.638846 -0.137527 -1.056228
v -0.740265 0.218459 -1.424218
v -0.804809 0.721073 -1.781852
v -0.831390 1.130085 -1.880198
v -0.370295 -0.062267 2.333123
v -0.370185 -0.167446 2.297099
v -0.828255 1.172399 -1.864535
v -0.813143 1.048875 -1.626370
v -0.818283 0.960530 -1.827477
v -0.827915 1.193053 -1.776351
v -0.756512 0.658050 -1.383798
v -0.770845 0.448581 -1.575655
v -0.688670 0.018589 -1.209718
v -0.579830 0.321803 -0.748164
v -0.671054 0.396442 -1.018209
v -0.356851 0.132920 1.689223
v -0.366184 0.034119 2.294111
v -0.376608 -0.314802 0.983539
v -0.364854 -0.287342 1.694856
v -0.484369 0.323923 0.265053
v -0.533323 -0.464802 -0.045476
v -0.529257 0.207046 -0.401017
v -0.549504 -0.354913 -0.588258
v -0.477663 -0.428791 0.581232
v -0.611382 -0.213095 -0.929973
v -0.457146 0.332620 0.785417
v -0.384087 0.069717 1.015958
v -0.315437 -0.298468 -0.840584
v -0.277188 0.227198 0.908883
v -0.305840 -0.403701 -0.425605
v -0.294207 -0.459155 0.214026
v -0.232066 0.123858 1.233736
v -0.222865 0.132029 2.157458
v -0.290543 -0.207484 -1.105645
v -0.404834 0.252253 -1.541743
v -0.483952 0.784499 -1.962849
v -0.529554 1.265949 -2.174393
v -0.224210 -0.055716 2.369372
v -0.335854 0.320688 -0.699349
v -0.227921 -0.405836 0.784128
v -0.359231 0.412957 -0.102851
v -0.300011 0.345885 0.583897
v -0.209195 -0.339385 1.229723
v -0.224165 -0.270484 2.158034
v -0.329262 0.355592 -0.862392
v -0.398898 0.527961 -1.355300
v -0.463657 0.960773 -1.749086
v -0.532029 1.347257 -2.031781
v -0.540353 1.343569 -2.144113
v -0.224151 -0.171552 2.324309
v -0.539725 1.316761 -2.178254
v -0.502696 1.203379 -1.904842
v -0.539793 1.363244 -2.092513
v -0.429802 0.782003 -1.569023
v -0.513140 1.062006 -2.082794
v -0.356789 0.453335 -1.092455
v -0.439036 0.525504 -1.723791
v -0.287969 -0.272316 -1.031295
v -0.318823 0.336069 -0.780910
v -0.342341 -0.047443 -1.293817
v -0.227591 0.158564 1.705125
v -0.223501 0.048227 2.323824
v -0.223963 -0.304945 1.704202
v -0.295539 -0.442991 -0.112844
v -0.317886 0.411952 0.267353
v -0.314783 -0.365209 -0.645942
v -0.366443 0.299090 -0.423294
v -0.215464 -0.352651 0.982009
v -0.297758 0.323465 0.777802
v -0.252270 0.084747 1.031057
v -0.263321 -0.449672 0.515723
v -0.141909 0.312912 -0.703078
v -0.041402 -0.410134 0.770337
v -0.144091 0.490850 -0.153396
v -0.139109 0.334281 0.548652
v -0.051855 -0.342545 1.228332
v -0.074085 -0.273658 2.150674
v -0.201670 0.348549 -0.870271
v -0.287189 0.515293 -1.384376
v -0.371804 0.957774 -1.764170
v -0.447695 1.345696 -2.051157
v -0.440943 1.349905 -2.153971
v -0.065047 -0.308192 -0.854297
v -0.142330 0.199535 0.908426
v -0.069145 -0.419080 -0.448021
v -0.066148 -0.442996 0.176006
v -0.091169 0.124874 1.246117
v -0.074085 0.135904 2.151899
v -0.142839 -0.220067 -1.132453
v -0.285206 0.249950 -1.573277
v -0.375518 0.798993 -1.971558
v -0.445736 1.269673 -2.184156
v -0.072775 -0.055102 2.364259
v -0.073179 -0.172900 2.317332
v -0.444199 1.322724 -2.186754
v -0.412383 1.207562 -1.916647
v -0.444378 1.365387 -2.108276
v -0.319480 0.775807 -1.591434
v -0.416803 1.071358 -2.092805
v -0.243562 0.441707 -1.109187
v -0.324461 0.527210 -1.743345
v -0.109328 -0.292866 -1.059075
v -0.177987 0.329308 -0.784065
v -0.215687 -0.047537 -1.319481
v -0.088392 0.155710 1.705297
v -0.073179 0.050413 2.317332
v -0.073566 -0.308071 1.700880
v -0.066290 -0.429443 -0.140146
v -0.153406 0.474392 0.296126
v -0.071422 -0.367918 -0.678747
v -0.151157 0.282056 -0.428135
v -0.044008 -0.359724 0.976828
v -0.147149 0.281489 0.755065
v -0.119670 0.095713 1.042639
v -0.052269 -0.441339 0.485898
v 0.144266 -0.294276 -0.857110
v -0.014431 0.221016 0.906116
v 0.147745 -0.398084 -0.438964
v 0.144420 -0.423440 0.184086
v 0.041417 0.132018 1.258882
v 0.075246 0.135767 2.131925
v 0.151055 -0.211227 -1.077952
v 0.071428 0.254105 -1.593180
v -0.034195 0.769805 -1.975001
v -0.115431 1.271939 -2.142822
v 0.077666 -0.056298 2.339208
v 0.054158 0.319692 -0.703183
v 0.139116 -0.402625 0.772902
v 0.081701 0.494234 -0.165693
v 0.017476 0.325906 0.503100
v 0.104109 -0.333418 1.226592
v 0.075717 -0.273793 2.130708
v 0.089650 0.309860 -0.837518
v 0.042020 0.508328 -1.365652
v -0.052109 0.929001 -1.715977
v -0.142882 1.357507 -1.970839
v -0.136942 1.350911 -2.088874
v 0.077005 -0.173643 2.293598
v -0.126955 1.327459 -2.129024
v -0.085053 1.063347 -2.074316
v -0.111994 1.203176 -1.824042
v -0.140210 1.372881 -2.028889
v -0.010608 0.735255 -1.536318
v 0.121017 -0.009177 -1.289722
v 0.068569 0.398725 -1.062018
v 0.023981 0.502924 -1.764411
v 0.084196 0.307592 -0.765970
v 0.081595 -0.308638 1.689650
v 0.054546 0.160081 1.694584
v 0.077005 0.049680 2.293599
v 0.123352 -0.350751 0.978096
v 0.005629 0.131654 1.052770
v 0.072303 0.494863 0.265802
v 0.148635 -0.409077 -0.130297
v 0.071168 0.287026 -0.433916
v 0.146412 -0.346429 -0.676698
v 0.154842 -0.250827 -1.023755
v 0.144217 -0.427668 0.491216
v -0.006712 0.272806 0.727901
v 0.253923 0.331117 -0.701454
v 0.306203 -0.385385 0.788176
v 0.284836 0.409127 -0.168048
v 0.192095 0.318241 0.457853
v 0.251251 -0.385276 1.221645
v 0.217231 -0.273559 2.099560
v 0.208138 0.317776 -0.841176
v 0.155813 0.539785 -1.365917
v 0.053930 0.956440 -1.713157
v -0.063200 1.361670 -1.989869
v -0.041743 1.367663 -2.093332
v 0.322140 -0.269902 -0.841740
v 0.127622 0.248210 0.896868
v 0.348283 -0.339773 -0.399698
v 0.338917 -0.391944 0.224557
v 0.163271 0.138149 1.266763
v 0.215820 0.135025 2.099925
v 0.259689 -0.186398 -1.080765
v 0.186750 0.286891 -1.597335
v 0.072373 0.808484 -1.975635
v -0.034353 1.289307 -2.148079
v 0.223557 -0.058780 2.297467
v 0.220621 -0.174853 2.255444
v -0.033985 1.346994 -2.128950
v 0.018847 1.085734 -2.075025
v -0.015923 1.218826 -1.838537
v -0.052311 1.382859 -2.047803
v 0.101329 0.763104 -1.536893
v 0.233410 0.020364 -1.295764
v 0.181698 0.421980 -1.063741
v 0.136399 0.542831 -1.768760
v 0.220182 0.316244 -0.770505
v 0.228989 -0.305206 1.670379
v 0.190155 0.168500 1.672881
v 0.220621 0.047992 2.255442
v 0.278909 -0.376141 0.983412
v 0.136170 0.158474 1.054170
v 0.267770 0.446306 0.215759
v 0.348567 -0.374144 -0.087824
v 0.273318 0.293115 -0.443130
v 0.337248 -0.307668 -0.642432
v 0.297683 -0.223549 -0.969418
v 0.324987 -0.402031 0.520662
v 0.147844 0.284629 0.697931
v 0.505205 -0.216458 -0.767363
v 0.291854 0.264587 0.869052
v 0.537985 -0.295259 -0.335991
v 0.517899 -0.344356 0.274585
v 0.273028 0.134375 1.249740
v 0.331001 0.131057 2.050638
v 0.540178 -0.148769 -1.016619
v 0.612183 0.072433 -1.354179
v 0.616605 0.470998 -1.740208
v 0.558491 0.902927 -1.871479
v 0.354918 -0.065181 2.226520
v 0.455012 0.334991 -0.664249
v 0.453807 -0.353651 0.795673
v 0.470113 0.297030 -0.164084
v 0.396433 0.290654 0.399564
v 0.371638 -0.387199 1.202566
v 0.333045 -0.272147 2.050733
v 0.528002 0.320773 -0.778002
v 0.557225 0.408133 -1.092055
v 0.521917 0.668564 -1.471990
v 0.500022 0.957692 -1.697748
v 0.520190 0.959057 -1.814357
v 0.345140 -0.177771 2.192813
v 0.532793 0.949991 -1.847593
v 0.503739 0.850028 -1.578559
v 0.586736 0.726046 -1.810036
v 0.504888 0.971723 -1.758452
v 0.543357 0.555735 -1.300891
v 0.547222 0.376837 -0.921010
v 0.576908 -0.058774 -1.135957
v 0.624889 0.281172 -1.540659
v 0.523524 -0.182040 -0.951058
v 0.347043 -0.294292 1.636607
v 0.345140 0.042547 2.192794
v 0.410788 -0.376126 0.975842
v 0.300571 0.173067 1.637169
v 0.533832 -0.321173 -0.029423
v 0.447389 0.351952 0.134605
v 0.523373 -0.268178 -0.569200
v 0.469731 0.287857 -0.434383
v 0.333851 0.284771 0.654446
v 0.272819 0.165246 1.038361
v 0.489134 -0.362551 0.550051
v 0.499203 0.326782 -0.722730
v 0.635229 0.333588 -0.587170
v 0.572352 -0.292059 0.792404
v 0.644529 0.253755 -0.177909
v 0.606858 0.257473 0.339105
v 0.461604 -0.356011 1.172195
v 0.414964 -0.266959 1.980048
v 0.663727 0.323447 -0.723454
v 0.681076 0.419682 -1.066718
v 0.629724 0.692041 -1.445317
v 0.577909 0.980356 -1.679145
v 0.611287 0.986255 -1.792328
v 0.676847 -0.184724 -0.724933
v 0.452987 0.238144 0.829296
v 0.695878 -0.228342 -0.256033
v 0.671666 -0.258105 0.319898
v 0.373527 0.122306 1.219074
v 0.412173 0.121374 1.979883
v 0.670000 -0.151446 -0.914314
v 0.725225 0.092730 -1.295510
v 0.722648 0.496262 -1.706940
v 0.636212 0.925688 -1.852331
v 0.461650 -0.073830 2.090577
v 0.442075 -0.182028 2.068838
v 0.620208 0.976012 -1.826488
v 0.596160 0.877416 -1.551169
v 0.680566 0.751007 -1.784897
v 0.592372 0.997723 -1.737601
v 0.659980 0.578444 -1.277272
v 0.676134 0.387805 -0.884400
v 0.691964 -0.046971 -1.059852
v 0.736155 0.308704 -1.498923
v 0.672203 -0.166462 -0.831739
v 0.433634 -0.270061 1.594908
v 0.441442 0.034946 2.068771
v 0.513027 -0.313182 0.954758
v 0.385066 0.161944 1.595058
v 0.692893 -0.227440 0.031742
v 0.644723 0.235887 0.055392
v 0.687835 -0.206523 -0.515421
v 0.643910 0.299452 -0.409297
v 0.522075 0.273271 0.605179
v 0.404541 0.143312 1.005963
v 0.627941 -0.297029 0.571453
v 0.646384 0.328443 -0.653892
v -0.292504 -0.317389 1.466976
v 0.423311 0.130668 1.387911
v 0.486324 -0.289096 1.365975
v -0.536782 -0.240180 1.434912
v 0.309769 -0.349805 1.438045
v -0.298447 0.140233 1.466575
v 0.238316 0.153859 1.460688
v 0.015233 -0.323675 1.462263
v -0.018850 0.139076 1.475869
v -0.515293 0.039038 1.416597
v -0.569635 -0.102394 1.423601
v 0.552215 -0.055595 1.365838
v 0.534208 -0.173327 1.360003
v -0.553657 -0.028350 1.415698
v -0.161019 0.144474 1.473939
v -0.567663 -0.174971 1.427523
v 0.170471 -0.330856 1.453978
v -0.415003 0.109401 1.439404
v 0.408913 -0.331687 1.401128
v 0.113467 0.141399 1.472949
v -0.140655 -0.326941 1.466949
v 0.335283 0.153583 1.426221
v 0.501583 0.044869 1.372504
v -0.432329 -0.277388 1.452968
v -0.362416 -0.297389 1.459972
v -0.355610 0.132857 1.452662
v -0.216579 -0.322165 1.466963
v -0.229733 0.142353 1.470257
v -0.062711 -0.325308 1.464606
v -0.089934 0.148196 1.474904
v 0.047309 0.133017 1.474409
v 0.092852 -0.321028 1.458121
v 0.175892 0.147629 1.466818
v 0.240120 -0.345241 1.446012
v 0.286800 0.153721 1.443455
v 0.359341 -0.340746 1.419586
v 0.379297 0.142125 1.407066
v 0.447619 -0.313036 1.383551
v 0.268709 0.153591 1.870437
v 0.002424 -0.290758 1.920426
v -0.007474 0.145913 1.924139
v -0.518393 0.067792 1.850588
v -0.562090 -0.079219 1.898074
v 0.524956 -0.063476 1.788232
v -0.298053 -0.284457 1.931108
v 0.434376 0.132785 1.757570
v 0.459841 -0.257674 1.757622
v -0.539140 -0.225745 1.866088
v 0.291332 -0.287092 1.870007
v -0.295454 0.144892 1.929526
v 0.502393 -0.172152 1.778219
v -0.548426 -0.000087 1.881142
v -0.155003 0.145701 1.933058
v -0.561183 -0.158905 1.890669
v 0.154888 -0.291673 1.899932
v -0.422546 0.110605 1.897033
v 0.388757 -0.279347 1.817333
v 0.137266 0.149934 1.902370
v -0.150075 -0.290971 1.931128
v 0.362863 0.150533 1.817371
v 0.488584 0.046691 1.778223
v -0.435303 -0.259522 1.906591
v -0.359000 0.127749 1.913279
v -0.366678 -0.271990 1.918849
v -0.224064 -0.287714 1.931118
v -0.225228 0.145297 1.931292
v -0.081239 0.145807 1.928598
v -0.073826 -0.290865 1.925777
v 0.078656 -0.291216 1.910179
v 0.064896 0.147924 1.913254
v 0.202988 0.151762 1.886403
v 0.223110 -0.289383 1.884969
v 0.340044 -0.283219 1.843670
v 0.315786 0.152062 1.843904
v 0.398620 0.141659 1.787471
v 0.424299 -0.268510 1.787478
v -0.744920 0.230317 0.073302
v 0.762719 -0.165100 -0.077354
v -0.961834 0.209055 0.023621
v -1.159305 0.355561 -0.365862
v -1.327559 0.635946 -0.702728
v -1.377418 0.688430 -0.861414
v -0.852478 -0.370878 -0.109113
v 0.730686 0.233509 -0.073726
v -0.046007 0.544858 -0.067613
v 0.045295 -0.418994 -0.300217
v -0.420649 -0.417163 -0.250498
v -0.455369 0.352172 0.089691
v 0.437140 0.335002 -0.026928
v 0.445765 -0.325750 -0.218477
v -1.073571 -0.273817 -0.106403
v -1.298215 0.015476 -0.526286
v -1.435500 0.508038 -0.859758
v 0.824944 0.046440 -0.056950
v 0.816614 -0.063498 -0.059739
v -1.414294 0.614546 -0.884178
v -1.241566 0.528453 -0.548303
v -1.351788 0.684906 -0.796805
v -1.029726 0.255481 -0.131569
v -1.148568 -0.157296 -0.242117
v -1.374353 0.277508 -0.706446
v -0.864434 0.215613 0.078428
v 0.798736 0.154051 -0.068324
v 0.626051 -0.290682 -0.146938
v -0.578572 0.291815 0.099119
v 0.186740 0.493584 -0.084549
v -0.180730 -0.429529 -0.287951
v -0.647882 -0.451156 -0.166287
v -0.308266 0.454621 0.024250
v 0.565069 0.270007 -0.050863
v 0.251085 -0.388167 -0.269045
v -0.983018 -0.311765 -0.079859
v -0.534266 -0.434159 -0.208392
v -0.499460 0.314654 0.093121
v -0.382660 0.420281 0.082242
v -0.300689 -0.423346 -0.269224
v -0.153650 0.530496 -0.048947
v -0.067718 -0.424261 -0.294084
v 0.148190 -0.403580 -0.284631
v 0.083656 0.530247 -0.081294
v 0.348425 -0.356959 -0.243761
v 0.323222 0.409454 -0.072783
v 0.500381 0.293828 -0.039631
v 0.535908 -0.308216 -0.182707
v 0.647789 0.239937 -0.062286
v 0.694385 -0.227891 -0.112146
v -0.839103 -0.266458 -0.425642
v 0.725692 0.267354 -0.291199
v -0.023360 0.446837 -0.266858
v 0.046227 -0.379063 -0.545869
v -0.433829 -0.360975 -0.490648
v -0.454287 0.293704 -0.254371
v 0.388927 0.298612 -0.289406
v 0.437602 -0.281991 -0.472337
v 0.823464 0.061789 -0.293435
v -0.713483 0.178072 -0.243434
v 0.759958 -0.153418 -0.338600
v -0.835639 -0.022022 -0.390252
v -0.854241 -0.111120 -0.420374
v 0.820236 -0.050788 -0.310897
v 0.793421 0.180963 -0.290035
v 0.623755 -0.281446 -0.432855
v -0.589521 0.216571 -0.225459
v 0.177999 0.400504 -0.284512
v -0.186794 -0.407935 -0.580899
v -0.650883 -0.397455 -0.468917
v -0.269997 0.388458 -0.271924
v 0.569072 0.284075 -0.298062
v 0.247929 -0.365450 -0.569793
v -0.774284 0.069757 -0.333088
v -0.521904 0.272884 -0.239915
v -0.542356 -0.379215 -0.479783
v -0.310311 -0.384455 -0.535774
v -0.362142 0.353788 -0.263147
v -0.146679 0.424722 -0.269391
v -0.070283 -0.393499 -0.563384
v 0.147078 -0.372257 -0.557831
v 0.077329 0.429566 -0.275617
v 0.278833 0.356330 -0.292188
v 0.342766 -0.323721 -0.521065
v 0.530679 -0.281719 -0.452596
v 0.476333 0.284264 -0.296284
v 0.647382 0.271719 -0.294631
v 0.691856 -0.217432 -0.385727
v -0.849398 -0.398193 0.300327
v 0.719794 0.232950 0.177025
v -0.043602 0.449849 0.378316
v 0.044688 -0.430049 0.010744
v -0.412620 -0.459756 0.076066
v -0.388891 0.350754 0.431071
v 0.316965 0.395883 0.278312
v 0.439117 -0.363620 0.093688
v -1.133624 -0.258902 0.127152
v -1.411179 0.032666 -0.431414
v -1.528532 0.518991 -0.810143
v 0.817030 0.041081 0.206607
v -0.787797 0.299682 0.409200
v 0.751945 -0.183636 0.200165
v -1.096250 0.235620 0.167251
v -1.277960 0.373823 -0.285981
v -1.420867 0.650092 -0.658951
v -1.497173 0.701874 -0.800581
v 0.802065 -0.068646 0.213261
v -1.525214 0.626623 -0.826832
v -1.350891 0.548086 -0.489665
v -1.462623 0.698717 -0.743039
v -1.170394 0.287245 -0.034305
v -1.262212 -0.129959 -0.110337
v -1.482112 0.293130 -0.640532
v -0.961161 0.258938 0.297863
v 0.795352 0.142366 0.185285
v 0.612614 -0.301910 0.151474
v -0.578982 0.329557 0.433138
v 0.126454 0.457620 0.331353
v -0.177126 -0.442390 0.025116
v -0.654868 -0.466112 0.196766
v -0.214318 0.388274 0.410992
v 0.531788 0.266930 0.217471
v 0.248367 -0.402468 0.043045
v -1.004752 -0.329466 0.247214
v -0.483889 0.327899 0.432157
v -0.533744 -0.462934 0.136416
v -0.294873 -0.451073 0.050591
v -0.301586 0.352369 0.421043
v -0.129027 0.428493 0.394706
v -0.066219 -0.436219 0.017930
v 0.146527 -0.416258 0.026894
v 0.041444 0.462080 0.354827
v 0.222232 0.430828 0.304678
v 0.343742 -0.383044 0.068366
v 0.525865 -0.332765 0.122581
v 0.424318 0.331121 0.247891
v 0.625791 0.246680 0.197248
v 0.682280 -0.242773 0.175820
v -0.735945 0.218425 -0.500280
v 0.751138 -0.129047 -0.562675
v -0.860798 0.003143 -0.587110
v -0.813257 -0.212957 -0.647720
v 0.719513 0.307937 -0.477190
v -0.036854 0.301859 -0.571589
v 0.042359 -0.297163 -0.767689
v -0.439860 -0.267082 -0.691523
v -0.446085 0.263591 -0.563018
v 0.365118 0.303970 -0.579355
v 0.419202 -0.225481 -0.724365
v 0.820891 0.083266 -0.489377
v -0.867270 -0.096684 -0.610803
v 0.816153 -0.017665 -0.519253
v 0.790028 0.208184 -0.473652
v 0.605061 -0.256432 -0.681021
v -0.611259 0.278156 -0.512402
v 0.162180 0.327642 -0.565510
v -0.191193 -0.381206 -0.824957
v -0.665176 -0.339033 -0.705372
v -0.256213 0.317243 -0.559624
v 0.559625 0.325102 -0.519277
v 0.238125 -0.326056 -0.816317
v -0.811451 0.115297 -0.536998
v -0.552518 -0.314875 -0.679853
v -0.528672 0.270873 -0.537710
v -0.351149 0.297816 -0.561321
v -0.315110 -0.331839 -0.743263
v -0.146533 0.310055 -0.565606
v -0.068234 -0.338055 -0.766522
v 0.145339 -0.320353 -0.766904
v 0.062663 0.321021 -0.568549
v 0.329694 -0.288785 -0.742086
v 0.263649 0.306435 -0.572433
v 0.462371 0.314536 -0.549316
v 0.514289 -0.242318 -0.668282
v 0.639569 0.316520 -0.498234
v 0.682341 -0.195623 -0.620177
v -0.185203 0.504380 0.152291
v 0.103713 0.522439 0.139840
v 0.215052 0.483925 0.103725
v -0.032050 0.535907 0.166256
v 0.346211 0.405234 0.035761
v -0.294189 0.464634 0.116853
v -0.037589 0.547900 -0.054561
v 0.386751 0.363094 -0.019593
v 0.165979 0.499227 -0.067883
v -0.266968 0.468914 0.025815
v -0.331639 0.439214 0.075829
v -0.131684 0.535349 -0.038230
v 0.075825 0.531319 -0.064903
v 0.286410 0.429097 -0.057859
v -0.159342 0.512810 0.136415
v 0.093693 0.522581 0.123899
v 0.191289 0.492845 0.092362
v -0.025315 0.540594 0.148650
v 0.306111 0.421113 0.033154
v -0.254712 0.477761 0.105425
v -0.021894 0.217519 -0.031295
v 0.288371 0.082187 -0.005885
v 0.126522 0.185418 -0.040991
v -0.189430 0.159692 0.027358
v -0.236842 0.137921 0.063864
v -0.090365 0.208452 -0.019406
v 0.061282 0.208598 -0.038874
v 0.214653 0.130724 -0.033732
v -0.110796 0.190060 0.108006
v 0.074328 0.200550 0.098790
v 0.145124 0.177320 0.075854
v -0.012829 0.208879 0.116905
v 0.229763 0.127713 0.032540
v -0.180323 0.166251 0.085398
v 0.146251 0.489811 -0.054437
v 0.068554 0.517447 -0.051888
v -0.019072 0.522224 0.132777
v 0.084010 0.509053 0.111344
v -0.029741 0.530197 -0.042928
v -0.111025 0.519388 -0.028818
v 0.168207 0.482570 0.084108
v 0.267937 0.421900 0.032847
v -0.228199 0.461790 0.026586
v -0.284240 0.436055 0.069847
v 0.337561 0.370128 -0.012739
v -0.217518 0.469493 0.095412
v -0.135069 0.498923 0.122210
v 0.250532 0.427398 -0.045796
vn -0.5624 -0.6612 0.4965
vn -0.4625 0.4386 0.7705
vn -0.7479 -0.6532 -0.1181
vn -0.5635 0.7235 0.3989
vn 0.8013 -0.5381 0.2614
vn 0.3563 0.8658 0.3515
vn 0.8206 -0.5568 -0.1286
vn 0.2689 0.9604 0.0733
vn 0.0759 -0.9031 -0.4227
vn 0.0413 0.9850 -0.1677
vn 0.0506 -0.9861 0.1585
vn -0.0678 0.9024 0.4254
vn -0.1661 -0.7842 -0.5979
vn -0.0412 0.7063 0.7067
vn -0.0609 0.9981 0.0051
vn -0.1065 -0.9616 0.2531
vn -0.0169 0.9940 -0.1084
vn 0.1599 -0.9866 0.0323
vn 0.1449 -0.8595 -0.4901
vn -0.0204 0.9653 0.2603
vn -0.5199 -0.7961 -0.3096
vn -0.5162 0.8207 -0.2449
vn 0.7758 -0.6302 -0.0312
vn 0.3655 0.9226 0.1234
vn -0.0343 0.9070 -0.4198
vn 0.0986 -0.9858 -0.1358
vn -0.0372 -0.9775 -0.2078
vn -0.6073 0.7809 -0.1461
vn 0.4888 0.8420 -0.2282
vn 0.2224 -0.9645 -0.1424
vn -0.3688 -0.8837 0.2880
vn 0.3619 0.9319 0.0230
vn 0.1016 0.9141 0.3925
vn 0.0874 -0.9959 -0.0251
vn 0.0056 -1.0000 0.0070
vn 0.0873 0.9960 0.0174
vn 0.1735 0.9672 0.1857
vn 0.2560 -0.9659 -0.0386
vn -0.3105 0.9436 0.1147
vn 0.7987 -0.6006 0.0364
vn -0.5142 -0.8569 0.0370
vn -0.5466 0.8353 0.0584
vn 0.7082 -0.7001 0.0910
vn 0.3943 0.9157 0.0773
vn 0.0502 -0.9962 0.0708
vn -0.0641 0.9967 -0.0507
vn -0.1318 0.9829 -0.1286
vn -0.1784 -0.9823 0.0572
vn 0.0226 -0.9987 0.0461
vn -0.0108 0.9998 0.0177
vn -0.5527 -0.8154 0.1722
vn -0.6250 0.7652 0.1545
vn 0.4475 -0.8891 0.0960
vn 0.5682 0.8093 0.1490
vn 0.0304 -0.9727 0.2301
vn 0.0250 0.9800 0.1972
vn -0.1394 0.9693 0.2025
vn -0.1088 -0.9690 0.2220
vn 0.1227 -0.9666 0.2251
vn 0.1232 0.9673 0.2216
vn -0.5315 0.8360 -0.1365
vn 0.4667 0.8754 0.1259
vn 0.7832 -0.5916 -0.1914
vn -0.5066 -0.6894 -0.5178
vn -0.6512 0.7160 0.2513
vn 0.3632 0.8676 0.3396
vn 0.8025 -0.4942 -0.3342
vn -0.3253 -0.7136 -0.6204
vn -0.7525 0.4331 0.4961
vn 0.2670 0.6453 0.7158
vn 0.8038 -0.2094 -0.5568
vn -0.3151 -0.5482 -0.7747
vn -0.6463 0.6891 0.3279
vn 0.1022 0.9330 0.3450
vn 0.7169 0.3323 -0.6129
vn -0.3197 -0.2085 -0.9243
vn 0.7924 -0.4361 -0.4265
vn -0.5582 -0.7134 -0.4235
vn -0.6879 0.7210 0.0841
vn 0.5008 0.8625 0.0727
vn -0.5132 0.8066 0.2932
vn 0.5548 0.8283 0.0778
vn 0.6888 -0.3587 -0.6300
vn -0.7747 -0.5400 -0.3290
vn -0.5193 0.8104 0.2712
vn -0.6243 -0.6870 -0.3717
vn 0.4878 -0.6579 -0.5739
vn 0.4211 0.9021 -0.0940
vn -0.4383 0.7465 0.5007
vn -0.6283 -0.5756 -0.5233
vn 0.3730 -0.5436 -0.7519
vn 0.5384 0.7429 0.3978
vn -0.4324 0.7317 0.5269
vn 0.6459 0.7060 0.2904
vn 0.4699 -0.4620 -0.7522
vn -0.6860 -0.5151 -0.5138
vn 0.6512 -0.4170 -0.6341
vn -0.4365 -0.6817 -0.5872
vn -0.7054 0.5601 0.4344
vn 0.4169 0.7414 0.5259
vn -0.4745 0.4727 0.7426
vn -0.5845 -0.4151 -0.6972
vn 0.4423 -0.3278 -0.8348
vn 0.5195 0.4464 0.7286
vn -0.3544 0.5493 0.7568
vn 0.5186 0.5747 0.6331
vn 0.5456 -0.3428 -0.7648
vn -0.6034 -0.5003 -0.6210
vn 0.6047 -0.2503 -0.7562
vn -0.4513 -0.5523 -0.7010
vn -0.6399 0.3348 0.6917
vn 0.4382 0.5613 0.7020
vn -0.3970 0.7748 0.4920
vn 0.4236 0.7710 0.4755
vn 0.5813 -0.1834 -0.7928
vn -0.5779 -0.3210 -0.7504
vn 0.5554 0.1178 -0.8232
vn -0.5500 -0.2357 -0.8012
vn -0.5166 0.7626 0.3893
vn 0.4107 0.7950 0.4464
vn -0.3879 0.7200 0.5754
vn -0.5336 -0.1110 -0.8384
vn 0.5245 0.0113 -0.8514
vn 0.3978 0.7699 0.4990
vn -0.3401 0.9106 0.2347
vn 0.3678 0.8671 -0.3360
vn -0.4984 -0.6876 -0.5281
vn -0.6861 -0.7152 0.1331
vn -0.0888 0.8516 0.5167
vn 0.7086 0.7017 0.0750
vn 0.0413 -0.7036 -0.7094
vn -0.8237 -0.5525 -0.1279
vn -0.1241 0.8211 0.5572
vn 0.6904 0.7064 0.1561
vn 0.0030 -0.4628 -0.8865
vn -0.8737 -0.2816 -0.3966
vn -0.7828 0.0134 0.6222
vn -0.9769 0.0435 0.2092
vn 0.9935 0.1100 -0.0298
vn 0.9135 0.1434 0.3807
vn 0.4263 0.2430 -0.8713
vn -0.2151 0.0382 -0.9758
vn -0.0337 0.2537 -0.9667
vn 0.9965 0.0839 0.0031
vn -0.8905 0.4506 -0.0636
vn -0.6351 0.0387 0.7714
vn 0.9824 0.0632 0.1759
vn -0.9975 0.0469 0.0525
vn 0.9827 0.1332 0.1285
vn -0.9487 0.0642 0.3097
vn 0.9631 -0.0174 0.2684
vn 0.1599 0.0216 0.9869
vn -0.2278 0.0473 0.9726
vn 0.4649 0.0212 0.8851
vn 0.9989 -0.0291 -0.0378
vn -0.9464 0.0727 -0.3145
vn 0.9942 0.0992 0.0418
vn -0.9852 -0.1112 -0.1305
vn 0.9422 0.3081 0.1317
vn -0.9578 -0.1755 -0.2278
vn 0.4277 0.8997 -0.0867
vn -0.8205 0.4324 -0.3740
vn -0.9861 -0.1497 -0.0715
vn 0.9800 0.1591 -0.1193
vn 0.9455 0.2352 -0.2250
vn -0.9981 -0.0503 0.0361
vn -0.9857 -0.0329 0.1651
vn 0.9476 0.0590 -0.3141
vn -0.9945 -0.0083 0.1047
vn 0.9739 0.0577 -0.2196
vn 0.9841 0.0994 -0.1472
vn -0.9913 -0.0547 0.1194
vn -0.9894 -0.1366 0.0503
vn 0.9861 0.1587 -0.0485
vn -0.9989 0.0376 0.0282
vn 0.9832 0.1261 -0.1321
vn 0.9840 0.1628 -0.0723
vn -0.9935 -0.0210 0.1122
vn -0.9899 -0.1381 0.0306
vn 0.9722 0.2321 -0.0317
vn 0.6608 0.6665 -0.3452
vn -0.8357 0.4711 -0.2823
vn -0.8734 0.3855 -0.2976
vn 0.5957 0.7738 -0.2154
vn -0.6761 0.7107 -0.1944
vn 0.6042 0.7702 -0.2043
vn 0.3746 0.2624 -0.8893
vn -0.8496 0.0828 0.5209
vn 0.8133 -0.0727 -0.5772
vn -0.8888 0.1915 0.4164
vn 0.4740 0.7104 -0.5202
vn -0.4763 0.8778 0.0510
vn -0.4426 -0.7080 0.5503
vn -0.7335 0.1475 0.6635
vn -0.5568 0.8077 0.1940
vn -0.9578 -0.2835 0.0466
vn -0.1051 -0.9427 -0.3166
vn -0.0078 0.9990 0.0439
vn 0.9681 -0.2340 -0.0893
vn 0.7939 -0.6005 -0.0961
vn 0.3164 0.9413 0.1177
vn 0.9329 -0.1249 0.3377
vn 0.4530 -0.8873 0.0872
vn -0.2441 0.5891 0.7703
vn 0.0744 -0.9592 -0.2729
vn 0.0223 0.9915 0.1282
vn 0.0080 -0.9846 0.1748
vn -0.1057 0.9361 0.3354
vn 0.0217 0.9539 0.2994
vn 0.0694 -0.9967 0.0431
vn 0.0507 -0.9869 0.1529
vn 0.0918 0.4023 -0.9109
vn -0.0126 -0.9761 -0.2171
vn 0.1629 0.7913 0.5893
vn -0.0379 0.9907 0.1304
vn -0.2957 -0.8767 0.3794
vn -0.1094 0.1457 -0.9833
vn -0.0303 -0.9919 0.1234
vn 0.1129 0.9384 0.3265
vn 0.3795 0.8439 0.3792
vn -0.0161 0.9994 -0.0319
vn 0.0436 -0.9920 0.1189
vn 0.0637 -0.9806 -0.1856
vn 0.1764 0.9426 0.2834
vn 0.0028 0.9588 0.2842
vn 0.0440 0.9934 0.1057
vn 0.2224 -0.9747 0.0242
vn 0.0454 -0.0070 -0.9989
vn -0.8437 -0.5195 -0.1355
vn -0.1442 0.9775 -0.1539
vn 0.7998 -0.6003 0.0047
vn 0.2741 0.9432 0.1878
vn -0.0367 0.9940 -0.1026
vn 0.0668 -0.9516 -0.3000
vn -0.0753 -0.9384 -0.3371
vn -0.2414 0.9701 0.0252
vn 0.0505 0.9984 0.0250
vn 0.1955 -0.9599 -0.2008
vn 0.2381 -0.9664 -0.0967
vn 0.2185 0.9749 0.0421
vn -0.3929 0.8746 -0.2841
vn -0.1060 -0.9727 -0.2064
vn -0.0402 -0.9945 -0.0969
vn 0.3565 0.8530 -0.3812
vn -0.4371 0.8812 -0.1801
vn 0.2704 -0.9612 -0.0549
vn 0.9444 -0.3283 -0.0161
vn -0.9301 0.3159 -0.1875
vn -0.3424 -0.9393 -0.0224
vn 0.3299 0.9439 0.0169
vn -0.0468 0.9407 0.3361
vn 0.0958 -0.9947 -0.0367
vn 0.0424 -0.9928 -0.1118
vn -0.4289 0.8920 0.1424
vn 0.5259 0.8434 0.1099
vn 0.2879 -0.9536 -0.0885
vn -0.4754 0.6049 0.6388
vn 0.7264 -0.6767 0.1200
vn -0.6010 -0.3614 0.7128
vn 0.1621 -0.9863 -0.0319
vn 0.2007 0.9791 0.0314
vn 0.0601 0.9730 0.2228
vn -0.1489 -0.9780 0.1463
vn 0.0591 -0.9981 -0.0175
vn 0.1101 0.9213 0.3728
vn -0.1856 0.9823 0.0233
vn 0.4549 -0.8899 -0.0331
vn 0.9628 -0.2315 0.1393
vn -0.9556 0.2856 0.0729
vn 0.9611 -0.2432 0.1313
vn 0.3684 -0.9250 0.0935
vn -0.2576 0.9655 -0.0389
vn -0.0236 -0.9974 0.0687
vn -0.1019 0.9945 0.0241
vn -0.0193 0.9998 0.0069
vn -0.0242 0.9921 -0.1231
vn -0.3218 -0.9462 0.0345
vn -0.1282 -0.9895 0.0664
vn -0.2418 -0.9691 0.0489
vn 0.1294 0.9916 0.0061
vn 0.0095 -0.9974 0.0717
vn -0.1956 -0.9662 0.1680
vn -0.1958 0.9652 0.1734
vn -0.1684 0.9747 0.1469
vn -0.4955 0.7179 0.4889
vn -0.5942 -0.7729 0.2224
vn 0.0553 -0.9979 -0.0329
vn 0.7926 -0.5899 0.1545
vn -0.8795 0.3916 0.2704
vn 0.8704 -0.4181 0.2601
vn 0.2390 -0.9547 0.1772
vn -0.3628 0.9099 0.2013
vn -0.0085 -0.9744 0.2245
vn 0.0461 0.9767 0.2095
vn 0.1063 -0.6996 0.7066
vn -0.0087 0.9818 0.1900
vn -0.2734 -0.9373 0.2161
vn -0.1574 -0.7017 0.6948
vn 0.0576 -0.9710 0.2321
vn 0.2848 0.9361 0.2062
vn 0.3337 -0.6446 0.6878
vn 0.3925 0.9192 -0.0302
vn 0.6920 -0.7158 0.0930
vn -0.5859 -0.8098 0.0296
vn 0.0072 0.9999 -0.0110
vn 0.1106 -0.9856 0.1280
vn -0.5844 0.8108 -0.0328
vn -0.1091 0.9940 -0.0044
vn -0.0427 0.9939 0.1013
vn 0.9455 -0.3074 -0.1076
vn 0.1514 -0.9019 -0.4044
vn -0.9399 -0.1553 -0.3042
vn 0.3833 0.9234 -0.0191
vn -0.1959 0.9161 -0.3499
vn -0.5960 -0.6140 -0.5174
vn 0.8308 -0.5397 -0.1359
vn -0.1513 0.9310 0.3321
vn 0.9892 -0.1292 -0.0687
vn 0.3283 -0.7861 -0.5236
vn -0.8996 -0.3003 -0.3170
vn -0.6042 0.7750 0.1851
vn -0.3851 -0.7486 -0.5398
vn 0.7806 -0.5803 -0.2321
vn 0.3455 0.8953 0.2810
vn -0.2917 0.6600 0.6923
vn 0.9866 0.1207 -0.1099
vn 0.3643 -0.5516 -0.7503
vn -0.8275 -0.3032 -0.4725
vn -0.3012 -0.6627 -0.6857
vn 0.8145 -0.4220 -0.3981
vn 0.3071 0.7789 0.5468
vn -0.7108 0.5543 0.4329
vn -0.3566 0.8434 0.4020
vn 0.4860 0.8225 -0.2954
vn 0.1703 0.0971 -0.9806
vn -0.6291 0.3786 -0.6788
vn 0.7707 -0.0644 -0.6339
vn 0.2062 0.7326 0.6486
vn -0.3262 -0.3089 -0.8934
vn -0.7573 0.3959 0.5194
vn 0.1637 -0.7473 -0.6440
vn -0.9537 -0.2855 -0.0944
vn -0.0677 0.9794 0.1903
vn 0.9835 -0.0840 -0.1602
vn -0.6752 -0.6220 -0.3965
vn 0.7929 -0.2784 -0.5421
vn -0.5257 0.7567 -0.3887
vn 0.3437 0.8807 -0.3259
vn 0.0694 0.9499 0.3049
vn 0.9386 0.1236 -0.3220
vn -0.1361 -0.6912 -0.7097
vn -0.9853 -0.1645 -0.0460
vn 0.7230 -0.4514 -0.5230
vn 0.4306 0.9014 -0.0466
vn -0.3990 0.9130 0.0849
vn -0.8067 -0.4887 -0.3321
vn -0.9217 -0.3866 -0.0301
vn -0.1251 -0.7900 -0.6002
vn -0.0529 0.9811 0.1860
vn 0.9122 -0.1989 -0.3581
vn -0.7176 -0.6640 -0.2100
vn 0.6162 -0.5694 -0.5441
vn 0.1950 0.9515 -0.2380
vn -0.4911 0.8361 0.2444
vn -0.9460 -0.2793 -0.1647
vn -0.1692 -0.6922 -0.7016
vn 0.0792 0.8826 0.4634
vn 0.8552 -0.2022 -0.4773
vn 0.5142 0.8393 0.1765
vn -0.4605 0.7824 0.4192
vn -0.6255 -0.6517 -0.4290
vn 0.4256 -0.6149 -0.6639
vn 0.1680 0.8825 0.4393
vn 0.9122 -0.1111 -0.3945
vn -0.1582 -0.6145 -0.7729
vn -0.9759 -0.2086 -0.0644
vn -0.7407 -0.5582 -0.3739
vn 0.5842 -0.4471 -0.6773
vn 0.5933 0.7849 0.1786
vn -0.4461 0.8092 0.3823
vn 0.1607 -0.6579 -0.7358
vn -0.9165 -0.3448 -0.2028
vn -0.1585 0.8164 0.5554
vn 0.9634 -0.0469 -0.2640
vn 0.7000 -0.4976 -0.5122
vn 0.3906 0.8491 0.3556
vn -0.6775 0.6628 0.3189
vn -0.5145 -0.6891 -0.5103
vn -0.9379 -0.1458 -0.3149
vn -0.0989 -0.4737 -0.8751
vn 0.0973 0.5616 0.8216
vn 0.8735 -0.0586 -0.4832
vn 0.3964 -0.4915 -0.7755
vn 0.5395 0.6053 0.5853
vn -0.5979 -0.5299 -0.6015
vn -0.4309 0.5765 0.6943
vn 0.1464 0.6096 0.7791
vn 0.9331 -0.0134 -0.3594
vn -0.0375 -0.6043 -0.7959
vn -0.9688 -0.1844 -0.1658
vn -0.6190 -0.5459 -0.5647
vn 0.4411 -0.4606 -0.7702
vn 0.6432 0.5551 0.5274
vn -0.4012 0.5713 0.7160
vn 0.1398 -0.4658 -0.8738
vn -0.9412 -0.2532 -0.2236
vn -0.1096 0.5265 0.8431
vn 0.9428 0.0502 -0.3295
vn -0.4373 -0.5844 -0.6836
vn 0.6338 -0.3665 -0.6812
vn 0.4224 0.6378 0.6441
vn -0.6544 0.3846 0.6510
vn 0.0451 0.8908 0.4522
vn 0.6697 0.1650 -0.7240
vn -0.0879 -0.2315 -0.9688
vn -0.7970 0.0175 -0.6038
vn -0.6065 -0.3630 -0.7073
vn 0.5829 -0.2532 -0.7721
vn 0.4402 0.6323 0.6375
vn -0.4530 0.5165 0.7267
vn -0.0540 -0.0315 -0.9980
vn -0.7874 0.1438 -0.5994
vn -0.0119 0.8810 0.4730
vn 0.6468 0.5404 -0.5381
vn 0.5783 -0.1722 -0.7974
vn 0.4458 0.6615 0.6031
vn -0.6909 0.2782 0.6673
vn -0.5360 -0.3430 -0.7714
vn -0.7194 0.3547 -0.5973
vn -0.0547 0.0168 -0.9984
vn 0.0044 0.8513 0.5246
vn 0.5965 0.5410 -0.5929
vn 0.4797 -0.1694 -0.8609
vn 0.5107 0.4645 0.7235
vn -0.5696 -0.2191 -0.7922
vn -0.4727 0.4321 0.7680
vn 0.1003 0.9948 0.0182
vn 0.1502 -0.0241 -0.9884
vn -0.4485 -0.8883 -0.0992
vn -0.8610 -0.2722 0.4296
vn -0.5113 -0.8268 0.2344
vn -0.4264 -0.7916 -0.4377
vn -0.1295 0.8636 -0.4873
vn -0.3424 0.9287 0.1424
vn 0.3337 0.8794 0.3394
vn 0.6131 -0.3309 -0.7173
vn -0.4435 -0.8192 -0.3636
vn -0.9640 -0.1167 0.2389
vn -0.1706 0.9239 0.3425
vn -0.7454 -0.6663 0.0218
vn -0.1004 -0.7553 -0.6477
vn 0.6540 0.7516 -0.0854
vn 0.2848 0.8763 0.3886
vn 0.2413 -0.1219 -0.9628
vn -0.4756 -0.3507 -0.8067
vn -0.9491 0.1235 -0.2898
vn -0.8433 -0.4502 -0.2936
vn 0.0263 -0.5534 -0.8325
vn 0.7216 0.6639 0.1962
vn -0.0797 0.8017 0.5923
vn -0.7969 -0.1632 0.5817
vn -0.8540 0.3669 0.3688
vn 0.8930 0.4497 0.0179
vn 0.7776 0.4689 0.4188
vn 0.2715 0.3821 -0.8833
vn -0.1825 0.2828 -0.9417
vn 0.0302 0.5469 -0.8366
vn 0.8891 0.4563 0.0369
vn -0.8323 0.5442 -0.1049
vn -0.6393 0.4170 0.6461
vn 0.8821 0.4442 0.1568
vn -0.9606 -0.2742 0.0453
vn 0.8228 0.5555 0.1204
vn -0.8897 -0.3271 0.3184
vn 0.8807 0.4059 0.2440
vn 0.1042 0.7449 0.6590
vn -0.2035 0.7585 0.6191
vn 0.3432 0.6866 0.6409
vn 0.9427 0.3252 0.0741
vn -0.9038 0.2839 -0.3201
vn 0.9176 0.3702 0.1447
vn -0.9850 0.1689 0.0359
vn 0.7959 0.4955 0.3480
vn -0.9986 0.0067 0.0522
vn 0.2060 0.9750 0.0837
vn -0.7450 0.6557 -0.1230
vn -0.9988 0.0234 -0.0423
vn 0.9389 0.3317 -0.0922
vn 0.9378 0.3018 -0.1716
vn -0.9936 0.0619 0.0946
vn -0.9295 0.2485 0.2726
vn 0.9165 0.2615 -0.3026
vn -0.9000 0.2971 0.3189
vn 0.9249 0.3782 0.0393
vn 0.9502 0.3090 0.0399
vn -0.9653 0.1138 0.2349
vn -0.9869 0.0214 0.1598
vn 0.9088 0.3929 0.1403
vn -0.9021 0.2402 0.3585
vn 0.8893 0.3256 0.3210
vn 0.8577 0.3854 0.3404
vn -0.8970 0.1939 0.3972
vn -0.9632 0.0033 0.2687
vn 0.8650 0.4125 0.2857
vn 0.4896 0.8701 0.0560
vn -0.6299 0.7759 0.0355
vn -0.7507 0.6588 -0.0497
vn 0.4514 0.8890 0.0772
vn -0.4838 0.8596 0.1645
vn 0.4501 0.8866 0.1064
vn 0.4689 0.4955 -0.7311
vn -0.7596 0.4148 0.5009
vn 0.8973 0.3260 -0.2977
vn -0.6172 0.5738 0.5384
vn 0.7031 0.7104 0.0329
vn -0.2376 0.8600 0.4517
vn 0.8320 -0.0026 -0.5547
vn -0.8645 0.2978 0.4049
vn -0.0476 0.9841 -0.1709
vn 0.7973 -0.1070 -0.5941
vn -0.7227 0.0215 0.6908
vn -0.5380 0.6174 -0.5739
vn -0.9046 0.1280 0.4066
vn -0.9959 0.0908 0.0038
vn -0.0138 0.9774 -0.2110
vn -0.9960 -0.0883 -0.0137
vn -0.0459 0.9365 -0.3477
vn 0.9743 0.2197 -0.0506
vn -0.9984 0.0061 0.0559
vn -0.0417 0.9191 -0.3917
vn -0.9870 -0.1517 0.0540
vn 0.9770 0.2069 -0.0508
vn 0.9394 0.3425 -0.0166
vn 0.9863 0.1114 -0.1219
vn -0.9907 -0.0463 0.1279
vn -0.9973 0.0002 0.0738
vn 0.9825 0.1607 -0.0946
vn -0.9878 -0.1522 0.0325
vn 0.9774 0.1373 -0.1608
vn -0.9899 -0.0727 0.1214
vn 0.9684 0.0626 -0.2416
vn -0.9882 -0.0232 0.1511
vn 0.9853 0.0823 -0.1499
vn -0.9839 -0.0350 0.1755
vn 0.7605 0.0517 -0.6473
vn -0.9407 0.0780 -0.3300
vn 0.8338 0.0889 -0.5448
vn -0.7269 0.0357 -0.6858
vn 0.9912 0.1291 -0.0282
vn -0.9509 -0.1156 -0.2872
vn -0.0698 0.9621 -0.2636
vn 0.9774 0.1902 0.0921
vn -0.9701 -0.1708 -0.1726
vn 0.8980 0.4165 0.1416
vn 0.9994 0.0328 0.0113
vn -0.6782 0.1952 -0.7084
vn 0.9976 -0.0155 -0.0676
vn -0.9880 -0.0451 -0.1478
vn -0.9953 0.0965 0.0099
vn 0.7620 -0.0073 0.6476
vn 0.0357 0.0351 0.9987
vn 0.2662 0.0246 0.9636
vn -0.6430 0.0388 0.7649
vn 0.9389 0.1635 0.3030
vn -0.9461 0.0528 0.3196
vn 0.9871 0.1496 0.0572
vn 0.9971 0.0682 0.0336
vn -0.6356 0.0051 0.7720
vn 0.9930 0.1184 -0.0023
vn 0.8671 0.3097 -0.3903
vn 0.9385 0.1087 0.3277
vn -0.9432 0.2935 0.1556
vn -0.9913 -0.1315 0.0066
vn 0.9469 -0.1728 0.2711
vn 0.8517 0.3183 -0.4164
vn 0.9566 -0.2839 -0.0655
vn -0.6463 -0.1936 0.7381
vn 0.9624 -0.2698 0.0324
vn 0.9508 -0.3012 0.0729
vn -0.9084 0.2163 0.3578
vn 0.9521 -0.1534 0.2646
vn -0.4957 -0.5901 0.6372
vn 0.1806 -0.6837 0.7071
vn 0.0214 -0.7088 0.7051
vn 0.5995 -0.5764 0.5553
vn -0.9344 0.3560 -0.0146
vn -0.9291 -0.2369 -0.2838
vn 0.9299 0.3671 0.0239
vn -0.7997 -0.0890 -0.5937
vn 0.9332 0.3387 0.1204
vn 0.7549 0.5333 0.3816
vn -0.8573 -0.3657 -0.3624
vn 0.8636 0.4348 0.2553
vn -0.0481 0.8486 -0.5269
vn -0.8233 -0.2336 -0.5173
vn 0.9426 0.3235 0.0834
vn -0.7476 -0.1319 -0.6509
vn 0.6117 0.4915 -0.6199
vn -0.9552 -0.0102 -0.2956
vn 0.7202 0.2460 -0.6487
vn -0.9433 -0.3305 0.0313
vn 0.8955 0.3788 0.2335
vn -0.9487 -0.3072 -0.0745
vn 0.9395 0.3262 -0.1043
vn -0.9748 -0.2227 -0.0091
vn 0.9558 0.2875 -0.0622
vn -0.9274 -0.3540 -0.1206
vn 0.8915 0.3424 0.2966
vn -0.9384 -0.2561 -0.2319
vn -0.9686 -0.2307 -0.0925
vn 0.9291 0.3197 0.1858
vn 0.7703 0.5445 0.3319
vn 0.8884 0.4027 0.2204
vn -0.9305 -0.3172 -0.1830
vn -0.1080 0.6752 -0.7297
vn -0.9585 -0.1637 -0.2334
vn 0.7683 0.4905 0.4112
vn -0.0706 0.7793 -0.6226
vn -0.9458 -0.1918 -0.2620
vn -0.0268 0.8700 -0.4923
vn -0.9315 -0.0729 -0.3562
vn -0.9331 -0.1893 0.3057
vn -0.4430 0.6547 -0.6125
vn -0.7176 -0.3370 0.6095
vn 0.8569 0.3181 -0.4057
vn -0.4196 0.3107 -0.8529
vn -0.9824 -0.0286 0.1847
vn 0.9043 0.4007 -0.1471
vn 0.5859 -0.2984 -0.7534
vn -0.5107 0.6311 0.5839
vn 0.3411 0.8434 0.4150
vn 0.0919 0.9911 0.0959
vn 0.2462 0.9503 0.1904
vn -0.5058 -0.8319 -0.2284
vn 0.6399 -0.3692 -0.6739
vn -0.5155 -0.5785 -0.6322
vn -0.6848 0.3605 0.6333
vn -0.3730 0.0985 -0.9226
vn -0.1037 0.9817 -0.1600
vn -0.7242 0.5196 0.4534
vn -0.9135 0.2284 0.3368
vn 0.0652 0.5082 0.8588
vn -0.0737 -0.2413 -0.9676
vn -0.0096 0.9987 0.0498
vn 0.0651 -0.3057 -0.9499
vn 0.0186 0.6349 0.7724
vn -0.9647 0.0161 0.2630
vn -0.0192 0.9997 0.0161
vn 0.9462 0.0223 -0.3227
vn -0.8895 0.2326 0.3932
vn 0.1362 0.6456 0.7514
vn -0.0073 1.0000 0.0029
vn -0.1572 0.6246 0.7650
vn -0.9674 0.0008 0.2533
vn 0.9488 -0.0101 -0.3157
vn 0.9320 0.1517 -0.3293
vn 0.9119 -0.1093 -0.3955
vn -0.9405 0.1382 0.3103
vn 0.1943 0.7106 0.6762
vn -0.0440 -0.4014 -0.9149
vn -0.8899 0.2736 0.3650
vn 0.0886 0.7175 0.6909
vn -0.1474 -0.5897 -0.7940
vn 0.9035 0.0135 -0.4283
vn 0.1534 -0.7111 -0.6861
vn -0.1425 0.9185 0.3687
vn -0.9942 0.0187 0.1061
vn 0.1579 -0.5583 -0.8145
vn 0.9453 -0.0186 -0.3258
vn -0.9809 0.0770 0.1785
vn 0.1075 0.9595 0.2605
vn -0.1053 -0.6051 -0.7891
vn -0.1712 -0.7223 -0.6700
vn 0.8807 -0.2107 -0.4242
vn -0.9110 0.2782 0.3043
vn 0.8618 -0.1898 -0.4705
vn -0.9152 0.2465 0.3189
vn -0.0991 0.9951 -0.0005
vn 0.7831 -0.1724 -0.5976
vn 0.0420 0.9587 0.2814
vn -0.0260 -0.9447 -0.3268
vn -0.9524 0.1136 -0.2830
vn 0.0508 0.9780 0.2023
vn -0.1388 -0.7163 -0.6839
vn 0.8709 0.0146 -0.4912
vn -0.0457 0.9931 -0.1084
vn -0.7427 0.1623 -0.6496
vn 0.9806 -0.0650 -0.1848
vn -0.9974 0.0632 0.0336
vn -0.3509 0.5963 0.7220
vn 0.3310 -0.2284 -0.9156
vn -0.1168 0.9931 -0.0076
vn 0.9973 -0.0232 -0.0691
vn -0.9952 0.0780 0.0594
vn -0.2452 0.7869 0.5663
vn 0.9592 0.2691 -0.0862
vn -0.0924 0.9749 0.2027
vn 0.3065 -0.7888 -0.5327
vn 0.9656 -0.2486 -0.0766
vn 0.3896 -0.6482 -0.6542
vn -0.5703 0.4393 -0.6941
vn 0.9339 -0.3332 -0.1296
vn 0.0636 -0.9680 -0.2426
vn -0.9821 0.1845 -0.0384
vn 0.0002 1.0000 0.0003
vn -0.9791 -0.2027 0.0173
vn -0.0120 -0.9960 0.0885
vn -0.3682 0.9297 -0.0117
vn 0.3053 -0.9439 0.1259
vn -0.0630 0.9979 -0.0119
vn 0.6358 0.5548 0.5366
vn 0.0105 0.7640 0.6451
vn 0.1796 0.7298 0.6596
vn -0.5459 0.6087 0.5758
vn 0.4480 -0.8940 0.0086
vn -0.3450 -0.9232 0.1693
vn 0.7960 0.4944 0.3493
vn -0.1373 -0.9866 0.0883
vn -0.1447 0.9631 0.2268
vn -0.9380 -0.1955 0.2863
vn -0.0198 -0.9970 0.0754
vn 0.1032 0.9945 -0.0152
vn 0.8427 0.5382 0.0127
vn -0.2800 -0.9592 0.0399
vn 0.8852 0.4643 0.0311
vn 0.4699 -0.8823 -0.0275
vn -0.1476 0.9829 -0.1097
vn 0.3160 0.9146 0.2523
vn 0.0362 -0.9979 -0.0532
vn -0.0683 -0.9967 -0.0431
vn -0.3922 0.8578 0.3321
vn 0.4105 0.9114 0.0284
vn 0.1916 -0.9802 -0.0502
vn -0.6493 0.1959 0.7349
vn -0.4694 -0.8809 -0.0597
vn 0.8898 0.4525 0.0586
vn 0.1841 -0.9738 -0.1332
vn -0.2038 0.9640 0.1709
vn 0.0604 0.9959 -0.0672
vn -0.0215 -0.9843 -0.1751
vn -0.1266 -0.9553 -0.2670
vn -0.0313 0.9973 -0.0663
vn -0.0383 0.9832 0.1786
vn 0.1304 -0.9723 -0.1940
vn 0.0823 -0.9192 -0.3852
vn 0.1316 -0.9908 0.0304
vn 0.1237 0.9896 0.0730
vn 0.2153 0.9356 0.2799
vn -0.0232 -0.9885 0.1491
vn 0.2144 0.9264 0.3097
vn -0.1927 -0.9283 0.3179
vn -0.0820 -0.9155 -0.3938
vn 0.8971 0.2144 -0.3862
vn -0.0158 0.9947 0.1013
vn 0.0424 -0.9971 0.0639
vn -0.0391 0.9773 0.2084
vn -0.2388 0.8609 0.4493
vn 0.4089 -0.9117 0.0402
vn -0.1731 0.9630 0.2067
vn 0.8037 0.5137 0.3003
vn 0.0348 0.9951 -0.0924
vn -0.8826 0.4276 0.1955
vn 0.1223 0.9903 0.0655
vn -0.2441 -0.9158 0.3190
vn -0.4789 0.8681 -0.1303
vn -0.0534 0.9986 0.0002
vn -0.3284 -0.9435 0.0450
vn -0.1995 -0.9546 0.2214
vn 0.1379 0.9895 0.0430
vn 0.2975 0.8692 0.3949
vn 0.2747 0.5443 0.7926
vn 0.1988 0.8330 0.5163
vn 0.3592 0.9064 -0.2224
vn 0.3786 -0.8263 -0.4169
vn -0.1657 0.6286 0.7599
vn 0.1058 -0.9734 -0.2033
vn -0.0445 -0.9965 0.0708
vn -0.2805 0.9531 -0.1135
vn -0.2920 0.9339 0.2064
vn 0.2150 -0.7554 -0.6190
vn 0.0080 -0.6482 -0.7615
vn 0.0968 -0.4112 -0.9064
vn 0.1568 0.0269 -0.9873
vn -0.4053 0.0307 0.9136
vn -0.2918 -0.6785 0.6741
vn 0.3303 0.7455 -0.5789
vn 0.1848 0.4708 0.8627
vn 0.0971 -0.2396 -0.9660
vn 0.3015 0.9459 0.1196
vn 0.3300 0.6543 0.6804
vn 0.0409 -0.5778 -0.8152
vn 0.0226 -0.7166 -0.6971
vn 0.0495 0.9913 -0.1223
vn 0.2689 0.9255 0.2666
vn -0.3164 0.9486 -0.0013
vn -0.3729 0.7022 0.6065
vn -0.3339 -0.9249 0.1820
vn -0.2230 -0.9734 0.0526
vn -0.2696 0.9627 -0.0232
vn 0.0701 -0.9941 -0.0828
vn -0.1214 0.9895 0.0787
vn 0.1960 -0.9340 -0.2988
vn -0.1236 -0.9696 0.2111
vn 0.3920 -0.7557 -0.5247
vn -0.0665 0.9082 0.4132
vn -0.2495 0.9469 0.2028
vn -0.5998 -0.7593 -0.2524
vn 0.0962 0.7570 0.6463
vn -0.1621 -0.9771 -0.1380
vn 0.0708 -0.9974 -0.0133
vn -0.0162 0.9916 -0.1281
vn -0.0380 0.9792 0.1992
vn -0.6036 -0.6594 -0.4482
vn -0.3843 -0.5902 -0.7099
vn -0.2286 -0.5660 -0.7921
vn -0.2924 -0.2811 -0.9140
vn -0.0427 0.0241 0.9988
vn -0.1303 0.9800 0.1505
vn -0.0148 -0.9785 0.2058
vn -0.5010 0.8405 -0.2062
vn 0.1099 0.9891 0.0978
vn -0.0799 -0.9948 0.0628
vn -0.0385 -0.9734 0.2259
vn -0.1814 0.9302 0.3190
vn -0.0447 0.8869 0.4598
vn -0.0467 0.6328 0.7729
vn -0.2217 0.8627 0.4545
vn -0.5847 0.7127 -0.3876
vn -0.0312 -0.7092 0.7043
vn -0.5270 0.3205 -0.7871
vn -0.0242 0.5996 0.7999
vn -0.4304 0.9005 0.0615
vn -0.0379 0.6663 0.7447
vn -0.2595 -0.4092 -0.8748
vn -0.1172 0.9327 0.3410
vn -0.2480 -0.6259 -0.7395
vn -0.6370 -0.6893 -0.3450
vn -0.1398 0.9680 0.2086
vn -0.5097 -0.6728 -0.5362
vn 0.0143 0.9999 -0.0048
vn -0.0501 0.7582 0.6500
vn -0.0499 -0.9961 0.0731
vn 0.0215 -0.9960 -0.0868
vn -0.4013 0.8733 0.2764
vn -0.3401 -0.9181 -0.2035
vn -0.2781 0.9506 -0.1379
vn -0.0772 -0.9861 0.1469
vn 0.1899 0.9357 0.2974
vn -0.0199 0.9948 0.1001
vn 0.0498 -0.9949 0.0878
vn 0.1358 0.9893 0.0540
vn 0.0274 -0.9857 0.1665
vn -0.2772 0.8850 -0.3741
vn 0.1205 0.9217 0.3688
vn 0.0305 -0.9970 0.0716
vn 0.0215 -0.9738 0.2262
vn 0.3145 0.9280 0.1997
vn 0.3976 0.8368 0.3763
vn 0.3665 0.6253 0.6890
vn 0.3375 0.8227 0.4575
vn 0.4067 0.8167 -0.4093
vn 0.4250 -0.8694 -0.2521
vn 0.0082 0.8232 0.5677
vn 0.0614 -0.9918 -0.1117
vn 0.0473 -0.9987 -0.0195
vn -0.0262 0.9943 -0.1030
vn 0.0189 0.9816 0.1902
vn 0.4012 -0.5856 -0.7044
vn 0.0792 -0.5786 -0.8118
vn 0.1644 -0.5049 -0.8474
vn 0.1357 -0.2310 -0.9634
vn 0.1144 0.0226 0.9932
vn 0.0744 -0.7056 0.7047
vn 0.3124 0.3993 -0.8619
vn 0.2918 0.6301 0.7196
vn 0.3974 0.9171 0.0328
vn 0.4402 0.6301 0.6397
vn 0.1602 -0.3865 -0.9083
vn 0.3572 0.9021 0.2421
vn 0.0557 -0.5810 -0.8120
vn 0.4738 -0.7664 -0.4339
vn 0.2282 0.9643 0.1344
vn 0.2698 -0.6142 -0.7416
vn 0.0072 1.0000 -0.0007
vn 0.0731 0.7527 0.6543
vn 0.0110 -0.9971 0.0749
vn 0.0519 -0.9979 -0.0385
vn -0.2596 0.9003 0.3493
vn 0.2661 -0.9363 -0.2290
vn -0.0024 0.9963 -0.0858
vn 0.0281 -0.9892 0.1436
vn 0.2396 0.9123 0.3321
vn -0.0633 0.9926 0.1035
vn 0.0362 -0.9979 0.0541
vn -0.2525 -0.9278 -0.2747
vn -0.1229 0.9213 0.3689
vn 0.1403 -0.9826 -0.1215
vn 0.1330 -0.9907 -0.0281
vn -0.1200 0.9928 0.0028
vn 0.0295 0.9795 0.1993
vn -0.2641 -0.7883 -0.5557
vn -0.0236 -0.6791 -0.7337
vn -0.0187 -0.4929 -0.8699
vn -0.2376 -0.0689 -0.9689
vn 0.2061 0.0200 0.9783
vn -0.1836 0.9780 -0.0994
vn 0.0533 -0.9868 0.1526
vn 0.1837 0.8857 -0.4264
vn 0.0868 0.9095 0.4065
vn -0.0454 -0.9971 0.0617
vn 0.0380 -0.9729 0.2282
vn -0.3584 0.9202 0.1575
vn -0.3905 0.7461 0.5394
vn -0.3220 0.4715 0.8210
vn -0.3479 0.8523 0.3905
vn -0.6358 0.6645 -0.3928
vn 0.1387 -0.6955 0.7050
vn -0.5331 0.3949 -0.7483
vn -0.0769 -0.3263 -0.9421
vn -0.2702 0.4835 0.8326
vn -0.4873 0.8723 0.0409
vn -0.3309 0.5577 0.7612
vn -0.0786 -0.7422 -0.6656
vn -0.3981 0.8432 0.3613
vn 0.0069 -0.5902 -0.8073
vn -0.2738 0.9519 -0.1376
vn -0.0091 -0.9974 0.0721
vn -0.0394 0.9990 -0.0206
vn 0.1363 0.7393 0.6594
vn -0.0204 -0.9917 0.1271
vn -0.2050 0.9531 0.2225
vn 0.1603 0.9396 0.3024
vn 0.1436 -0.9888 -0.0396
vn -0.0554 0.9948 -0.0851
vn -0.0949 -0.9672 -0.2356
vn -0.3230 -0.8571 -0.4013
vn 0.1039 -0.9938 0.0385
vn -0.0145 0.9681 0.2502
vn 0.1017 0.9941 -0.0386
vn 0.0778 -0.9944 0.0710
vn 0.4556 0.8347 -0.3094
vn 0.1471 0.9405 0.3062
vn -0.1802 -0.9824 0.0490
vn 0.0773 -0.9711 0.2256
vn 0.1869 0.9699 0.1563
vn 0.0087 0.8440 0.5363
vn 0.1105 0.5793 0.8076
vn 0.3334 0.8187 0.4675
vn 0.3785 0.8773 -0.2949
vn 0.5831 -0.7650 -0.2733
vn -0.1372 0.9464 0.2922
vn 0.4014 -0.9081 -0.1197
vn 0.1949 -0.9801 -0.0368
vn -0.0472 0.9986 0.0243
vn 0.0618 0.9745 0.2156
vn 0.5904 -0.5928 -0.5477
vn 0.3266 -0.5926 -0.7363
vn 0.2895 -0.4142 -0.8629
vn 0.1952 0.0025 -0.9808
vn 0.3270 0.0140 0.9449
vn 0.2228 -0.6759 0.7025
vn 0.3473 0.6695 -0.6566
vn 0.1874 -0.2953 -0.9368
vn 0.2936 0.6288 0.7200
vn 0.3718 0.9256 0.0702
vn 0.0179 0.6469 0.7623
vn 0.4236 -0.6481 -0.6328
vn 0.0754 0.9207 0.3828
vn 0.3140 -0.5133 -0.7987
vn 0.1480 0.9813 -0.1232
vn 0.0246 -0.9929 0.1164
vn -0.0620 0.9981 -0.0039
vn 0.2275 0.7132 0.6630
vn -0.0774 -0.9969 0.0116
vn -0.0825 0.9654 0.2474
vn 0.4525 0.8704 0.1938
vn 0.2487 -0.9658 -0.0741
vn 0.1742 0.9833 -0.0530
vn 0.5114 -0.8412 -0.1755
vn 0.6525 -0.6041 -0.4575
vn 0.1638 -0.9862 0.0246
vn -0.0479 0.9869 0.1541
vn -0.1594 -0.9600 -0.2303
vn 0.0945 0.9642 0.2477
vn 0.0995 -0.9898 -0.1017
vn 0.3344 -0.9415 -0.0409
vn 0.0228 0.9996 0.0158
vn 0.1962 0.9563 0.2169
vn -0.2273 -0.8115 -0.5383
vn 0.0867 -0.7842 -0.6144
vn 0.1539 -0.5325 -0.8323
vn -0.0249 0.0684 -0.9973
vn 0.5960 0.0041 0.8030
vn -0.1141 0.9934 -0.0070
vn 0.2828 -0.9587 0.0297
vn 0.3005 0.9503 -0.0818
vn 0.1932 0.9742 0.1164
vn 0.2053 -0.9764 0.0669
vn 0.1667 -0.9652 0.2015
vn -0.2288 0.9735 0.0033
vn -0.3669 0.8789 0.3047
vn -0.4648 0.5970 0.6539
vn -0.5058 0.7935 0.3384
vn -0.5634 0.7384 -0.3706
vn 0.4448 -0.6224 0.6440
vn -0.4300 0.5958 -0.6784
vn -0.4494 0.5515 0.7028
vn 0.1689 -0.2699 -0.9480
vn -0.5681 0.8210 -0.0571
vn -0.4328 0.7186 0.5443
vn -0.3644 0.9047 0.2206
vn -0.0336 -0.8328 -0.5525
vn 0.1726 -0.6850 -0.7078
vn -0.2517 -0.8999 -0.3561
vn 0.1801 -0.9757 0.1246
vn 0.4792 0.6308 0.6103
vn 0.2142 -0.9763 -0.0310
vn 0.0115 0.9999 -0.0000
vn 0.3220 -0.9446 -0.0644
vn 0.5271 0.8488 0.0412
vn -0.0305 -0.9867 -0.1596
vn -0.0951 0.9906 0.0987
vn 0.0745 0.9939 0.0811
vn 0.1098 0.9524 0.2842
vn 0.3071 -0.9513 0.0251
vn -0.0843 0.9816 -0.1712
vn 0.1219 0.9901 0.0689
vn 0.5992 -0.7872 0.1458
vn 0.1905 0.9742 0.1208
vn 0.1676 0.9856 -0.0222
vn 0.5524 -0.8286 0.0908
vn 0.3891 -0.9094 0.1470
vn 0.1381 0.9808 0.1373
vn 0.0475 0.9446 0.3248
vn -0.1479 0.6873 0.7111
vn -0.1762 0.9007 0.3970
vn 0.1912 0.9643 -0.1833
vn 0.6964 -0.7033 -0.1430
vn 0.2393 0.9110 0.3360
vn 0.6994 -0.7139 -0.0344
vn 0.6245 -0.7806 -0.0279
vn 0.1942 0.9809 0.0145
vn 0.4451 0.8769 0.1815
vn 0.6839 -0.6857 -0.2491
vn 0.6212 -0.6426 -0.4486
vn 0.5530 -0.4124 -0.7240
vn 0.4234 0.1586 -0.8920
vn 0.8932 0.0019 0.4497
vn 0.7731 -0.4692 0.4268
vn 0.2720 0.8634 -0.4249
vn -0.2636 0.6140 0.7440
vn 0.4530 -0.2088 -0.8667
vn 0.0456 0.9976 0.0514
vn -0.0667 0.8066 0.5874
vn 0.0853 0.9600 0.2665
vn 0.6523 -0.6844 -0.3256
vn 0.5927 -0.5797 -0.5591
vn 0.6894 -0.7069 -0.1580
vn 0.4413 -0.8920 0.0983
vn 0.7933 0.4569 0.4023
vn 0.6099 -0.7906 0.0545
vn 0.2608 0.9651 -0.0225
vn 0.6625 -0.7490 -0.0120
vn 0.1872 0.9823 0.0052
vn 0.7118 -0.6943 -0.1063
vn 0.0551 0.9787 0.1976
vn 0.1881 0.9782 0.0883
vn 0.1949 0.9495 0.2460
vn 0.5897 -0.8041 0.0747
vn 0.1714 0.9845 -0.0376
vn -0.1550 -0.9861 0.0599
vn 0.3873 0.9172 -0.0932
vn 0.7411 -0.6514 0.1626
vn -0.5541 -0.8321 0.0250
vn 0.0849 -0.9746 0.2071
vn -0.1236 0.9896 -0.0741
vn -0.0485 0.9950 -0.0873
vn 0.0297 -0.9973 0.0667
vn 0.0321 0.9972 -0.0677
vn -0.6782 0.7321 -0.0635
vn -0.9960 0.0867 -0.0205
vn 0.9843 0.1721 0.0386
vn 0.9578 -0.2741 0.0864
vn -0.9422 0.3331 -0.0374
vn -0.0138 0.9976 -0.0680
vn -0.9705 -0.2412 0.0016
vn -0.1313 -0.9868 0.0952
vn -0.3693 0.9253 -0.0861
vn 0.3570 -0.9099 0.2114
vn -0.0892 0.9942 -0.0597
vn -0.0197 -0.9970 0.0747
vn 0.0769 0.9914 -0.1056
vn 0.8129 0.5820 -0.0233
vn -0.3055 -0.9518 0.0281
vn -0.2757 -0.9605 0.0381
vn -0.3091 0.9482 -0.0737
vn -0.0624 -0.9956 0.0703
vn -0.0016 0.9973 -0.0737
vn 0.0230 -0.9970 0.0738
vn 0.0174 0.9977 -0.0659
vn -0.0512 0.9970 -0.0583
vn -0.0336 -0.9973 0.0650
vn -0.0667 0.9953 -0.0702
vn -0.1115 -0.9807 0.1608
vn -0.0319 0.9948 -0.0971
vn 0.2525 -0.9432 0.2161
vn 0.2063 0.9724 -0.1088
vn 0.5394 -0.8185 0.1976
vn 0.0376 0.9955 0.0874
vn 0.0058 -0.9970 0.0768
vn -0.0088 0.9988 0.0481
vn -0.6006 0.7992 0.0231
vn -0.9956 0.0827 0.0436
vn 0.9956 0.0580 0.0734
vn -0.1112 -0.9911 0.0727
vn 0.4975 0.8648 0.0677
vn 0.5268 -0.8497 0.0223
vn -0.5593 -0.8281 0.0367
vn 0.0772 -0.9948 0.0669
vn -0.1298 0.9895 0.0628
vn 0.9383 -0.3409 0.0586
vn -0.9534 0.3001 0.0322
vn -0.0029 0.9989 0.0473
vn -0.9844 -0.1721 0.0353
vn 0.0266 -0.9965 0.0794
vn -0.3285 0.9440 0.0300
vn 0.1894 -0.9809 0.0446
vn -0.0137 0.9977 0.0669
vn -0.0184 -0.9969 0.0762
vn 0.1765 0.9800 0.0921
vn 0.8994 0.4337 0.0537
vn -0.2472 -0.9676 0.0510
vn -0.2938 0.9548 0.0462
vn -0.1895 -0.9797 0.0656
vn -0.0439 -0.9962 0.0756
vn -0.0066 0.9983 0.0586
vn 0.0012 0.9990 0.0443
vn 0.0067 -0.9971 0.0763
vn 0.0047 -0.9969 0.0788
vn -0.0193 0.9982 0.0564
vn -0.0087 0.9969 0.0787
vn 0.0496 -0.9960 0.0747
vn 0.1084 -0.9925 0.0566
vn 0.0847 0.9919 0.0945
vn 0.3013 0.9502 0.0789
vn 0.2917 -0.9563 0.0201
vn -0.2188 0.9197 -0.3261
vn 0.7776 -0.6288 0.0067
vn 0.2921 0.9406 -0.1732
vn 0.5504 0.8086 0.2081
vn 0.6106 0.7613 0.2180
vn 0.3494 0.7892 -0.5051
vn -0.4395 -0.8754 -0.2012
vn 0.3080 0.9496 0.0575
vn -0.0486 0.9756 -0.2142
vn 0.0957 -0.9949 -0.0305
vn 0.0006 -0.9839 -0.1787
vn -0.6054 0.7959 0.0087
vn 0.5046 0.8558 -0.1136
vn 0.2799 -0.9514 -0.1281
vn -0.4513 -0.8709 -0.1947
vn -0.3110 -0.7836 -0.5378
vn -0.3401 -0.3928 -0.8544
vn 0.9966 0.0824 0.0004
vn 0.9572 -0.2893 0.0130
vn -0.1340 0.0512 -0.9897
vn 0.6397 0.7186 0.2728
vn 0.5178 0.8545 0.0405
vn 0.4998 0.8624 0.0809
vn -0.4274 -0.8307 -0.3567
vn -0.3686 -0.5888 -0.7193
vn -0.0024 0.9345 -0.3559
vn 0.8772 0.4801 0.0077
vn 0.3721 -0.9280 -0.0171
vn -0.2696 0.9481 -0.1685
vn 0.4151 0.9056 -0.0871
vn -0.0085 -0.9982 -0.0591
vn -0.1102 -0.9744 -0.1962
vn -0.3895 0.9210 -0.0005
vn 0.3472 0.9376 0.0212
vn 0.2249 -0.9728 -0.0549
vn -0.3776 -0.9112 -0.1647
vn 0.0785 -0.9797 -0.1845
vn -0.4215 0.9046 -0.0629
vn -0.5138 0.8566 0.0473
vn -0.0671 -0.9906 -0.1195
vn -0.2850 0.9565 -0.0622
vn 0.0447 -0.9984 -0.0340
vn 0.1532 -0.9875 -0.0356
vn 0.2067 0.9650 -0.1613
vn 0.3241 -0.9404 -0.1031
vn 0.5197 0.8538 -0.0326
vn 0.4242 0.9040 -0.0521
vn 0.2095 -0.9748 -0.0760
vn 0.1985 0.9781 0.0619
vn 0.6740 -0.7387 0.0092
vn -0.8405 -0.5020 -0.2039
vn 0.3137 0.9280 0.2009
vn -0.0282 0.8299 -0.5572
vn 0.1035 -0.9542 -0.2807
vn -0.0512 -0.9723 -0.2279
vn -0.5110 0.8279 -0.2311
vn 0.2428 0.9497 -0.1979
vn 0.1891 -0.9703 -0.1507
vn 0.9937 0.1114 0.0114
vn -0.5548 0.8320 0.0059
vn 0.7888 -0.6105 -0.0713
vn -0.9276 0.3656 0.0772
vn -0.9987 0.0398 -0.0315
vn 0.9583 -0.2831 -0.0378
vn 0.8842 0.4601 0.0811
vn 0.2312 -0.9678 -0.0991
vn -0.3826 0.9209 -0.0749
vn 0.2212 0.8328 -0.5074
vn -0.0379 -0.9885 -0.1464
vn -0.1200 -0.9645 -0.2350
vn -0.2543 0.8479 -0.4651
vn 0.0730 0.9926 0.0969
vn 0.1968 -0.9697 -0.1450
vn -0.8720 0.4839 0.0738
vn -0.4439 0.8715 -0.2084
vn 0.1383 -0.9640 -0.2272
vn -0.2385 -0.9578 -0.1602
vn -0.3825 0.8555 -0.3490
vn -0.1823 0.8190 -0.5440
vn 0.1472 -0.9654 -0.2152
vn 0.0382 -0.9764 -0.2124
vn 0.1198 0.8141 -0.5682
vn 0.3175 0.8580 -0.4037
vn 0.4571 -0.8785 -0.1387
vn 0.0282 -0.9926 -0.1182
vn 0.0588 0.9979 -0.0282
vn 0.1162 0.9760 0.1839
vn 0.7118 -0.6978 -0.0807
vn -0.3564 -0.9302 0.0875
vn 0.3222 0.9465 -0.0200
vn -0.0014 0.8541 0.5201
vn 0.0948 -0.9945 -0.0435
vn 0.0459 -0.9982 -0.0377
vn -0.1022 0.9944 -0.0261
vn 0.4505 0.8008 0.3947
vn 0.2736 -0.9604 -0.0522
vn -0.5402 -0.8400 -0.0507
vn -0.6402 -0.7117 -0.2892
vn -0.6128 -0.3653 -0.7007
vn 0.9967 0.0474 0.0653
vn -0.1628 0.9826 -0.0890
vn 0.7859 -0.6183 -0.0060
vn -0.0715 0.9925 0.0989
vn 0.1313 0.9023 0.4107
vn 0.0081 0.8623 0.5063
vn -0.4006 0.9153 -0.0414
vn 0.9598 -0.2761 0.0499
vn -0.7174 0.1874 -0.6710
vn 0.0915 0.8214 0.5630
vn -0.1110 0.9431 0.3135
vn 0.0654 0.9606 0.2701
vn -0.5929 -0.7969 -0.1158
vn -0.6140 -0.5724 -0.5435
vn -0.1722 0.9844 -0.0367
vn 0.8817 0.4682 0.0583
vn 0.4747 -0.8790 -0.0450
vn -0.1229 0.9818 -0.1448
vn 0.2613 0.8420 0.4720
vn 0.0577 -0.9974 -0.0438
vn -0.0901 -0.9935 0.0699
vn -0.2150 0.9066 0.3632
vn 0.3192 0.9463 0.0512
vn 0.1741 -0.9837 -0.0441
vn -0.4410 -0.8969 0.0317
vn -0.1484 0.9808 -0.1266
vn 0.0293 -0.9995 0.0088
vn 0.0628 -0.9968 -0.0495
vn -0.1040 0.9844 0.1419
vn -0.1473 0.8570 0.4939
vn 0.0527 -0.9977 -0.0428
vn 0.1408 -0.9891 -0.0433
vn 0.1215 0.8665 0.4841
vn 0.3781 0.8029 0.4608
vn 0.2117 -0.9761 -0.0491
vn 0.3502 -0.9352 -0.0530
vn 0.4892 0.8272 0.2763
vn 0.1865 0.9821 -0.0261
vn 0.6532 -0.7565 -0.0325
vn -0.5413 0.7439 0.3919
vn 0.8104 -0.5727 -0.1236
vn -0.9601 0.1483 0.2371
vn -0.7897 -0.6077 -0.0847
vn 0.2902 0.9448 0.1523
vn -0.0381 0.9949 0.0934
vn 0.0401 -0.9473 -0.3177
vn -0.0908 -0.8876 -0.4516
vn -0.1368 0.9587 0.2494
vn -0.0356 0.9835 0.1774
vn 0.2042 -0.9460 -0.2519
vn 0.9944 0.1043 -0.0195
vn -0.9760 -0.2054 0.0717
vn 0.9599 -0.2672 -0.0846
vn 0.9021 0.4306 0.0277
vn 0.1290 -0.9761 -0.1748
vn -0.0677 0.9076 0.4143
vn 0.0156 0.9895 0.1435
vn -0.0141 -0.9780 -0.2082
vn -0.1430 -0.9428 -0.3011
vn -0.0069 0.9928 0.1195
vn -0.0556 0.9773 0.2043
vn 0.0974 -0.9647 -0.2447
vn -0.8760 0.3509 0.3310
vn 0.2805 -0.8734 -0.3980
vn 0.1607 0.9123 0.3766
vn -0.1729 0.9748 0.1412
vn -0.4975 -0.8238 -0.2718
vn 0.0682 0.9920 0.1064
vn 0.3673 -0.8955 -0.2514
vn -0.1899 -0.9443 -0.2688
vn -0.1213 0.9856 0.1179
vn 0.5465 -0.8087 -0.2178
vn 0.1009 0.9822 0.1582
vn -0.1766 0.9628 0.2047
vn -0.1040 -0.9724 -0.2087
vn 0.0568 0.9811 0.1849
vn 0.7079 -0.6939 -0.1318
vn -0.2950 0.9470 0.1269
vn 0.2143 0.9682 0.1292
vn 0.3911 0.9193 -0.0429
vn -0.0433 0.9784 0.2023
vn 0.4660 0.8679 -0.1719
vn -0.4003 0.9163 0.0122
vn 0.0410 0.9934 0.1069
vn 0.4287 0.8980 -0.0991
vn 0.3445 0.8677 0.3583
vn -0.1690 0.8788 0.4463
vn -0.2820 0.9585 -0.0413
vn -0.1311 0.9771 0.1675
vn 0.1945 0.9666 0.1668
vn 0.4004 0.8008 0.4453
vn -0.1963 0.9691 -0.1493
vn 0.1440 0.9726 -0.1823
vn 0.2192 0.9230 -0.3163
vn 0.0011 0.9956 -0.0938
vn 0.2529 0.8326 -0.4928
vn -0.2468 0.9152 -0.3187
vn 0.0365 0.9012 0.4319
vn -0.0612 0.9981 0.0057
vn 0.3278 0.8328 0.4460
vn -0.1376 0.9096 0.3921
vn 0.0888 0.9959 -0.0182
vn -0.0571 0.8910 0.4503
vn 0.1928 0.8944 0.4036
vn 0.3373 0.8135 0.4738
vn -0.1702 0.9253 -0.3389
vn 0.0907 0.9421 -0.3229
vn 0.1889 0.8732 -0.4492
vn -0.0412 0.9487 -0.3135
vn 0.2182 0.8087 -0.5463
vn -0.2276 0.8768 -0.4236
vn 0.1656 0.3613 0.9176
vn 0.1690 0.4091 0.8967
vn -0.0677 0.5159 -0.8539
vn -0.1141 0.4704 -0.8751
vn 0.1237 0.4354 0.8917
vn 0.1365 0.4031 0.9049
vn -0.1363 0.4471 -0.8840
vn -0.1995 0.4319 -0.8796
vn 0.2767 0.4533 0.8473
vn 0.5255 0.8461 -0.0890
vn -0.3109 0.9501 0.0266
vn 0.1037 0.4659 -0.8787
vn 0.0274 0.4700 -0.8822
vn 0.0955 0.3967 0.9130
vt 0.562500 0.231497
vt 0.625000 0.231497
vt 0.625000 0.250000
vt 0.562500 0.250000
vt 0.640625 0.500000
vt 0.625000 0.500000
vt 0.640625 0.500000
vt 0.562500 0.709704
vt 0.625000 0.709704
vt 0.625000 0.750000
vt 0.562500 0.750000
vt 0.843750 0.750000
vt 0.875000 0.750000
vt 0.359375 0.709704
vt 0.375000 0.709704
vt 0.375000 0.750000
vt 0.359375 0.750000
vt 0.843750 0.709704
vt 0.875000 0.709704
vt 0.734375 0.709704
vt 0.750000 0.709704
vt 0.750000 0.750000
vt 0.734375 0.750000
vt 0.234375 0.709704
vt 0.250000 0.709704
vt 0.250000 0.750000
vt 0.234375 0.750000
vt 0.796875 0.750000
vt 0.812500 0.750000
vt 0.796875 0.750000
vt 0.437500 0.375000
vt 0.375000 0.375000
vt 0.156250 0.500000
vt 0.125000 0.500000
vt 0.171875 0.709704
vt 0.187500 0.709704
vt 0.187500 0.750000
vt 0.171875 0.750000
vt 0.796875 0.709704
vt 0.812500 0.709704
vt 0.796875 0.750000
vt 0.234375 0.750000
vt 0.671875 0.750000
vt 0.687500 0.750000
vt 0.671875 0.709704
vt 0.687500 0.709704
vt 0.671875 0.750000
vt 0.296875 0.709704
vt 0.312500 0.709704
vt 0.312500 0.750000
vt 0.296875 0.750000
vt 0.265625 0.500000
vt 0.250000 0.500000
vt 0.296875 0.555510
vt 0.312500 0.555510
vt 0.312500 0.574013
vt 0.296875 0.574013
vt 0.671875 0.555510
vt 0.687500 0.555510
vt 0.687500 0.572157
vt 0.671875 0.574013
vt 0.796875 0.555510
vt 0.812500 0.555510
vt 0.812500 0.574013
vt 0.796875 0.574013
vt 0.171875 0.555510
vt 0.187500 0.555510
vt 0.187500 0.574013
vt 0.171875 0.574013
vt 0.234375 0.555510
vt 0.250000 0.555510
vt 0.250000 0.574013
vt 0.234375 0.574013
vt 0.734375 0.555510
vt 0.750000 0.555510
vt 0.750000 0.569263
vt 0.734375 0.569699
vt 0.843750 0.555510
vt 0.875000 0.555510
vt 0.875000 0.574013
vt 0.843750 0.574013
vt 0.359375 0.555510
vt 0.375000 0.555510
vt 0.375000 0.574013
vt 0.359375 0.574013
vt 0.562500 0.555510
vt 0.625000 0.555510
vt 0.625000 0.574013
vt 0.562500 0.574013
vt 0.125000 0.645559
vt 0.125000 0.669408
vt 0.562500 0.040296
vt 0.625000 0.040296
vt 0.625000 0.080592
vt 0.562500 0.080592
vt 0.296875 0.645559
vt 0.312500 0.645559
vt 0.312500 0.669408
vt 0.296875 0.669408
vt 0.671875 0.645559
vt 0.687500 0.645559
vt 0.687500 0.669408
vt 0.671875 0.669408
vt 0.796875 0.645559
vt 0.812500 0.645559
vt 0.812500 0.669408
vt 0.796875 0.669408
vt 0.171875 0.645559
vt 0.187500 0.645559
vt 0.187500 0.669408
vt 0.171875 0.669408
vt 0.234375 0.645559
vt 0.250000 0.645559
vt 0.250000 0.669408
vt 0.234375 0.669408
vt 0.734375 0.645559
vt 0.750000 0.645559
vt 0.750000 0.669408
vt 0.734375 0.669408
vt 0.843750 0.645559
vt 0.875000 0.645559
vt 0.875000 0.669408
vt 0.843750 0.669408
vt 0.359375 0.645559
vt 0.375000 0.645559
vt 0.375000 0.669408
vt 0.359375 0.669408
vt 0.562500 0.645559
vt 0.625000 0.645559
vt 0.625000 0.669408
vt 0.562500 0.669408
vt 0.234375 0.750000
vt 0.250000 0.750000
vt 0.437500 0.000000
vt 0.375000 0.000000
vt 0.734375 0.750000
vt 0.296875 0.750000
vt 0.296875 0.750000
vt 0.171875 0.750000
vt 0.359375 0.750000
vt 0.562500 0.968750
vt 0.625000 0.968750
vt 0.625000 1.000000
vt 0.562500 1.000000
vt 0.562500 0.859375
vt 0.625000 0.859375
vt 0.625000 0.875000
vt 0.562500 0.875000
vt 0.562500 0.921875
vt 0.625000 0.921875
vt 0.625000 0.937500
vt 0.562500 0.937500
vt 0.562500 0.796875
vt 0.625000 0.796875
vt 0.625000 0.812500
vt 0.562500 0.812500
vt 0.375000 0.750000
vt 0.312500 0.750000
vt 0.437500 0.000000
vt 0.562500 0.437500
vt 0.625000 0.437500
vt 0.328125 0.500000
vt 0.312500 0.500000
vt 0.328125 0.500000
vt 0.437500 0.500000
vt 0.375000 0.500000
vt 0.328125 0.500000
vt 0.328125 0.500000
vt 0.328125 0.500000
vt 0.562500 0.484375
vt 0.625000 0.484375
vt 0.562500 0.500000
vt 0.640625 0.500000
vt 0.437500 0.437500
vt 0.375000 0.437500
vt 0.562500 0.375000
vt 0.625000 0.375000
vt 0.703125 0.500000
vt 0.687500 0.500000
vt 0.203125 0.500000
vt 0.187500 0.500000
vt 0.203125 0.500000
vt 0.765625 0.500000
vt 0.750000 0.500000
vt 0.562500 0.312500
vt 0.625000 0.312500
vt 0.203125 0.500000
vt 0.828125 0.500000
vt 0.812500 0.500000
vt 0.828125 0.500000
vt 0.437500 0.312500
vt 0.375000 0.312500
vt 0.828125 0.500000
vt 0.828125 0.500000
vt 0.203125 0.500000
vt 0.765625 0.500000
vt 0.765625 0.500000
vt 0.703125 0.500000
vt 0.828125 0.500000
vt 0.765625 0.500000
vt 0.703125 0.500000
vt 0.562500 0.359375
vt 0.625000 0.359375
vt 0.562500 0.421875
vt 0.625000 0.421875
vt 0.703125 0.500000
vt 0.265625 0.500000
vt 0.562500 0.296875
vt 0.625000 0.296875
vt 0.828125 0.500000
vt 0.875000 0.597862
vt 0.875000 0.597862
vt 0.437500 0.175987
vt 0.375000 0.175987
vt 0.125000 0.645559
vt 0.875000 0.597862
vt 0.562500 0.152138
vt 0.625000 0.152138
vt 0.625000 0.175987
vt 0.562500 0.175987
vt 0.875000 0.597862
vt 0.500000 0.175987
vt 0.437500 0.080592
vt 0.500000 0.080592
vt 0.437500 0.152138
vt 0.500000 0.152138
vt 0.437500 0.250000
vt 0.500000 0.250000
vt 0.437500 0.296875
vt 0.500000 0.296875
vt 0.500000 0.312500
vt 0.500000 0.375000
vt 0.437500 0.421875
vt 0.500000 0.421875
vt 0.500000 0.437500
vt 0.437500 0.359375
vt 0.500000 0.359375
vt 0.500000 0.375000
vt 0.500000 0.437500
vt 0.437500 0.484375
vt 0.500000 0.484375
vt 0.500000 0.500000
vt 0.562500 0.000000
vt 0.500000 0.000000
vt 0.437500 0.796875
vt 0.500000 0.796875
vt 0.500000 0.812500
vt 0.437500 0.812500
vt 0.437500 0.921875
vt 0.500000 0.921875
vt 0.500000 0.937500
vt 0.437500 0.937500
vt 0.437500 0.859375
vt 0.500000 0.859375
vt 0.500000 0.875000
vt 0.437500 0.875000
vt 0.437500 0.968750
vt 0.500000 0.968750
vt 0.500000 1.000000
vt 0.437500 1.000000
vt 0.437500 0.750000
vt 0.500000 0.750000
vt 0.437500 0.645559
vt 0.500000 0.645559
vt 0.500000 0.669408
vt 0.437500 0.669408
vt 0.437500 0.040296
vt 0.500000 0.040296
vt 0.437500 0.555510
vt 0.500000 0.555510
vt 0.500000 0.574013
vt 0.437500 0.574013
vt 0.437500 0.709704
vt 0.500000 0.709704
vt 0.437500 0.231497
vt 0.500000 0.231497
vt 0.375000 0.231497
vt 0.375000 0.250000
vt 0.375000 0.194490
vt 0.437500 0.194490
vt 0.437500 0.212993
vt 0.375000 0.212993
vt 0.500000 0.194490
vt 0.500000 0.212993
vt 0.375000 0.518503
vt 0.437500 0.518503
vt 0.437500 0.537007
vt 0.375000 0.537007
vt 0.500000 0.518503
vt 0.500000 0.537007
vt 0.375000 0.040296
vt 0.375000 0.080592
vt 0.375000 0.597862
vt 0.437500 0.597862
vt 0.437500 0.621711
vt 0.375000 0.621711
vt 0.500000 0.597862
vt 0.500000 0.621711
vt 0.375000 0.750000
vt 0.625000 0.000000
vt 0.375000 0.968750
vt 0.375000 1.000000
vt 0.375000 0.953125
vt 0.437500 0.953125
vt 0.500000 0.953125
vt 0.375000 0.859375
vt 0.375000 0.875000
vt 0.375000 0.828125
vt 0.437500 0.828125
vt 0.437500 0.843750
vt 0.375000 0.843750
vt 0.500000 0.828125
vt 0.500000 0.843750
vt 0.375000 0.921875
vt 0.375000 0.937500
vt 0.375000 0.890625
vt 0.437500 0.890625
vt 0.437500 0.906250
vt 0.375000 0.906250
vt 0.500000 0.890625
vt 0.500000 0.906250
vt 0.375000 0.796875
vt 0.375000 0.812500
vt 0.375000 0.765625
vt 0.437500 0.765625
vt 0.437500 0.781250
vt 0.375000 0.781250
vt 0.500000 0.765625
vt 0.500000 0.781250
vt 0.375000 0.484375
vt 0.375000 0.453125
vt 0.437500 0.453125
vt 0.437500 0.468750
vt 0.375000 0.468750
vt 0.500000 0.453125
vt 0.500000 0.468750
vt 0.375000 0.359375
vt 0.375000 0.328125
vt 0.437500 0.328125
vt 0.437500 0.343750
vt 0.375000 0.343750
vt 0.500000 0.328125
vt 0.500000 0.343750
vt 0.375000 0.421875
vt 0.375000 0.390625
vt 0.437500 0.390625
vt 0.437500 0.406250
vt 0.375000 0.406250
vt 0.500000 0.390625
vt 0.500000 0.406250
vt 0.375000 0.296875
vt 0.437500 0.281250
vt 0.375000 0.281250
vt 0.500000 0.281250
vt 0.375000 0.152138
vt 0.375000 0.104441
vt 0.437500 0.104441
vt 0.437500 0.128289
vt 0.375000 0.128289
vt 0.500000 0.104441
vt 0.500000 0.128289
vt 0.875000 0.621711
vt 0.562500 0.104441
vt 0.562500 0.128289
vt 0.625000 0.104441
vt 0.625000 0.128289
vt 0.875000 0.645559
vt 0.125000 0.597862
vt 0.125000 0.621711
vt 0.125000 0.597862
vt 0.125000 0.597862
vt 0.875000 0.500000
vt 0.843750 0.500000
vt 0.171875 0.500000
vt 0.171875 0.500000
vt 0.562500 0.281250
vt 0.625000 0.281250
vt 0.296875 0.500000
vt 0.281250 0.500000
vt 0.296875 0.500000
vt 0.734375 0.500000
vt 0.718750 0.500000
vt 0.734375 0.500000
vt 0.734375 0.500000
vt 0.562500 0.390625
vt 0.562500 0.406250
vt 0.625000 0.390625
vt 0.625000 0.406250
vt 0.796875 0.500000
vt 0.781250 0.500000
vt 0.796875 0.500000
vt 0.796875 0.500000
vt 0.562500 0.328125
vt 0.562500 0.343750
vt 0.625000 0.328125
vt 0.625000 0.343750
vt 0.734375 0.500000
vt 0.796875 0.500000
vt 0.796875 0.500000
vt 0.234375 0.500000
vt 0.218750 0.500000
vt 0.234375 0.500000
vt 0.171875 0.500000
vt 0.296875 0.500000
vt 0.734375 0.500000
vt 0.296875 0.500000
vt 0.234375 0.500000
vt 0.234375 0.500000
vt 0.234375 0.500000
vt 0.234375 0.500000
vt 0.203125 0.500000
vt 0.796875 0.500000
vt 0.734375 0.500000
vt 0.734375 0.500000
vt 0.671875 0.500000
vt 0.656250 0.500000
vt 0.671875 0.500000
vt 0.359375 0.500000
vt 0.343750 0.500000
vt 0.359375 0.500000
vt 0.562500 0.453125
vt 0.562500 0.468750
vt 0.625000 0.453125
vt 0.625000 0.468750
vt 0.671875 0.500000
vt 0.359375 0.500000
vt 0.359375 0.500000
vt 0.359375 0.500000
vt 0.765625 0.750000
vt 0.781250 0.750000
vt 0.781250 0.750000
vt 0.765625 0.750000
vt 0.781250 0.750000
vt 0.765625 0.750000
vt 0.812500 0.750000
vt 0.265625 0.750000
vt 0.281250 0.750000
vt 0.296875 0.750000
vt 0.828125 0.750000
vt 0.828125 0.750000
vt 0.843750 0.750000
vt 0.328125 0.750000
vt 0.343750 0.750000
vt 0.343750 0.750000
vt 0.328125 0.750000
vt 0.328125 0.750000
vt 0.343750 0.750000
vt 0.359375 0.750000
vt 0.703125 0.750000
vt 0.718750 0.750000
vt 0.718750 0.750000
vt 0.703125 0.750000
vt 0.703125 0.750000
vt 0.718750 0.750000
vt 0.703125 0.750000
vt 0.734375 0.750000
vt 0.562500 0.765625
vt 0.562500 0.781250
vt 0.625000 0.765625
vt 0.625000 0.781250
vt 0.562500 0.890625
vt 0.562500 0.906250
vt 0.625000 0.890625
vt 0.625000 0.906250
vt 0.562500 0.828125
vt 0.562500 0.843750
vt 0.625000 0.828125
vt 0.625000 0.843750
vt 0.562500 0.953125
vt 0.625000 0.953125
vt 0.125000 0.750000
vt 0.156250 0.750000
vt 0.265625 0.750000
vt 0.203125 0.750000
vt 0.218750 0.750000
vt 0.218750 0.750000
vt 0.203125 0.750000
vt 0.250000 0.750000
vt 0.234375 0.750000
vt 0.640625 0.750000
vt 0.656250 0.750000
vt 0.640625 0.750000
vt 0.656250 0.750000
vt 0.640625 0.750000
vt 0.671875 0.750000
vt 0.156250 0.750000
vt 0.171875 0.750000
vt 0.562500 0.597862
vt 0.562500 0.621711
vt 0.625000 0.597862
vt 0.625000 0.621711
vt 0.328125 0.645559
vt 0.343750 0.645559
vt 0.343750 0.669408
vt 0.328125 0.669408
vt 0.328125 0.597862
vt 0.343750 0.597862
vt 0.343750 0.621711
vt 0.328125 0.621711
vt 0.359375 0.597862
vt 0.359375 0.621711
vt 0.828125 0.645559
vt 0.828125 0.669408
vt 0.828125 0.597862
vt 0.843750 0.597862
vt 0.843750 0.621711
vt 0.828125 0.621711
vt 0.703125 0.645559
vt 0.718750 0.645559
vt 0.718750 0.669408
vt 0.703125 0.669408
vt 0.203125 0.645559
vt 0.218750 0.645559
vt 0.218750 0.669408
vt 0.203125 0.669408
vt 0.203125 0.597862
vt 0.218750 0.597862
vt 0.218750 0.621711
vt 0.203125 0.621710
vt 0.234375 0.597862
vt 0.250000 0.597862
vt 0.250000 0.621711
vt 0.234375 0.621711
vt 0.125000 0.645559
vt 0.156250 0.645559
vt 0.156250 0.669408
vt 0.156250 0.597862
vt 0.156250 0.621711
vt 0.171875 0.597862
vt 0.187500 0.597862
vt 0.187500 0.621711
vt 0.171875 0.621710
vt 0.765625 0.645559
vt 0.781250 0.645559
vt 0.781250 0.669408
vt 0.765625 0.669408
vt 0.804551 0.599024
vt 0.819487 0.597862
vt 0.814312 0.618001
vt 0.797988 0.624499
vt 0.640625 0.645559
vt 0.656250 0.645559
vt 0.656250 0.669408
vt 0.640625 0.669408
vt 0.640625 0.597862
vt 0.656250 0.597862
vt 0.656250 0.621711
vt 0.640625 0.621711
vt 0.666211 0.597862
vt 0.675556 0.594817
vt 0.687500 0.631792
vt 0.671875 0.629980
vt 0.265625 0.645559
vt 0.281250 0.645559
vt 0.281250 0.669408
vt 0.265625 0.669408
vt 0.265625 0.597862
vt 0.281250 0.597862
vt 0.281250 0.621711
vt 0.265625 0.621711
vt 0.296875 0.597862
vt 0.312500 0.597862
vt 0.312500 0.621711
vt 0.296875 0.621711
vt 0.562500 0.518503
vt 0.562500 0.537007
vt 0.625000 0.518503
vt 0.625000 0.537007
vt 0.328125 0.555510
vt 0.343750 0.555510
vt 0.343750 0.574013
vt 0.328125 0.574013
vt 0.328125 0.518503
vt 0.343750 0.518503
vt 0.343750 0.537007
vt 0.328125 0.537007
vt 0.359375 0.518503
vt 0.359375 0.537007
vt 0.828125 0.555510
vt 0.828125 0.574013
vt 0.828125 0.518503
vt 0.843750 0.518503
vt 0.843750 0.537007
vt 0.828125 0.537007
vt 0.875000 0.518503
vt 0.875000 0.537007
vt 0.703125 0.555510
vt 0.718750 0.555510
vt 0.718750 0.569290
vt 0.703125 0.569699
vt 0.703125 0.518503
vt 0.718750 0.518503
vt 0.718750 0.537007
vt 0.703125 0.537007
vt 0.734375 0.518503
vt 0.750000 0.518503
vt 0.750000 0.537007
vt 0.734375 0.537007
vt 0.203125 0.555510
vt 0.218750 0.555510
vt 0.218750 0.574013
vt 0.203125 0.574013
vt 0.203125 0.518503
vt 0.218750 0.518503
vt 0.218750 0.537007
vt 0.203125 0.537007
vt 0.234375 0.518503
vt 0.250000 0.518503
vt 0.250000 0.537007
vt 0.234375 0.537007
vt 0.125000 0.555510
vt 0.156250 0.555510
vt 0.156250 0.574013
vt 0.125000 0.574013
vt 0.125000 0.518503
vt 0.156250 0.518503
vt 0.156250 0.537007
vt 0.125000 0.537007
vt 0.171875 0.518503
vt 0.187500 0.518503
vt 0.187500 0.537007
vt 0.171875 0.537007
vt 0.765625 0.555510
vt 0.781250 0.555510
vt 0.781250 0.572490
vt 0.765625 0.569263
vt 0.765625 0.518503
vt 0.781250 0.518503
vt 0.781250 0.537007
vt 0.765625 0.537007
vt 0.796875 0.518503
vt 0.812500 0.518503
vt 0.812500 0.537007
vt 0.796875 0.537007
vt 0.640625 0.555510
vt 0.656250 0.555510
vt 0.656250 0.574013
vt 0.640625 0.574013
vt 0.640625 0.518503
vt 0.656250 0.518503
vt 0.656250 0.537007
vt 0.640625 0.537007
vt 0.671875 0.518503
vt 0.687500 0.518503
vt 0.687500 0.537007
vt 0.671875 0.537007
vt 0.265625 0.555510
vt 0.281250 0.555510
vt 0.281250 0.574013
vt 0.265625 0.574013
vt 0.265625 0.518503
vt 0.281250 0.518503
vt 0.281250 0.537007
vt 0.265625 0.537007
vt 0.296875 0.518503
vt 0.312500 0.518503
vt 0.312500 0.537007
vt 0.296875 0.537007
vt 0.265625 0.709704
vt 0.281250 0.709704
vt 0.640625 0.709704
vt 0.656250 0.709704
vt 0.640625 0.750000
vt 0.203125 0.750000
vt 0.203125 0.750000
vt 0.765625 0.709704
vt 0.781250 0.709704
vt 0.125000 0.709704
vt 0.156250 0.709704
vt 0.765625 0.750000
vt 0.765625 0.750000
vt 0.203125 0.709704
vt 0.218750 0.709704
vt 0.703125 0.709704
vt 0.718750 0.709704
vt 0.828125 0.709704
vt 0.828125 0.750000
vt 0.328125 0.709704
vt 0.343750 0.709704
vt 0.671875 0.500000
vt 0.671875 0.500000
vt 0.562500 0.194490
vt 0.562500 0.212993
vt 0.625000 0.194490
vt 0.625000 0.212993
vt 0.695720 0.584840
vt 0.734375 0.584580
vt 0.718750 0.581806
vt 0.765625 0.585249
vt 0.750000 0.586531
vt 0.789406 0.587177
vt 0.703125 0.635868
vt 0.718750 0.635705
vt 0.734375 0.635435
vt 0.750000 0.635410
vt 0.765625 0.633305
vt 0.783128 0.627973
vt 0.750000 0.618397
vt 0.773871 0.614637
vt 0.707124 0.617737
vt 0.727793 0.618454
vt 0.689327 0.606222
vt 0.790525 0.606973
vt 0.727793 0.618454
vt 0.689327 0.606221
vt 0.750000 0.586531
vt 0.790525 0.606973
vt 0.789406 0.587177
vt 0.695720 0.584840
vt 0.734375 0.584580
vt 0.727793 0.618454
vt 0.765625 0.585249
vt 0.707124 0.617737
vt 0.789406 0.587177
vt 0.675556 0.594817
vt 0.790525 0.606973
vt 0.773871 0.614637
s 1
f 1308/1/1308 1285/2/1285 4/3/4 462/4/462
f 1070/5/1070 313/6/313 62/6/62 1033/7/1033
f 760/8/760 201/9/201 6/10/6 464/11/464
f 759/12/759 285/13/285 42/13/42 272/12/272
f 1069/14/1069 258/15/258 5/16/5 1028/17/1028
f 757/18/757 257/19/257 2/13/2 204/12/204
f 938/20/938 209/21/209 12/22/12 896/23/896
f 894/24/894 210/25/210 11/26/11 852/27/852
f 849/28/849 283/29/283 47/29/47 811/30/811
f 753/31/753 353/32/353 83/32/83 350/31/350
f 752/33/752 361/34/361 86/34/86 358/33/358
f 803/35/803 218/36/218 16/37/16 764/38/764
f 848/39/848 219/40/219 14/29/14 808/41/808
f 891/27/891 211/26/211 45/26/45 855/42/855
f 1024/43/1024 225/44/225 50/44/50 987/43/987
f 1023/45/1023 226/46/226 20/44/20 984/47/984
f 981/48/981 227/49/227 18/50/18 940/51/940
f 936/52/936 345/53/345 78/53/78 901/52/901
f 1230/54/1230 1204/55/1204 30/56/30 952/57/952
f 1232/58/1232 1203/59/1203 29/60/29 996/61/996
f 1224/62/1224 1202/63/1202 28/64/28 820/65/820
f 1222/66/1222 1201/67/1201 27/68/27 776/69/776
f 1226/70/1226 1200/71/1200 26/72/26 864/73/864
f 1228/74/1228 1199/75/1199 25/76/25 908/77/908
f 1213/78/1213 1206/79/1206 22/80/22 245/81/245
f 1234/82/1234 1207/83/1207 23/84/23 1040/85/1040
f 1211/86/1211 1198/87/1198 24/88/24 468/89/468
f 1270/90/1270 441/91/441 128/91/128 1243/90/1243
f 734/92/734 257/93/257 39/94/39 470/95/470
f 1280/96/1280 1242/97/1242 38/98/38 953/99/953
f 1282/100/1282 1241/101/1241 37/102/37 997/103/997
f 1274/104/1274 1240/105/1240 36/106/36 821/107/821
f 1272/108/1272 1239/109/1239 35/110/35 777/111/777
f 1276/112/1276 1238/113/1238 34/114/34 865/115/865
f 1278/116/1278 1237/117/1237 33/118/33 909/119/909
f 1263/120/1263 1247/121/1247 39/122/39 266/123/266
f 1284/124/1284 1248/125/1248 40/126/40 1041/127/1041
f 1261/128/1261 1236/129/1236 32/130/32 471/131/471
f 1134/38/1134 1115/37/1115 58/37/58 768/38/768
f 1131/11/1131 1116/10/1116 54/10/54 475/11/475
f 1144/43/1144 1109/44/1109 60/44/60 988/43/988
f 1138/132/1138 1110/133/1110 55/26/55 856/27/856
f 720/134/720 286/135/286 41/135/41 472/134/472
f 931/136/931 284/22/284 46/22/46 899/136/899
f 974/137/974 287/50/287 49/50/49 943/138/943
f 717/11/717 220/10/220 44/10/44 473/11/473
f 797/38/797 282/37/282 48/37/48 767/139/767
f 1061/140/1061 288/16/288 43/16/43 1031/140/1031
f 714/141/714 292/142/292 52/143/52 289/144/289
f 929/145/929 900/146/900 56/147/56 476/148/476
f 841/149/841 812/150/812 57/151/57 477/152/477
f 1016/153/1016 988/154/988 60/155/60 478/156/478
f 1140/136/1140 1111/22/1111 56/22/56 900/136/900
f 1146/140/1146 1117/157/1117 53/16/53 1032/140/1032
f 1126/12/1126 1112/13/1112 52/13/52 292/12/292
f 1142/137/1142 1119/158/1119 59/50/59 944/137/944
f 1124/159/1124 1118/135/1118 51/135/51 474/134/474
f 1136/41/1136 1120/29/1120 57/29/57 812/41/812
f 704/160/704 321/161/321 65/161/65 482/160/482
f 1014/162/1014 315/163/315 64/163/64 989/164/989
f 702/165/702 316/166/316 63/166/63 310/165/310
f 701/160/701 314/161/314 61/161/61 480/160/480
f 1013/167/1013 329/163/329 72/163/72 991/168/991
f 699/165/699 323/166/323 67/166/67 318/165/318
f 1012/169/1012 322/163/322 68/163/68 990/162/990
f 1055/5/1055 324/6/324 66/6/66 1034/5/1034
f 696/165/696 337/166/337 75/166/75 334/165/334
f 1054/5/1054 331/6/331 70/6/70 1035/5/1035
f 694/160/694 332/161/332 69/161/69 484/160/484
f 693/165/693 330/166/330 71/166/71 326/165/326
f 1053/170/1053 1036/171/1036 74/6/74 485/172/485
f 1008/162/1008 339/163/339 76/163/76 992/162/992
f 1051/173/1051 338/6/338 74/6/74 1036/5/1036
f 689/160/689 340/161/340 73/161/73 486/160/486
f 688/174/688 385/175/385 97/175/97 384/174/384
f 687/176/687 347/177/347 79/177/79 487/176/487
f 970/178/970 348/179/348 80/179/80 945/178/945
f 685/174/685 346/175/346 77/175/77 344/174/344
f 839/180/839 377/181/377 96/181/96 814/182/814
f 882/183/882 354/184/354 82/184/82 857/183/857
f 682/185/682 355/186/355 81/186/81 490/185/490
f 837/187/837 356/181/356 84/181/84 813/182/813
f 794/188/794 369/189/369 92/189/92 770/190/770
f 679/191/679 362/192/362 87/192/87 360/191/360
f 793/193/793 363/189/363 88/189/88 769/194/769
f 677/4/677 364/3/364 85/3/85 491/4/491
f 676/191/676 393/192/393 103/192/103 392/191/392
f 675/4/675 370/3/370 89/3/89 493/4/493
f 674/191/674 372/192/372 91/192/91 368/191/368
f 673/33/673 371/34/371 90/34/90 366/33/366
f 836/180/836 401/181/401 108/181/108 815/195/815
f 879/196/879 379/184/379 94/184/94 858/197/858
f 670/185/670 380/186/380 93/186/93 496/185/496
f 669/31/669 378/32/378 95/32/95 374/31/374
f 925/52/925 409/53/409 110/53/110 903/52/903
f 667/176/667 387/177/387 99/177/99 497/176/497
f 968/198/968 386/179/386 100/179/100 946/178/946
f 923/52/923 388/53/388 98/53/98 902/52/902
f 664/191/664 433/192/433 123/192/123 432/191/432
f 663/33/663 395/34/395 102/34/102 390/33/390
f 790/199/790 394/189/394 104/189/104 771/188/771
f 661/4/661 396/3/396 101/3/101 499/4/499
f 834/195/834 417/181/417 116/181/116 816/195/816
f 877/200/877 403/184/403 106/184/106 859/183/859
f 658/185/658 404/186/404 105/186/105 502/185/502
f 657/31/657 402/32/402 107/32/107 398/31/398
f 656/174/656 425/175/425 117/175/117 424/174/424
f 655/174/655 410/175/410 109/175/109 408/174/408
f 654/176/654 412/177/412 111/177/111 503/176/503
f 966/201/966 411/179/411 112/179/112 947/178/947
f 876/202/876 860/203/860 114/177/114 505/176/505
f 875/183/875 419/184/419 114/184/114 860/183/860
f 650/185/650 420/186/420 113/186/113 506/185/506
f 649/31/649 418/32/418 115/32/115 414/31/414
f 965/204/965 948/205/948 120/161/120 508/160/508
f 647/176/647 427/177/427 119/177/119 507/176/507
f 964/206/964 426/179/426 120/179/120 948/178/948
f 919/52/919 428/53/428 118/53/118 904/207/904
f 789/208/789 772/209/772 124/186/124 510/185/510
f 643/33/643 435/34/435 122/34/122 430/33/430
f 787/210/787 434/189/434 124/189/124 772/188/772
f 641/4/641 436/3/436 121/3/121 509/4/509
f 640/95/640 449/94/449 129/94/129 514/95/514
f 1172/211/1172 443/80/443 126/80/126 1149/212/1149
f 638/213/638 442/214/442 127/214/127 438/213/438
f 637/95/637 444/94/444 125/94/125 512/95/512
f 1259/90/1259 457/91/457 136/91/136 1245/90/1245
f 635/213/635 451/214/451 131/214/131 446/213/446
f 1258/215/1258 450/91/450 132/91/132 1244/90/1244
f 1169/216/1169 452/80/452 130/80/130 1150/211/1150
f 1168/217/1168 1151/218/1151 134/219/134 515/220/515
f 1167/221/1167 459/80/459 134/80/134 1151/212/1151
f 630/95/630 460/94/460 133/94/133 516/95/516
f 629/213/629 458/214/458 135/214/135 454/213/454
f 628/220/628 517/222/517 191/222/191 515/220/515
f 627/223/627 518/224/518 192/224/192 456/223/456
f 1166/225/1166 1152/226/1152 191/222/191 454/213/454
f 625/220/625 520/222/520 189/222/189 513/220/513
f 624/223/624 521/224/521 188/224/188 440/223/440
f 623/220/623 522/222/522 187/222/187 511/220/511
f 622/223/622 523/224/523 190/224/190 448/223/448
f 621/227/621 524/228/524 185/228/185 429/227/429
f 786/229/786 773/230/773 186/231/186 432/191/432
f 619/31/619 526/232/526 183/232/183 422/31/422
f 962/233/962 949/234/949 184/235/184 424/174/424
f 617/176/617 528/232/528 181/232/181 505/176/505
f 616/191/616 529/231/529 182/231/182 416/191/416
f 874/236/874 861/237/861 181/232/181 414/31/414
f 614/31/614 531/232/531 179/232/179 406/31/406
f 613/160/613 532/235/532 180/235/180 504/160/504
f 612/160/612 533/235/533 184/235/184 508/160/508
f 611/176/611 534/232/534 177/238/177 501/176/501
f 610/191/610 535/231/535 178/231/178 400/191/400
f 609/227/609 536/228/536 175/228/175 389/227/389
f 608/185/608 537/231/537 186/231/186 510/185/510
f 607/31/607 538/232/538 173/232/173 382/31/382
f 606/176/606 539/232/539 171/232/171 495/176/495
f 605/191/605 540/231/540 172/231/172 376/191/376
f 604/185/604 541/231/541 170/231/170 494/185/494
f 603/227/603 542/228/542 169/228/169 365/227/365
f 602/185/602 543/231/543 176/231/176 500/185/500
f 601/227/601 544/228/544 167/228/167 357/227/357
f 600/185/600 545/231/545 168/231/168 492/185/492
f 599/191/599 546/231/546 166/231/166 352/191/352
f 598/160/598 547/235/547 164/235/164 488/160/488
f 597/31/597 548/232/548 163/232/163 342/31/342
f 596/160/596 549/235/549 174/239/174 498/160/498
f 595/174/595 550/235/550 162/235/162 336/174/336
f 1050/240/1050 1037/241/1037 161/242/161 334/165/334
f 593/172/593 552/242/552 159/242/159 483/172/483
f 592/174/592 553/235/553 160/235/160 328/174/328
f 591/172/591 554/242/554 161/242/161 485/172/485
f 590/172/590 555/242/555 157/242/157 481/172/481
f 589/174/589 556/235/556 156/235/156 312/174/312
f 588/172/588 557/242/557 155/242/155 479/172/479
f 587/174/587 558/235/558 158/235/158 320/174/320
f 1122/243/1122 1113/244/1113 150/244/150 289/243/289
f 1005/245/1005 993/246/993 154/247/154 301/248/301
f 829/249/829 817/250/817 153/251/153 298/252/298
f 917/253/917 905/254/905 152/255/152 295/256/295
f 582/257/582 563/258/563 150/259/150 474/260/474
f 581/261/581 564/262/564 149/262/149 270/261/270
f 580/243/580 565/244/565 148/244/148 269/243/269
f 1121/261/1121 1114/262/1114 151/262/151 290/261/290
f 1253/263/1253 1246/264/1246 147/265/147 268/266/268
f 577/267/577 568/268/568 146/224/146 259/223/259
f 1210/269/1210 1205/270/1205 144/271/144 247/272/247
f 575/176/575 570/232/570 165/232/165 489/176/489
f 574/273/574 571/274/571 140/262/140 202/261/202
f 1297/275/1297 1287/276/1287 138/228/138 196/227/196
f 1288/277/1288 1297/275/1297 196/227/196 3/278/3
f 1197/279/1197 1209/280/1209 573/281/573 229/282/229
f 1209/280/1209 1208/283/1208 572/284/572 573/281/573
f 258/15/258 574/273/574 202/261/202 5/16/5
f 40/126/40 268/266/268 574/273/574 258/15/258
f 268/266/268 147/265/147 571/274/571 574/273/574
f 354/177/354 575/176/575 489/176/489 82/177/82
f 10/177/10 465/176/465 575/176/575 354/177/354
f 465/176/465 141/232/141 570/232/570 575/176/575
f 1207/83/1207 1210/269/1210 247/272/247 23/84/23
f 1286/285/1286 1298/286/1298 576/287/576 200/288/200
f 1298/286/1298 1296/289/1296 569/290/569 576/287/576
f 193/291/193 577/267/577 259/223/259 31/292/31
f 1/135/1 461/134/461 577/267/577 193/291/193
f 461/134/461 137/244/137 568/268/568 577/267/577
f 1248/125/1248 1253/263/1253 268/266/268 40/126/40
f 1148/293/1148 1165/294/1165 578/295/578 231/296/231
f 1165/294/1165 1164/297/1164 567/298/567 578/295/578
f 1117/157/1117 1121/261/1121 290/261/290 53/16/53
f 1073/299/1073 1083/261/1083 579/261/579 303/16/303
f 1083/261/1083 1082/262/1082 566/262/566 579/261/579
f 285/300/285 580/243/580 269/243/269 42/300/42
f 2/300/2 194/243/194 580/243/580 285/300/285
f 194/243/194 137/244/137 565/244/565 580/243/580
f 288/16/288 581/261/581 270/261/270 43/16/43
f 5/16/5 202/261/202 581/261/581 288/16/288
f 202/261/202 140/262/140 564/262/564 581/261/581
f 297/301/297 582/257/582 474/260/474 51/302/51
f 768/303/768 785/304/785 582/257/582 297/301/297
f 785/304/785 784/305/784 563/258/563 582/257/582
f 911/306/911 917/253/917 295/256/295 55/307/55
f 944/308/944 961/309/961 583/310/583 299/311/299
f 961/309/961 960/312/960 562/313/562 583/310/583
f 823/314/823 829/249/829 298/252/298 58/315/58
f 856/316/856 873/317/873 584/318/584 293/319/293
f 873/317/873 872/320/872 561/321/561 584/318/584
f 999/322/999 1005/245/1005 301/248/301 59/323/59
f 1032/324/1032 1049/325/1049 585/326/585 291/327/291
f 1049/325/1049 1048/328/1048 560/329/560 585/326/585
f 1112/300/1112 1122/243/1122 289/243/289 52/300/52
f 1080/300/1080 1084/243/1084 586/243/586 307/300/307
f 1084/243/1084 1081/244/1081 559/244/559 586/243/586
f 322/175/322 587/174/587 320/174/320 68/175/68
f 64/175/64 312/174/312 587/174/587 322/175/322
f 312/174/312 156/235/156 558/235/558 587/174/587
f 313/6/313 588/172/588 479/172/479 62/6/62
f 8/6/8 463/172/463 588/172/588 313/6/313
f 463/172/463 139/242/139 557/242/557 588/172/588
f 315/175/315 589/174/589 312/174/312 64/175/64
f 19/175/19 228/174/228 589/174/589 315/175/315
f 228/174/228 143/235/143 556/235/556 589/174/589
f 324/6/324 590/172/590 481/172/481 66/6/66
f 62/6/62 479/172/479 590/172/590 324/6/324
f 479/172/479 155/242/155 555/242/555 590/172/590
f 338/6/338 591/172/591 485/172/485 74/6/74
f 70/6/70 483/172/483 591/172/591 338/6/338
f 483/172/483 159/242/159 554/242/554 591/172/591
f 329/175/329 592/174/592 328/174/328 72/175/72
f 68/175/68 320/174/320 592/174/592 329/175/329
f 320/174/320 158/235/158 553/235/553 592/174/592
f 331/6/331 593/172/593 483/172/483 70/6/70
f 66/6/66 481/172/481 593/172/593 331/6/331
f 481/172/481 157/242/157 552/242/552 593/172/593
f 1047/330/1047 1050/240/1050 334/165/334 75/166/75
f 992/331/992 1006/332/1006 594/333/594 335/334/335
f 1006/332/1006 1004/335/1004 551/336/551 594/333/594
f 339/175/339 595/174/595 336/174/336 76/175/76
f 72/175/72 328/174/328 595/174/595 339/175/339
f 328/174/328 160/235/160 550/235/550 595/174/595
f 386/161/386 596/160/596 498/160/498 100/161/100
f 80/161/80 488/160/488 596/160/596 386/161/386
f 488/160/488 164/235/164 549/235/549 596/160/596
f 345/32/345 597/31/597 342/31/342 78/32/78
f 9/32/9 212/31/212 597/31/597 345/32/345
f 212/31/212 141/232/141 548/232/548 597/31/597
f 348/161/348 598/160/598 488/160/488 80/161/80
f 17/161/17 467/160/467 598/160/598 348/161/348
f 467/160/467 143/235/143 547/235/547 598/160/598
f 356/192/356 599/191/599 352/191/352 84/192/84
f 13/192/13 217/191/217 599/191/599 356/192/356
f 217/191/217 142/231/142 546/231/546 599/191/599
f 363/186/363 600/185/600 492/185/492 88/186/88
f 15/186/15 466/185/466 600/185/600 363/186/363
f 466/185/466 142/231/142 545/231/545 600/185/600
f 361/278/361 601/227/601 357/227/357 86/278/86
f 3/278/3 196/227/196 601/227/601 361/278/361
f 196/227/196 138/228/138 544/228/544 601/227/601
f 394/186/394 602/185/602 500/185/500 104/186/104
f 92/186/92 494/185/494 602/185/602 394/186/394
f 494/185/494 170/231/170 543/231/543 602/185/602
f 371/278/371 603/227/603 365/227/365 90/278/90
f 86/278/86 357/227/357 603/227/603 371/278/371
f 357/227/357 167/228/167 542/228/542 603/227/603
f 369/186/369 604/185/604 494/185/494 92/186/92
f 88/186/88 492/185/492 604/185/604 369/186/369
f 492/185/492 168/231/168 541/231/541 604/185/604
f 377/192/377 605/191/605 376/191/376 96/192/96
f 84/192/84 352/191/352 605/191/605 377/192/377
f 352/191/352 166/231/166 540/231/540 605/191/605
f 379/177/379 606/176/606 495/176/495 94/177/94
f 82/177/82 489/176/489 606/176/606 379/177/379
f 489/176/489 165/232/165 539/232/539 606/176/606
f 388/32/388 607/31/607 382/31/382 98/32/98
f 78/32/78 342/31/342 607/31/607 388/32/388
f 342/31/342 163/232/163 538/232/538 607/31/607
f 434/186/434 608/185/608 510/185/510 124/186/124
f 104/186/104 500/185/500 608/185/608 434/186/434
f 500/185/500 176/231/176 537/231/537 608/185/608
f 395/278/395 609/227/609 389/227/389 102/278/102
f 90/278/90 365/227/365 609/227/609 395/278/395
f 365/227/365 169/228/169 536/228/536 609/227/609
f 401/192/401 610/191/610 400/191/400 108/192/108
f 96/192/96 376/191/376 610/191/610 401/192/401
f 376/191/376 172/231/172 535/231/535 610/191/610
f 403/177/403 611/176/611 501/176/501 106/177/106
f 94/177/94 495/176/495 611/176/611 403/177/403
f 495/176/495 171/232/171 534/232/534 611/176/611
f 426/161/426 612/160/612 508/160/508 120/161/120
f 112/161/112 504/160/504 612/160/612 426/161/426
f 504/160/504 180/235/180 533/235/533 612/160/612
f 411/161/411 613/160/613 504/160/504 112/161/112
f 100/161/100 498/160/498 613/160/613 411/161/411
f 498/160/498 174/239/174 532/235/532 613/160/613
f 409/32/409 614/31/614 406/31/406 110/32/110
f 98/32/98 382/31/382 614/31/614 409/32/409
f 382/31/382 173/232/173 531/232/531 614/31/614
f 871/337/871 874/236/874 414/31/414 115/32/115
f 816/338/816 830/339/830 615/340/615 415/341/415
f 830/339/830 828/342/828 530/343/530 615/340/615
f 417/192/417 616/191/616 416/191/416 116/192/116
f 108/192/108 400/191/400 616/191/616 417/192/417
f 400/191/400 178/231/178 529/231/529 616/191/616
f 419/177/419 617/176/617 505/176/505 114/177/114
f 106/177/106 501/176/501 617/176/617 419/177/419
f 501/176/501 177/238/177 528/232/528 617/176/617
f 959/344/959 962/233/962 424/174/424 117/175/117
f 904/345/904 918/346/918 618/347/618 421/348/421
f 918/346/918 916/349/916 527/350/527 618/347/618
f 428/32/428 619/31/619 422/31/422 118/32/118
f 110/32/110 406/31/406 619/31/619 428/32/428
f 406/31/406 179/232/179 526/232/526 619/31/619
f 783/351/783 786/229/786 432/191/432 123/192/123
f 122/278/122 429/227/429 620/352/620 430/353/430
f 429/227/429 185/228/185 525/354/525 620/352/620
f 435/278/435 621/227/621 429/227/429 122/278/122
f 102/278/102 389/227/389 621/227/621 435/278/435
f 389/227/389 175/228/175 524/228/524 621/227/621
f 450/292/450 622/223/622 448/223/448 132/292/132
f 128/292/128 440/223/440 622/223/622 450/292/450
f 440/223/440 188/224/188 523/224/523 622/223/622
f 443/219/443 623/220/623 511/220/511 126/219/126
f 22/219/22 469/220/469 623/220/623 443/219/443
f 469/220/469 145/222/145 522/222/522 623/220/623
f 441/292/441 624/223/624 440/223/440 128/292/128
f 31/292/31 259/223/259 624/223/624 441/292/441
f 259/223/259 146/224/146 521/224/521 624/223/624
f 452/219/452 625/220/625 513/220/513 130/219/130
f 126/219/126 511/220/511 625/220/625 452/219/452
f 511/220/511 187/222/187 520/222/520 625/220/625
f 1163/355/1163 1166/225/1166 454/213/454 135/214/135
f 1245/356/1245 1254/357/1254 626/358/626 455/359/455
f 1254/357/1254 1252/360/1252 519/361/519 626/358/626
f 457/292/457 627/223/627 456/223/456 136/292/136
f 132/292/132 448/223/448 627/223/627 457/292/457
f 448/223/448 190/224/190 518/224/518 627/223/627
f 459/219/459 628/220/628 515/220/515 134/219/134
f 130/219/130 513/220/513 628/220/628 459/219/459
f 513/220/513 189/222/189 517/222/517 628/220/628
f 517/222/517 629/213/629 454/213/454 191/222/191
f 189/222/189 446/213/446 629/213/629 517/222/517
f 446/213/446 131/214/131 458/214/458 629/213/629
f 518/224/518 630/95/630 516/95/516 192/224/192
f 190/224/190 514/95/514 630/95/630 518/224/518
f 514/95/514 129/94/129 460/94/460 630/95/630
f 1255/121/1255 631/362/631 453/362/453 1251/121/1251
f 1250/121/1250 445/362/445 631/362/631 1255/121/1255
f 1150/211/1150 130/80/130 459/80/459 1167/221/1167
f 1152/226/1152 1168/217/1168 515/220/515 191/222/191
f 1252/360/1252 1256/363/1256 632/364/632 519/361/519
f 1256/363/1256 1251/365/1251 453/366/453 632/364/632
f 1257/367/1257 633/362/633 445/362/445 1250/121/1250
f 1249/121/1249 437/362/437 633/362/633 1257/367/1257
f 1149/212/1149 126/80/126 452/80/452 1169/216/1169
f 1170/368/1170 634/369/634 447/369/447 1162/368/1162
f 1161/370/1161 439/369/439 634/369/634 1170/368/1170
f 1243/90/1243 128/91/128 450/91/450 1258/215/1258
f 520/222/520 635/213/635 446/213/446 189/222/189
f 187/222/187 438/213/438 635/213/635 520/222/520
f 438/213/438 127/214/127 451/214/451 635/213/635
f 1171/368/1171 636/369/636 455/369/455 1163/371/1163
f 1162/368/1162 447/369/447 636/369/636 1171/368/1171
f 1244/90/1244 132/91/132 457/91/457 1259/90/1259
f 521/224/521 637/95/637 512/95/512 188/224/188
f 146/224/146 470/95/470 637/95/637 521/224/521
f 470/95/470 39/94/39 444/94/444 637/95/637
f 522/222/522 638/213/638 438/213/438 187/222/187
f 145/222/145 248/213/248 638/213/638 522/222/522
f 248/213/248 21/214/21 442/214/442 638/213/638
f 1260/121/1260 639/362/639 437/362/437 1249/121/1249
f 1247/121/1247 230/362/230 639/362/639 1260/121/1260
f 1147/212/1147 22/80/22 443/80/443 1172/211/1172
f 523/224/523 640/95/640 514/95/514 190/224/190
f 188/224/188 512/95/512 640/95/640 523/224/523
f 512/95/512 125/94/125 449/94/449 640/95/640
f 524/228/524 641/4/641 509/4/509 185/228/185
f 175/228/175 499/4/499 641/4/641 524/228/524
f 499/4/499 101/3/101 436/3/436 641/4/641
f 436/372/436 642/373/642 431/373/431 121/372/121
f 101/372/101 391/373/391 642/373/642 436/372/436
f 771/188/771 104/189/104 434/189/434 787/210/787
f 788/374/788 643/33/643 430/33/430 783/374/783
f 782/375/782 390/33/390 643/33/643 788/374/788
f 390/33/390 102/34/102 435/34/435 643/33/643
f 773/230/773 789/208/789 510/185/510 186/231/186
f 185/228/185 509/4/509 644/376/644 525/354/525
f 509/4/509 121/3/121 431/377/431 644/376/644
f 963/378/963 645/379/645 421/379/421 959/380/959
f 958/380/958 405/379/405 645/379/645 963/378/963
f 903/52/903 110/53/110 428/53/428 919/52/919
f 920/381/920 646/382/646 423/382/423 915/383/915
f 914/384/914 407/382/407 646/382/646 920/381/920
f 947/178/947 112/179/112 426/179/426 964/206/964
f 526/232/526 647/176/647 507/176/507 183/232/183
f 179/232/179 503/176/503 647/176/647 526/232/526
f 503/176/503 111/177/111 427/177/427 647/176/647
f 949/234/949 965/204/965 508/160/508 184/235/184
f 916/349/916 921/385/921 648/386/648 527/350/527
f 921/385/921 915/387/915 423/388/423 648/386/648
f 528/232/528 649/31/649 414/31/414 181/232/181
f 177/238/177 398/31/398 649/31/649 528/232/528
f 398/31/398 107/32/107 418/32/418 649/31/649
f 529/231/529 650/185/650 506/185/506 182/231/182
f 178/231/178 502/185/502 650/185/650 529/231/529
f 502/185/502 105/186/105 420/186/420 650/185/650
f 831/389/831 651/390/651 413/390/413 827/391/827
f 826/392/826 397/390/397 651/390/651 831/389/831
f 859/183/859 106/184/106 419/184/419 875/183/875
f 861/237/861 876/202/876 505/176/505 181/232/181
f 828/342/828 832/393/832 652/394/652 530/343/530
f 832/393/832 827/395/827 413/396/413 652/394/652
f 922/384/922 653/382/653 407/382/407 914/384/914
f 913/397/913 383/382/383 653/382/653 922/384/922
f 946/178/946 100/179/100 411/179/411 966/201/966
f 531/232/531 654/176/654 503/176/503 179/232/179
f 173/232/173 497/176/497 654/176/654 531/232/531
f 497/176/497 99/177/99 412/177/412 654/176/654
f 532/235/532 655/174/655 408/174/408 180/235/180
f 174/239/174 384/174/384 655/174/655 532/235/532
f 384/174/384 97/175/97 410/175/410 655/174/655
f 533/235/533 656/174/656 424/174/424 184/235/184
f 180/235/180 408/174/408 656/174/656 533/235/533
f 408/174/408 109/175/109 425/175/425 656/174/656
f 534/232/534 657/31/657 398/31/398 177/238/177
f 171/232/171 374/31/374 657/31/657 534/232/534
f 374/31/374 95/32/95 402/32/402 657/31/657
f 535/231/535 658/185/658 502/185/502 178/231/178
f 172/231/172 496/185/496 658/185/658 535/231/535
f 496/185/496 93/186/93 404/186/404 658/185/658
f 833/398/833 659/390/659 397/390/397 826/392/826
f 825/399/825 373/390/373 659/390/659 833/398/833
f 858/197/858 94/184/94 403/184/403 877/200/877
f 878/400/878 660/401/660 415/401/415 871/400/871
f 870/402/870 399/401/399 660/401/660 878/400/878
f 815/195/815 108/181/108 417/181/417 834/195/834
f 536/228/536 661/4/661 499/4/499 175/228/175
f 169/228/169 493/4/493 661/4/661 536/228/536
f 493/4/493 89/3/89 396/3/396 661/4/661
f 396/372/396 662/373/662 391/373/391 101/372/101
f 89/372/89 367/373/367 662/373/662 396/372/396
f 770/190/770 92/189/92 394/189/394 790/199/790
f 791/375/791 663/33/663 390/33/390 782/375/782
f 781/403/781 366/33/366 663/33/663 791/375/791
f 366/33/366 90/34/90 395/34/395 663/33/663
f 537/231/537 664/191/664 432/191/432 186/231/186
f 176/231/176 392/191/392 664/191/664 537/231/537
f 392/191/392 103/192/103 433/192/433 664/191/664
f 967/404/967 665/379/665 381/379/381 957/404/957
f 956/380/956 341/379/341 665/379/665 967/404/967
f 901/52/901 78/53/78 388/53/388 923/52/923
f 924/405/924 666/382/666 383/382/383 913/397/913
f 912/384/912 343/382/343 666/382/666 924/405/924
f 945/178/945 80/179/80 386/179/386 968/198/968
f 538/232/538 667/176/667 497/176/497 173/232/173
f 163/232/163 487/176/487 667/176/667 538/232/538
f 487/176/487 79/177/79 387/177/387 667/176/667
f 969/406/969 668/379/668 405/379/405 958/380/958
f 957/404/957 381/379/381 668/379/668 969/406/969
f 902/52/902 98/53/98 409/53/409 925/52/925
f 539/232/539 669/31/669 374/31/374 171/232/171
f 165/232/165 350/31/350 669/31/669 539/232/539
f 350/31/350 83/32/83 378/32/378 669/31/669
f 540/231/540 670/185/670 496/185/496 172/231/172
f 166/231/166 490/185/490 670/185/670 540/231/540
f 490/185/490 81/186/81 380/186/380 670/185/670
f 835/392/835 671/390/671 373/390/373 825/399/825
f 824/398/824 349/390/349 671/390/671 835/392/835
f 857/183/857 82/184/82 379/184/379 879/196/879
f 880/407/880 672/401/672 399/401/399 870/402/870
f 869/408/869 375/401/375 672/401/672 880/407/880
f 814/182/814 96/181/96 401/181/401 836/180/836
f 792/403/792 673/33/673 366/33/366 781/403/781
f 780/374/780 358/33/358 673/33/673 792/403/792
f 358/33/358 86/34/86 371/34/371 673/33/673
f 541/231/541 674/191/674 368/191/368 170/231/170
f 168/231/168 360/191/360 674/191/674 541/231/541
f 360/191/360 87/192/87 372/192/372 674/191/674
f 542/228/542 675/4/675 493/4/493 169/228/169
f 167/228/167 491/4/491 675/4/675 542/228/542
f 491/4/491 85/3/85 370/3/370 675/4/675
f 543/231/543 676/191/676 392/191/392 176/231/176
f 170/231/170 368/191/368 676/191/676 543/231/543
f 368/191/368 91/192/91 393/192/393 676/191/676
f 544/228/544 677/4/677 491/4/491 167/228/167
f 138/228/138 462/4/462 677/4/677 544/228/544
f 462/4/462 4/3/4 364/3/364 677/4/677
f 364/372/364 678/373/678 359/373/359 85/372/85
f 4/372/4 215/373/215 678/373/678 364/372/364
f 763/188/763 15/189/15 363/189/363 793/193/793
f 545/231/545 679/191/679 360/191/360 168/231/168
f 142/231/142 217/191/217 679/191/679 545/231/545
f 217/191/217 13/192/13 362/192/362 679/191/679
f 370/372/370 680/373/680 367/373/367 89/372/89
f 85/372/85 359/373/359 680/373/680 370/372/370
f 769/194/769 88/189/88 369/189/369 794/188/794
f 881/409/881 681/401/681 351/401/351 868/410/868
f 862/410/862 213/401/213 681/401/681 881/409/881
f 807/411/807 13/181/13 356/181/356 837/187/837
f 546/231/546 682/185/682 490/185/490 166/231/166
f 142/231/142 466/185/466 682/185/682 546/231/546
f 466/185/466 15/186/15 355/186/355 682/185/682
f 838/412/838 683/390/683 349/390/349 824/398/824
f 818/391/818 206/390/206 683/390/683 838/412/838
f 851/183/851 10/184/10 354/184/354 882/183/882
f 883/402/883 684/401/684 375/401/375 869/408/869
f 868/410/868 351/401/351 684/401/684 883/402/883
f 813/182/813 84/181/84 377/181/377 839/180/839
f 547/235/547 685/174/685 344/174/344 164/235/164
f 143/235/143 228/174/228 685/174/685 547/235/547
f 228/174/228 19/175/19 346/175/346 685/174/685
f 926/413/926 686/382/686 343/382/343 912/384/912
f 906/414/906 221/382/221 686/382/686 926/413/926
f 939/178/939 17/179/17 348/179/348 970/178/970
f 548/232/548 687/176/687 487/176/487 163/232/163
f 141/232/141 465/176/465 687/176/687 548/232/548
f 465/176/465 10/177/10 347/177/347 687/176/687
f 549/235/549 688/174/688 384/174/384 174/239/174
f 164/235/164 344/174/344 688/174/688 549/235/549
f 344/174/344 77/175/77 385/175/385 688/174/688
f 550/235/550 689/160/689 486/160/486 162/235/162
f 160/235/160 484/160/484 689/160/689 550/235/550
f 484/160/484 69/161/69 340/161/340 689/160/689
f 1007/415/1007 690/416/690 333/416/333 1003/417/1003
f 1002/417/1002 325/416/325 690/416/690 1007/415/1007
f 1035/5/1035 70/6/70 338/6/338 1051/173/1051
f 1052/418/1052 691/419/691 335/419/335 1047/418/1047
f 1046/420/1046 327/419/327 691/419/691 1052/418/1052
f 991/168/991 72/163/72 339/163/339 1008/162/1008
f 1037/241/1037 1053/170/1053 485/172/485 161/242/161
f 1004/335/1004 1009/421/1009 692/422/692 551/336/551
f 1009/421/1009 1003/423/1003 333/424/333 692/422/692
f 552/242/552 693/165/693 326/165/326 159/242/159
f 157/242/157 318/165/318 693/165/693 552/242/552
f 318/165/318 67/166/67 330/166/330 693/165/693
f 553/235/553 694/160/694 484/160/484 160/235/160
f 158/235/158 482/160/482 694/160/694 553/235/553
f 482/160/482 65/161/65 332/161/332 694/160/694
f 1010/417/1010 695/416/695 325/416/325 1002/417/1002
f 1001/425/1001 317/416/317 695/416/695 1010/417/1010
f 1034/5/1034 66/6/66 331/6/331 1054/5/1054
f 554/242/554 696/165/696 334/165/334 161/242/161
f 159/242/159 326/165/326 696/165/696 554/242/554
f 326/165/326 71/166/71 337/166/337 696/165/696
f 1011/425/1011 697/416/697 317/416/317 1001/425/1001
f 1000/417/1000 309/416/309 697/416/697 1011/425/1011
f 1033/7/1033 62/6/62 324/6/324 1055/5/1055
f 1056/418/1056 698/419/698 319/419/319 1045/426/1045
f 1044/427/1044 311/419/311 698/419/698 1056/418/1056
f 989/164/989 64/163/64 322/163/322 1012/169/1012
f 555/242/555 699/165/699 318/165/318 157/242/157
f 155/242/155 310/165/310 699/165/699 555/242/555
f 310/165/310 63/166/63 323/166/323 699/165/699
f 1057/418/1057 700/419/700 327/419/327 1046/420/1046
f 1045/426/1045 319/419/319 700/419/700 1057/418/1057
f 990/162/990 68/163/68 329/163/329 1013/167/1013
f 556/235/556 701/160/701 480/160/480 156/235/156
f 143/235/143 467/160/467 701/160/701 556/235/556
f 467/160/467 17/161/17 314/161/314 701/160/701
f 557/242/557 702/165/702 310/165/310 155/242/155
f 139/242/139 199/165/199 702/165/702 557/242/557
f 199/165/199 7/166/7 316/166/316 702/165/702
f 1058/428/1058 703/419/703 311/419/311 1044/427/1044
f 1038/418/1038 223/419/223 703/419/703 1058/428/1058
f 983/167/983 19/163/19 315/163/315 1014/162/1014
f 558/235/558 704/160/704 482/160/482 158/235/158
f 156/235/156 480/160/480 704/160/704 558/235/558
f 480/160/480 61/161/61 321/161/321 704/160/704
f 1137/429/1137 1123/430/1123 296/431/296 867/432/867
f 1100/432/1100 1085/433/1085 705/431/705 884/434/884
f 1098/30/1098 1076/435/1076 308/29/308 840/41/840
f 1113/244/1113 1124/159/1124 474/134/474 150/244/150
f 1081/244/1081 1086/134/1086 706/134/706 559/244/559
f 1086/134/1086 1074/135/1074 304/135/304 706/134/706
f 1139/436/1139 1125/437/1125 299/437/299 911/436/911
f 1102/436/1102 1087/437/1087 707/437/707 927/436/927
f 1104/137/1104 1075/50/1075 306/50/306 971/438/971
f 1133/439/1133 1126/12/1126 292/12/292 779/439/779
f 1096/440/1096 1088/441/1088 708/12/708 795/439/795
f 1088/441/1088 1080/13/1080 307/13/307 708/12/708
f 1143/442/1143 1127/443/1127 291/444/291 999/445/999
f 1106/446/1106 1089/447/1089 709/444/709 1015/446/1015
f 1108/140/1108 1073/299/1073 303/16/303 1059/448/1059
f 1141/449/1141 1128/450/1128 294/451/294 955/452/955
f 1103/453/1103 1090/454/1090 710/451/710 972/455/972
f 1101/456/1101 1079/22/1079 305/22/305 928/456/928
f 993/246/993 1016/153/1016 478/156/478 154/247/154
f 1048/328/1048 1060/457/1060 711/458/711 560/329/560
f 1060/457/1060 1043/459/1043 300/460/300 711/458/711
f 817/250/817 841/149/841 477/152/477 153/251/153
f 872/320/872 885/461/885 712/462/712 561/321/561
f 885/461/885 867/463/867 296/464/296 712/462/712
f 905/254/905 929/145/929 476/148/476 152/255/152
f 960/312/960 973/465/973 713/466/713 562/313/562
f 973/465/973 955/467/955 294/468/294 713/466/713
f 563/258/563 714/141/714 289/144/289 150/259/150
f 784/305/784 796/469/796 714/141/714 563/258/563
f 796/469/796 779/470/779 292/142/292 714/141/714
f 1017/445/1017 715/444/715 271/444/271 998/446/998
f 995/445/995 203/444/203 715/444/715 1017/445/1017
f 1028/17/1028 5/16/5 288/16/288 1061/140/1061
f 286/471/286 716/472/716 277/472/277 41/471/41
f 1/471/1 216/472/216 716/472/716 286/471/286
f 764/38/764 16/37/16 282/37/282 797/38/797
f 564/262/564 717/11/717 473/11/473 149/262/149
f 140/262/140 464/11/464 717/11/717 564/262/564
f 464/11/464 6/10/6 220/10/220 717/11/717
f 930/436/930 718/437/718 279/437/279 910/473/910
f 907/436/907 222/437/222 718/437/718 930/436/930
f 940/51/940 18/50/18 287/50/287 974/137/974
f 975/455/975 719/451/719 274/451/274 954/452/954
f 951/452/951 208/451/208 719/451/719 975/455/975
f 896/23/896 12/22/12 284/22/284 931/136/931
f 565/244/565 720/134/720 472/134/472 148/244/148
f 137/244/137 461/134/461 720/134/720 565/244/565
f 461/134/461 1/135/1 286/135/286 720/134/720
f 1135/474/1135 1129/475/1129 293/476/293 823/477/823
f 1097/477/1097 1091/476/1091 721/476/721 842/477/842
f 1099/27/1099 1078/478/1078 281/26/281 886/479/886
f 1145/480/1145 1130/481/1130 300/481/300 1043/482/1043
f 1107/480/1107 1092/483/1092 722/481/722 1062/484/1062
f 1105/43/1105 1077/44/1077 275/44/275 1018/485/1018
f 1114/262/1114 1131/11/1131 475/11/475 151/262/151
f 1082/262/1082 1093/11/1093 723/11/723 566/262/566
f 1093/11/1093 1072/10/1072 302/10/302 723/11/723
f 1118/471/1118 1132/486/1132 297/472/297 51/471/51
f 1074/471/1074 1094/472/1094 724/472/724 304/471/304
f 1095/38/1095 1071/37/1071 278/37/278 798/487/798
f 1246/264/1246 1261/128/1261 471/131/471 147/265/147
f 1164/297/1164 1173/488/1173 725/489/725 567/298/567
f 1173/488/1173 1154/490/1154 250/491/250 725/489/725
f 1281/492/1281 1262/493/1262 267/494/267 986/495/986
f 1194/496/1194 1174/497/1174 726/498/726 1019/499/1019
f 1196/500/1196 1148/293/1148 231/296/231 1063/501/1063
f 1271/502/1271 1263/120/1263 266/123/266 766/503/766
f 1184/504/1184 1175/505/1175 727/506/727 799/507/799
f 1175/505/1175 1147/212/1147 230/362/230 727/506/727
f 1279/508/1279 1264/509/1264 265/510/265 942/511/942
f 1273/512/1273 1265/513/1265 264/514/264 810/515/810
f 1186/516/1186 1177/517/1177 729/518/729 843/519/843
f 1188/520/1188 1156/521/1156 252/522/252 887/523/887
f 1235/524/1235 1266/525/1266 263/526/263 31/91/31
f 1153/368/1153 1178/527/1178 730/528/730 249/369/249
f 1183/529/1183 1157/530/1157 253/531/253 800/532/800
f 1275/533/1275 1267/534/1267 262/535/262 854/536/854
f 1185/537/1185 1158/538/1158 254/539/254 844/540/844
f 1283/541/1283 1268/542/1268 261/543/261 1030/544/1030
f 1195/545/1195 1180/546/1180 732/547/732 1064/548/1064
f 1193/549/1193 1159/550/1159 255/551/255 1020/552/1020
f 1277/553/1277 1269/554/1269 260/555/260 898/556/898
f 1189/557/1189 1181/558/1181 733/559/733 933/560/933
f 1191/561/1191 1160/562/1160 256/563/256 977/564/977
f 568/268/568 734/92/734 470/95/470 146/224/146
f 137/244/137 194/243/194 734/92/734 568/268/568
f 194/243/194 2/300/2 257/93/257 734/92/734
f 1182/368/1182 735/369/735 439/369/439 1161/370/1161
f 1153/368/1153 249/369/249 735/369/735 1182/368/1182
f 1235/524/1235 31/91/31 441/91/441 1270/90/1270
f 1205/270/1205 1211/86/1211 468/89/468 144/271/144
f 1296/289/1296 1299/565/1299 736/566/736 569/290/569
f 1299/565/1299 1289/567/1289 232/568/232 736/566/736
f 1231/569/1231 1212/570/1212 246/571/246 985/572/985
f 1320/573/1320 1300/574/1300 737/575/737 1021/576/1021
f 1322/577/1322 1286/285/1286 200/288/200 1065/578/1065
f 1221/579/1221 1213/78/1213 245/81/245 765/580/765
f 1310/581/1310 1301/582/1301 738/583/738 801/584/801
f 1301/582/1301 1285/585/1285 195/586/195 738/583/738
f 1229/587/1229 1214/588/1214 244/589/244 941/590/941
f 1318/591/1318 1302/592/1302 739/593/739 978/594/978
f 1316/595/1316 1290/596/1290 233/597/233 934/598/934
f 1223/599/1223 1215/600/1215 243/601/243 809/602/809
f 1312/603/1312 1303/604/1303 740/605/740 845/606/845
f 1314/607/1314 1291/608/1291 234/609/234 889/610/889
f 1197/611/1197 1216/612/1216 242/613/242 21/614/21
f 1288/615/1288 1304/616/1304 741/617/741 229/618/229
f 1309/619/1309 1292/620/1292 235/621/235 802/622/802
f 1225/623/1225 1217/624/1217 241/625/241 853/626/853
f 1313/627/1313 1305/628/1305 742/629/742 890/630/890
f 1311/631/1311 1293/632/1293 236/633/236 846/634/846
f 1233/635/1233 1218/636/1218 240/637/240 1029/638/1029
f 1321/639/1321 1306/640/1306 743/641/743 1066/642/1066
f 1319/643/1319 1294/644/1294 237/645/237 1022/646/1022
f 1227/647/1227 1219/648/1219 239/649/239 897/650/897
f 1315/651/1315 1307/652/1307 744/653/744 935/654/935
f 1317/655/1317 1295/656/1295 238/657/238 979/658/979
f 980/378/980 745/379/745 341/379/341 956/380/956
f 950/404/950 205/379/205 745/379/745 980/378/980
f 895/52/895 9/53/9 345/53/345 936/52/936
f 937/659/937 746/660/746 222/437/222 907/436/907
f 898/556/898 260/555/260 746/660/746 937/659/937
f 953/99/953 38/98/38 227/49/227 981/48/981
f 1067/661/1067 747/662/747 224/481/224 1039/663/1039
f 1030/544/1030 261/543/261 747/662/747 1067/661/1067
f 997/103/997 37/102/37 226/46/226 1023/45/1023
f 1068/480/1068 748/481/748 280/481/280 1042/480/1042
f 1039/663/1039 224/481/224 748/481/748 1068/480/1068
f 984/47/984 20/44/20 225/44/225 1024/43/1024
f 847/477/847 749/476/749 273/476/273 822/664/822
f 819/665/819 207/476/207 749/476/749 847/477/847
f 852/27/852 11/26/11 211/26/211 891/27/891
f 892/666/892 750/667/750 214/431/214 863/432/863
f 854/536/854 262/535/262 750/667/750 892/666/892
f 821/107/821 36/106/36 219/40/219 848/39/848
f 193/668/193 751/669/751 216/472/216 1/471/1
f 31/91/31 263/526/263 751/669/751 193/668/193
f 777/111/777 35/110/35 218/36/218 803/35/803
f 804/374/804 752/33/752 358/33/358 780/374/780
f 774/374/774 197/33/197 752/33/752 804/374/804
f 197/33/197 3/34/3 361/34/361 752/33/752
f 570/232/570 753/31/753 350/31/350 165/232/165
f 141/232/141 212/31/212 753/31/753 570/232/570
f 212/31/212 9/32/9 353/32/353 753/31/753
f 893/670/893 754/431/754 276/431/276 866/671/866
f 863/432/863 214/431/214 754/431/754 893/670/893
f 808/41/808 14/29/14 283/29/283 849/28/849
f 850/672/850 755/673/755 207/476/207 819/665/819
f 810/515/810 264/514/264 755/673/755 850/672/850
f 865/115/865 34/114/34 210/25/210 894/24/894
f 982/674/982 756/675/756 208/451/208 951/452/951
f 942/511/942 265/510/265 756/675/756 982/674/982
f 909/119/909 33/118/33 209/21/209 938/20/938
f 805/676/805 757/18/757 204/12/204 775/677/775
f 766/503/766 266/123/266 757/18/757 805/676/805
f 266/123/266 39/122/39 257/19/257 757/18/757
f 1025/678/1025 758/679/758 203/444/203 995/445/995
f 986/495/986 267/494/267 758/679/758 1025/678/1025
f 1041/127/1041 40/126/40 258/15/258 1069/14/1069
f 806/439/806 759/12/759 272/12/272 778/439/778
f 775/677/775 204/12/204 759/12/759 806/439/806
f 204/12/204 2/13/2 285/13/285 759/12/759
f 571/274/571 760/8/760 464/11/464 140/262/140
f 147/265/147 471/131/471 760/8/760 571/274/571
f 471/131/471 32/130/32 201/9/201 760/8/760
f 1026/680/1026 761/416/761 309/416/309 1000/417/1000
f 994/681/994 198/416/198 761/416/761 1026/680/1026
f 1027/5/1027 8/6/8 313/6/313 1070/5/1070
f 1287/276/1287 1308/1/1308 462/4/462 138/228/138
f 1208/283/1208 1220/682/1220 762/683/762 572/284/572
f 1220/682/1220 1206/684/1206 195/685/195 762/683/762
f 14/29/14 775/677/775 806/439/806 283/29/283
f 283/29/283 806/439/806 778/439/778 47/29/47
f 36/106/36 766/503/766 805/676/805 219/40/219
f 219/40/219 805/676/805 775/677/775 14/29/14
f 13/181/13 774/374/774 804/374/804 362/181/362
f 362/181/362 804/374/804 780/374/780 87/181/87
f 263/526/263 777/111/777 803/35/803 751/669/751
f 1304/616/1304 1309/619/1309 802/622/802 741/617/741
f 1293/632/1293 1310/581/1310 801/584/801 236/633/236
f 1202/63/1202 1221/579/1221 765/580/765 28/64/28
f 1178/527/1178 1183/529/1183 800/532/800 730/528/730
f 1158/538/1158 1184/504/1184 799/507/799 254/539/254
f 1240/105/1240 1271/502/1271 766/503/766 36/106/36
f 1094/472/1094 1095/38/1095 798/487/798 724/472/724
f 216/472/216 764/38/764 797/38/797 716/472/716
f 477/152/477 57/151/57 779/470/779 796/469/796
f 153/251/153 477/152/477 796/469/796 784/305/784
f 1076/435/1076 1096/440/1096 795/439/795 308/29/308
f 1120/29/1120 1133/439/1133 779/439/779 57/29/57
f 359/373/359 769/194/769 794/188/794 680/373/680
f 215/373/215 763/188/763 793/193/793 678/373/678
f 87/181/87 780/374/780 792/403/792 372/181/372
f 372/181/372 792/403/792 781/403/781 91/181/91
f 91/181/91 781/403/781 791/375/791 393/181/393
f 393/181/393 791/375/791 782/375/782 103/181/103
f 367/373/367 770/190/770 790/199/790 662/373/662
f 525/354/525 644/376/644 789/208/789 773/230/773
f 103/181/103 782/375/782 788/374/788 433/181/433
f 433/181/433 788/374/788 783/374/783 123/181/123
f 391/373/391 771/188/771 787/210/787 642/373/642
f 430/353/430 620/352/620 786/229/786 783/351/783
f 298/252/298 153/251/153 784/305/784 785/304/785
f 58/315/58 298/252/298 785/304/785 768/303/768
f 620/352/620 525/354/525 773/230/773 786/229/786
f 642/373/642 787/210/787 772/188/772 431/373/431
f 644/376/644 431/377/431 772/209/772 789/208/789
f 662/373/662 790/199/790 771/188/771 391/373/391
f 678/373/678 793/193/793 769/194/769 359/373/359
f 680/373/680 794/188/794 770/190/770 367/373/367
f 716/472/716 797/38/797 767/139/767 277/472/277
f 1132/486/1132 1134/38/1134 768/38/768 297/472/297
f 1266/525/1266 1272/108/1272 777/111/777 263/526/263
f 1216/612/1216 1222/66/1222 776/69/776 242/613/242
f 751/669/751 803/35/803 764/38/764 216/472/216
f 35/110/35 810/515/810 850/672/850 218/36/218
f 218/36/218 850/672/850 819/665/819 16/37/16
f 214/431/214 808/41/808 849/28/849 754/431/754
f 262/535/262 821/107/821 848/39/848 750/667/750
f 16/37/16 819/665/819 847/477/847 282/37/282
f 282/37/282 847/477/847 822/664/822 48/37/48
f 1305/628/1305 1311/631/1311 846/634/846 742/629/742
f 1292/620/1292 1312/603/1312 845/606/845 235/621/235
f 1201/67/1201 1223/599/1223 809/602/809 27/68/27
f 1157/530/1157 1186/516/1186 843/519/843 253/531/253
f 1239/109/1239 1273/512/1273 810/515/810 35/110/35
f 1071/37/1071 1097/477/1097 842/477/842 278/37/278
f 1115/37/1115 1135/474/1135 823/477/823 58/37/58
f 561/321/561 712/462/712 841/149/841 817/250/817
f 1085/433/1085 1098/30/1098 840/41/840 705/431/705
f 351/401/351 813/182/813 839/180/839 684/401/684
f 15/189/15 818/391/818 838/412/838 355/189/355
f 355/189/355 838/412/838 824/398/824 81/189/81
f 213/401/213 807/411/807 837/187/837 681/401/681
f 375/401/375 814/182/814 836/180/836 672/401/672
f 81/189/81 824/398/824 835/392/835 380/189/380
f 380/189/380 835/392/835 825/399/825 93/189/93
f 399/401/399 815/195/815 834/195/834 660/401/660
f 93/189/93 825/399/825 833/398/833 404/189/404
f 404/189/404 833/398/833 826/392/826 105/189/105
f 506/185/506 113/186/113 827/395/827 832/393/832
f 182/231/182 506/185/506 832/393/832 828/342/828
f 105/189/105 826/392/826 831/389/831 420/189/420
f 420/189/420 831/389/831 827/391/827 113/189/113
f 416/191/416 182/231/182 828/342/828 830/339/830
f 116/192/116 416/191/416 830/339/830 816/338/816
f 293/319/293 584/318/584 829/249/829 823/314/823
f 584/318/584 561/321/561 817/250/817 829/249/829
f 660/401/660 834/195/834 816/195/816 415/401/415
f 672/401/672 836/180/836 815/195/815 399/401/399
f 681/401/681 837/187/837 813/182/813 351/401/351
f 684/401/684 839/180/839 814/182/814 375/401/375
f 1123/430/1123 1136/41/1136 812/41/812 296/431/296
f 712/462/712 296/464/296 812/150/812 841/149/841
f 1267/534/1267 1274/104/1274 821/107/821 262/535/262
f 1217/624/1217 1224/62/1224 820/65/820 241/625/241
f 750/667/750 848/39/848 808/41/808 214/431/214
f 754/431/754 849/28/849 811/30/811 276/431/276
f 264/514/264 865/115/865 894/24/894 755/673/755
f 12/22/12 863/432/863 893/670/893 284/22/284
f 284/22/284 893/670/893 866/671/866 46/22/46
f 33/118/33 854/536/854 892/666/892 209/21/209
f 209/21/209 892/666/892 863/432/863 12/22/12
f 207/476/207 852/27/852 891/27/891 749/476/749
f 1290/596/1290 1313/627/1313 890/630/890 233/597/233
f 1199/75/1199 1225/623/1225 853/626/853 25/76/25
f 1303/604/1303 1314/607/1314 889/610/889 740/605/740
f 1237/117/1237 1275/533/1275 854/536/854 33/118/33
f 1177/517/1177 1188/520/1188 887/523/887 729/518/729
f 1091/476/1091 1099/27/1099 886/479/886 721/476/721
f 476/148/476 56/147/56 867/463/867 885/461/885
f 152/255/152 476/148/476 885/461/885 872/320/872
f 1079/22/1079 1100/432/1100 884/434/884 305/22/305
f 1111/22/1111 1137/429/1137 867/432/867 56/22/56
f 83/53/83 868/410/868 883/402/883 378/53/378
f 378/53/378 883/402/883 869/408/869 95/53/95
f 206/390/206 851/183/851 882/183/882 683/390/683
f 9/53/9 862/410/862 881/409/881 353/53/353
f 353/53/353 881/409/881 868/410/868 83/53/83
f 95/53/95 869/408/869 880/407/880 402/53/402
f 402/53/402 880/407/880 870/402/870 107/53/107
f 349/390/349 857/183/857 879/196/879 671/390/671
f 107/53/107 870/402/870 878/400/878 418/53/418
f 418/53/418 878/400/878 871/400/871 115/53/115
f 373/390/373 858/197/858 877/200/877 659/390/659
f 530/343/530 652/394/652 876/202/876 861/237/861
f 397/390/397 859/183/859 875/183/875 651/390/651
f 415/341/415 615/340/615 874/236/874 871/337/871
f 295/256/295 152/255/152 872/320/872 873/317/873
f 55/307/55 295/256/295 873/317/873 856/316/856
f 615/340/615 530/343/530 861/237/861 874/236/874
f 651/390/651 875/183/875 860/183/860 413/390/413
f 652/394/652 413/396/413 860/203/860 876/202/876
f 659/390/659 877/200/877 859/183/859 397/390/397
f 671/390/671 879/196/879 858/197/858 373/390/373
f 683/390/683 882/183/882 857/183/857 349/390/349
f 1129/475/1129 1138/132/1138 856/27/856 293/476/293
f 1265/513/1265 1276/112/1276 865/115/865 264/514/264
f 1215/600/1215 1226/70/1226 864/73/864 243/601/243
f 749/476/749 891/27/891 855/42/855 273/476/273
f 755/673/755 894/24/894 852/27/852 207/476/207
f 265/510/265 909/119/909 938/20/938 756/675/756
f 34/114/34 898/556/898 937/659/937 210/25/210
f 210/25/210 937/659/937 907/436/907 11/26/11
f 205/379/205 895/52/895 936/52/936 745/379/745
f 1291/608/1291 1315/651/1315 935/654/935 234/609/234
f 1200/71/1200 1227/647/1227 897/650/897 26/72/26
f 1302/592/1302 1316/595/1316 934/598/934 739/593/739
f 1156/521/1156 1189/557/1189 933/560/933 252/522/252
f 1238/113/1238 1277/553/1277 898/556/898 34/114/34
f 208/451/208 896/23/896 931/136/931 719/451/719
f 11/26/11 907/436/907 930/436/930 211/26/211
f 211/26/211 930/436/930 910/473/910 45/26/45
f 562/313/562 713/466/713 929/145/929 905/254/905
f 1090/454/1090 1101/456/1101 928/456/928 710/451/710
f 1078/478/1078 1102/436/1102 927/436/927 281/26/281
f 1110/133/1110 1139/436/1139 911/436/911 55/26/55
f 10/184/10 906/414/906 926/413/926 347/184/347
f 347/184/347 926/413/926 912/384/912 79/184/79
f 381/379/381 902/52/902 925/52/925 668/379/668
f 79/184/79 912/384/912 924/405/924 387/184/387
f 387/184/387 924/405/924 913/397/913 99/184/99
f 341/379/341 901/52/901 923/52/923 665/379/665
f 99/184/99 913/397/913 922/384/922 412/184/412
f 412/184/412 922/384/922 914/384/914 111/184/111
f 507/176/507 119/177/119 915/387/915 921/385/921
f 183/232/183 507/176/507 921/385/921 916/349/916
f 111/184/111 914/384/914 920/381/920 427/184/427
f 427/184/427 920/381/920 915/383/915 119/184/119
f 405/379/405 903/52/903 919/52/919 645/379/645
f 422/31/422 183/232/183 916/349/916 918/346/918
f 118/32/118 422/31/422 918/346/918 904/345/904
f 299/311/299 583/310/583 917/253/917 911/306/911
f 583/310/583 562/313/562 905/254/905 917/253/917
f 645/379/645 919/52/919 904/207/904 421/379/421
f 665/379/665 923/52/923 902/52/902 381/379/381
f 668/379/668 925/52/925 903/52/903 405/379/405
f 1128/450/1128 1140/136/1140 900/136/900 294/451/294
f 713/466/713 294/468/294 900/146/900 929/145/929
f 719/451/719 931/136/931 899/136/899 274/451/274
f 1264/509/1264 1278/116/1278 909/119/909 265/510/265
f 1214/588/1214 1228/74/1228 908/77/908 244/589/244
f 745/379/745 936/52/936 901/52/901 341/379/341
f 756/675/756 938/20/938 896/23/896 208/451/208
f 37/102/37 942/511/942 982/674/982 226/46/226
f 226/46/226 982/674/982 951/452/951 20/44/20
f 260/555/260 953/99/953 981/48/981 746/660/746
f 19/163/19 950/404/950 980/378/980 346/163/346
f 346/163/346 980/378/980 956/380/956 77/163/77
f 1307/652/1307 1317/655/1317 979/658/979 744/653/744
f 1294/644/1294 1318/591/1318 978/594/978 237/645/237
f 1203/59/1203 1229/587/1229 941/590/941 29/60/29
f 1181/558/1181 1191/561/1191 977/564/977 733/559/733
f 1241/101/1241 1279/508/1279 942/511/942 37/102/37
f 20/44/20 951/452/951 975/455/975 225/44/225
f 225/44/225 975/455/975 954/452/954 50/44/50
f 222/437/222 940/51/940 974/137/974 718/437/718
f 478/156/478 60/155/60 955/467/955 973/465/973
f 154/247/154 478/156/478 973/465/973 960/312/960
f 1077/44/1077 1103/453/1103 972/455/972 275/44/275
f 1109/44/1109 1141/449/1141 955/452/955 60/44/60
f 1087/437/1087 1104/137/1104 971/438/971 707/437/707
f 221/382/221 939/178/939 970/178/970 686/382/686
f 97/163/97 957/404/957 969/406/969 410/163/410
f 410/163/410 969/406/969 958/380/958 109/163/109
f 343/382/343 945/178/945 968/198/968 666/382/666
f 77/163/77 956/380/956 967/404/967 385/163/385
f 385/163/385 967/404/967 957/404/957 97/163/97
f 383/382/383 946/178/946 966/201/966 653/382/653
f 527/350/527 648/386/648 965/204/965 949/234/949
f 407/382/407 947/178/947 964/206/964 646/382/646
f 109/163/109 958/380/958 963/378/963 425/163/425
f 425/163/425 963/378/963 959/380/959 117/163/117
f 421/348/421 618/347/618 962/233/962 959/344/959
f 301/248/301 154/247/154 960/312/960 961/309/961
f 59/323/59 301/248/301 961/309/961 944/308/944
f 618/347/618 527/350/527 949/234/949 962/233/962
f 646/382/646 964/206/964 948/178/948 423/382/423
f 648/386/648 423/388/423 948/205/948 965/204/965
f 653/382/653 966/201/966 947/178/947 407/382/407
f 666/382/666 968/198/968 946/178/946 383/382/383
f 686/382/686 970/178/970 945/178/945 343/382/343
f 1125/437/1125 1142/137/1142 944/137/944 299/437/299
f 718/437/718 974/137/974 943/138/943 279/437/279
f 1269/554/1269 1280/96/1280 953/99/953 260/555/260
f 1219/648/1219 1230/54/1230 952/57/952 239/649/239
f 746/660/746 981/48/981 940/51/940 222/437/222
f 17/179/17 994/681/994 1026/680/1026 314/179/314
f 314/179/314 1026/680/1026 1000/417/1000 61/179/61
f 38/98/38 986/495/986 1025/678/1025 227/49/227
f 227/49/227 1025/678/1025 995/445/995 18/50/18
f 224/481/224 984/47/984 1024/43/1024 748/481/748
f 261/543/261 997/103/997 1023/45/1023 747/662/747
f 1306/640/1306 1319/643/1319 1022/646/1022 743/641/743
f 1295/656/1295 1320/573/1320 1021/576/1021 238/657/238
f 1204/55/1204 1231/569/1231 985/572/985 30/56/30
f 1180/546/1180 1193/549/1193 1020/552/1020 732/547/732
f 1160/562/1160 1194/496/1194 1019/499/1019 256/563/256
f 1242/97/1242 1281/492/1281 986/495/986 38/98/38
f 1092/483/1092 1105/43/1105 1018/485/1018 722/481/722
f 18/50/18 995/445/995 1017/445/1017 287/50/287
f 287/50/287 1017/445/1017 998/446/998 49/50/49
f 560/329/560 711/458/711 1016/153/1016 993/246/993
f 1075/50/1075 1106/446/1106 1015/446/1015 306/50/306
f 1119/158/1119 1143/442/1143 999/445/999 59/50/59
f 223/419/223 983/167/983 1014/162/1014 703/419/703
f 319/419/319 990/162/990 1013/167/1013 700/419/700
f 311/419/311 989/164/989 1012/169/1012 698/419/698
f 61/179/61 1000/417/1000 1011/425/1011 321/179/321
f 321/179/321 1011/425/1011 1001/425/1001 65/179/65
f 65/179/65 1001/425/1001 1010/417/1010 332/179/332
f 332/179/332 1010/417/1010 1002/417/1002 69/179/69
f 486/160/486 73/161/73 1003/423/1003 1009/421/1009
f 162/235/162 486/160/486 1009/421/1009 1004/335/1004
f 327/419/327 991/168/991 1008/162/1008 691/419/691
f 69/179/69 1002/417/1002 1007/415/1007 340/179/340
f 340/179/340 1007/415/1007 1003/417/1003 73/179/73
f 336/174/336 162/235/162 1004/335/1004 1006/332/1006
f 76/175/76 336/174/336 1006/332/1006 992/331/992
f 291/327/291 585/326/585 1005/245/1005 999/322/999
f 585/326/585 560/329/560 993/246/993 1005/245/1005
f 691/419/691 1008/162/1008 992/162/992 335/419/335
f 698/419/698 1012/169/1012 990/162/990 319/419/319
f 700/419/700 1013/167/1013 991/168/991 327/419/327
f 703/419/703 1014/162/1014 989/164/989 311/419/311
f 711/458/711 300/460/300 988/154/988 1016/153/1016
f 1130/481/1130 1144/43/1144 988/43/988 300/481/300
f 1268/542/1268 1282/100/1282 997/103/997 261/543/261
f 1218/636/1218 1232/58/1232 996/61/996 240/637/240
f 747/662/747 1023/45/1023 984/47/984 224/481/224
f 748/481/748 1024/43/1024 987/43/987 280/481/280
f 198/416/198 1027/5/1027 1070/5/1070 761/416/761
f 267/494/267 1041/127/1041 1069/14/1069 758/679/758
f 6/10/6 1039/663/1039 1068/480/1068 220/10/220
f 220/10/220 1068/480/1068 1042/480/1042 44/10/44
f 32/130/32 1030/544/1030 1067/661/1067 201/9/201
f 201/9/201 1067/661/1067 1039/663/1039 6/10/6
f 1289/567/1289 1321/639/1321 1066/642/1066 232/568/232
f 1198/87/1198 1233/635/1233 1029/638/1029 24/88/24
f 1300/574/1300 1322/577/1322 1065/578/1065 737/575/737
f 1154/490/1154 1195/545/1195 1064/548/1064 250/491/250
f 1236/129/1236 1283/541/1283 1030/544/1030 32/130/32
f 1174/497/1174 1196/500/1196 1063/501/1063 726/498/726
f 1072/10/1072 1107/480/1107 1062/484/1062 302/10/302
f 1116/10/1116 1145/480/1145 1043/482/1043 54/10/54
f 203/444/203 1028/17/1028 1061/140/1061 715/444/715
f 475/11/475 54/10/54 1043/459/1043 1060/457/1060
f 151/262/151 475/11/475 1060/457/1060 1048/328/1048
f 1089/447/1089 1108/140/1108 1059/448/1059 709/444/709
f 7/166/7 1038/418/1038 1058/428/1058 316/166/316
f 316/166/316 1058/428/1058 1044/427/1044 63/166/63
f 67/166/67 1045/426/1045 1057/418/1057 330/166/330
f 330/166/330 1057/418/1057 1046/420/1046 71/166/71
f 63/166/63 1044/427/1044 1056/418/1056 323/166/323
f 323/166/323 1056/418/1056 1045/426/1045 67/166/67
f 309/416/309 1033/7/1033 1055/5/1055 697/416/697
f 317/416/317 1034/5/1034 1054/5/1054 695/416/695
f 551/336/551 692/422/692 1053/170/1053 1037/241/1037
f 71/166/71 1046/420/1046 1052/418/1052 337/166/337
f 337/166/337 1052/418/1052 1047/418/1047 75/166/75
f 325/416/325 1035/5/1035 1051/173/1051 690/416/690
f 335/334/335 594/333/594 1050/240/1050 1047/330/1047
f 290/261/290 151/262/151 1048/328/1048 1049/325/1049
f 53/16/53 290/261/290 1049/325/1049 1032/324/1032
f 594/333/594 551/336/551 1037/241/1037 1050/240/1050
f 690/416/690 1051/173/1051 1036/5/1036 333/416/333
f 692/422/692 333/424/333 1036/171/1036 1053/170/1053
f 695/416/695 1054/5/1054 1035/5/1035 325/416/325
f 697/416/697 1055/5/1055 1034/5/1034 317/416/317
f 1127/443/1127 1146/140/1146 1032/140/1032 291/444/291
f 715/444/715 1061/140/1061 1031/140/1031 271/444/271
f 1262/493/1262 1284/124/1284 1041/127/1041 267/494/267
f 1212/570/1212 1234/82/1234 1040/85/1040 246/571/246
f 758/679/758 1069/14/1069 1028/17/1028 203/444/203
f 761/416/761 1070/5/1070 1033/7/1033 309/416/309
f 271/444/271 1031/140/1031 1108/140/1108 1089/447/1089
f 44/10/44 1042/480/1042 1107/480/1107 1072/10/1072
f 49/50/49 998/446/998 1106/446/1106 1075/50/1075
f 280/481/280 987/43/987 1105/43/1105 1092/483/1092
f 279/437/279 943/138/943 1104/137/1104 1087/437/1087
f 50/44/50 954/452/954 1103/453/1103 1077/44/1077
f 45/26/45 910/473/910 1102/436/1102 1078/478/1078
f 274/451/274 899/136/899 1101/456/1101 1090/454/1090
f 46/22/46 866/671/866 1100/432/1100 1079/22/1079
f 273/476/273 855/42/855 1099/27/1099 1091/476/1091
f 276/431/276 811/30/811 1098/30/1098 1085/433/1085
f 48/37/48 822/664/822 1097/477/1097 1071/37/1071
f 47/29/47 778/439/778 1096/440/1096 1076/435/1076
f 277/472/277 767/139/767 1095/38/1095 1094/472/1094
f 767/139/767 48/37/48 1071/37/1071 1095/38/1095
f 41/471/41 277/472/277 1094/472/1094 1074/471/1074
f 473/11/473 44/10/44 1072/10/1072 1093/11/1093
f 149/262/149 473/11/473 1093/11/1093 1082/262/1082
f 987/43/987 50/44/50 1077/44/1077 1105/43/1105
f 1042/480/1042 280/481/280 1092/483/1092 1107/480/1107
f 855/42/855 45/26/45 1078/478/1078 1099/27/1099
f 822/664/822 273/476/273 1091/476/1091 1097/477/1097
f 899/136/899 46/22/46 1079/22/1079 1101/456/1101
f 954/452/954 274/451/274 1090/454/1090 1103/453/1103
f 1031/140/1031 43/16/43 1073/299/1073 1108/140/1108
f 998/446/998 271/444/271 1089/447/1089 1106/446/1106
f 272/12/272 42/13/42 1080/13/1080 1088/441/1088
f 778/439/778 272/12/272 1088/441/1088 1096/440/1096
f 943/138/943 49/50/49 1075/50/1075 1104/137/1104
f 910/473/910 279/437/279 1087/437/1087 1102/436/1102
f 472/134/472 41/135/41 1074/135/1074 1086/134/1086
f 148/244/148 472/134/472 1086/134/1086 1081/244/1081
f 811/30/811 47/29/47 1076/435/1076 1098/30/1098
f 866/671/866 276/431/276 1085/433/1085 1100/432/1100
f 269/243/269 148/244/148 1081/244/1081 1084/243/1084
f 42/300/42 269/243/269 1084/243/1084 1080/300/1080
f 270/261/270 149/262/149 1082/262/1082 1083/261/1083
f 43/16/43 270/261/270 1083/261/1083 1073/299/1073
f 709/444/709 1059/448/1059 1146/140/1146 1127/443/1127
f 302/10/302 1062/484/1062 1145/480/1145 1116/10/1116
f 722/481/722 1018/485/1018 1144/43/1144 1130/481/1130
f 306/50/306 1015/446/1015 1143/442/1143 1119/158/1119
f 707/437/707 971/438/971 1142/137/1142 1125/437/1125
f 275/44/275 972/455/972 1141/449/1141 1109/44/1109
f 710/451/710 928/456/928 1140/136/1140 1128/450/1128
f 281/26/281 927/436/927 1139/436/1139 1110/133/1110
f 721/476/721 886/479/886 1138/132/1138 1129/475/1129
f 305/22/305 884/434/884 1137/429/1137 1111/22/1111
f 705/431/705 840/41/840 1136/41/1136 1123/430/1123
f 278/37/278 842/477/842 1135/474/1135 1115/37/1115
f 724/472/724 798/487/798 1134/38/1134 1132/486/1132
f 308/29/308 795/439/795 1133/439/1133 1120/29/1120
f 304/471/304 724/472/724 1132/486/1132 1118/471/1118
f 566/262/566 723/11/723 1131/11/1131 1114/262/1114
f 1062/484/1062 722/481/722 1130/481/1130 1145/480/1145
f 842/477/842 721/476/721 1129/475/1129 1135/474/1135
f 972/455/972 710/451/710 1128/450/1128 1141/449/1141
f 1015/446/1015 709/444/709 1127/443/1127 1143/442/1143
f 795/439/795 708/12/708 1126/12/1126 1133/439/1133
f 927/436/927 707/437/707 1125/437/1125 1139/436/1139
f 559/244/559 706/134/706 1124/159/1124 1113/244/1113
f 884/434/884 705/431/705 1123/430/1123 1137/429/1137
f 307/300/307 586/243/586 1122/243/1122 1112/300/1112
f 303/16/303 579/261/579 1121/261/1121 1117/157/1117
f 579/261/579 566/262/566 1114/262/1114 1121/261/1121
f 586/243/586 559/244/559 1113/244/1113 1122/243/1122
f 840/41/840 308/29/308 1120/29/1120 1136/41/1136
f 706/134/706 304/135/304 1118/135/1118 1124/159/1124
f 971/438/971 306/50/306 1119/158/1119 1142/137/1142
f 708/12/708 307/13/307 1112/13/1112 1126/12/1126
f 1059/448/1059 303/16/303 1117/157/1117 1146/140/1146
f 928/456/928 305/22/305 1111/22/1111 1140/136/1140
f 886/479/886 281/26/281 1110/133/1110 1138/132/1138
f 1018/485/1018 275/44/275 1109/44/1109 1144/43/1144
f 723/11/723 302/10/302 1116/10/1116 1131/11/1131
f 798/487/798 278/37/278 1115/37/1115 1134/38/1134
f 246/571/246 1040/85/1040 1196/500/1196 1174/497/1174
f 24/88/24 1029/638/1029 1195/545/1195 1154/490/1154
f 30/56/30 985/572/985 1194/496/1194 1160/562/1160
f 240/637/240 996/61/996 1193/549/1193 1180/546/1180
f 29/60/29 941/590/941 1192/686/1192 1159/550/1159
f 239/649/239 952/57/952 1191/561/1191 1181/558/1181
f 244/589/244 908/77/908 1190/687/1190 1176/688/1176
f 26/72/26 897/650/897 1189/557/1189 1156/521/1156
f 243/601/243 864/73/864 1188/520/1188 1177/517/1177
f 25/76/25 853/626/853 1187/689/1187 1155/690/1155
f 27/68/27 809/602/809 1186/516/1186 1157/530/1157
f 241/625/241 820/65/820 1185/537/1185 1179/691/1179
f 28/64/28 765/580/765 1184/504/1184 1158/538/1158
f 242/613/242 776/69/776 1183/529/1183 1178/527/1178
f 21/614/21 1153/368/1153 1182/368/1182 442/614/442
f 442/614/442 1182/368/1182 1161/370/1161 127/614/127
f 952/57/952 30/56/30 1160/562/1160 1191/561/1191
f 897/650/897 239/649/239 1181/558/1181 1189/557/1189
f 996/61/996 29/60/29 1159/550/1159 1193/549/1193
f 1029/638/1029 240/637/240 1180/546/1180 1195/545/1195
f 820/65/820 28/64/28 1158/538/1158 1185/537/1185
f 853/626/853 241/625/241 1179/691/1179 1187/689/1187
f 776/69/776 27/68/27 1157/530/1157 1183/529/1183
f 21/614/21 242/613/242 1178/527/1178 1153/368/1153
f 864/73/864 26/72/26 1156/521/1156 1188/520/1188
f 809/602/809 243/601/243 1177/517/1177 1186/516/1186
f 908/77/908 25/76/25 1155/690/1155 1190/687/1190
f 941/590/941 244/589/244 1176/688/1176 1192/686/1192
f 245/81/245 22/80/22 1147/212/1147 1175/505/1175
f 765/580/765 245/81/245 1175/505/1175 1184/504/1184
f 1040/85/1040 23/84/23 1148/293/1148 1196/500/1196
f 985/572/985 246/571/246 1174/497/1174 1194/496/1194
f 468/89/468 24/88/24 1154/490/1154 1173/488/1173
f 144/271/144 468/89/468 1173/488/1173 1164/297/1164
f 230/362/230 1147/212/1147 1172/211/1172 639/362/639
f 131/614/131 1162/368/1162 1171/368/1171 458/614/458
f 458/614/458 1171/368/1171 1163/371/1163 135/614/135
f 127/614/127 1161/370/1161 1170/368/1170 451/614/451
f 451/614/451 1170/368/1170 1162/368/1162 131/614/131
f 437/362/437 1149/212/1149 1169/216/1169 633/362/633
f 519/361/519 632/364/632 1168/217/1168 1152/226/1152
f 445/362/445 1150/211/1150 1167/221/1167 631/362/631
f 455/359/455 626/358/626 1166/225/1166 1163/355/1163
f 247/272/247 144/271/144 1164/297/1164 1165/294/1165
f 23/84/23 247/272/247 1165/294/1165 1148/293/1148
f 626/358/626 519/361/519 1152/226/1152 1166/225/1166
f 631/362/631 1167/221/1167 1151/212/1151 453/362/453
f 632/364/632 453/366/453 1151/218/1151 1168/217/1168
f 633/362/633 1169/216/1169 1150/211/1150 445/362/445
f 639/362/639 1172/211/1172 1149/212/1149 437/362/437
f 737/575/737 1065/578/1065 1234/82/1234 1212/570/1212
f 232/568/232 1066/642/1066 1233/635/1233 1198/87/1198
f 743/641/743 1022/646/1022 1232/58/1232 1218/636/1218
f 238/657/238 1021/576/1021 1231/569/1231 1204/55/1204
f 744/653/744 979/658/979 1230/54/1230 1219/648/1219
f 237/645/237 978/594/978 1229/587/1229 1203/59/1203
f 739/593/739 934/598/934 1228/74/1228 1214/588/1214
f 234/609/234 935/654/935 1227/647/1227 1200/71/1200
f 740/605/740 889/610/889 1226/70/1226 1215/600/1215
f 233/597/233 890/630/890 1225/623/1225 1199/75/1199
f 742/629/742 846/634/846 1224/62/1224 1217/624/1217
f 235/621/235 845/606/845 1223/599/1223 1201/67/1201
f 741/617/741 802/622/802 1222/66/1222 1216/612/1216
f 236/633/236 801/584/801 1221/579/1221 1202/63/1202
f 469/220/469 22/219/22 1206/684/1206 1220/682/1220
f 145/222/145 469/220/469 1220/682/1220 1208/283/1208
f 935/654/935 744/653/744 1219/648/1219 1227/647/1227
f 1066/642/1066 743/641/743 1218/636/1218 1233/635/1233
f 890/630/890 742/629/742 1217/624/1217 1225/623/1225
f 229/618/229 741/617/741 1216/612/1216 1197/611/1197
f 845/606/845 740/605/740 1215/600/1215 1223/599/1223
f 978/594/978 739/593/739 1214/588/1214 1229/587/1229
f 801/584/801 738/583/738 1213/78/1213 1221/579/1221
f 1021/576/1021 737/575/737 1212/570/1212 1231/569/1231
f 569/290/569 736/566/736 1211/86/1211 1205/270/1205
f 200/288/200 576/287/576 1210/269/1210 1207/83/1207
f 248/213/248 145/222/145 1208/283/1208 1209/280/1209
f 21/214/21 248/213/248 1209/280/1209 1197/279/1197
f 576/287/576 569/290/569 1205/270/1205 1210/269/1210
f 736/566/736 232/568/232 1198/87/1198 1211/86/1211
f 1065/578/1065 200/288/200 1207/83/1207 1234/82/1234
f 738/583/738 195/586/195 1206/79/1206 1213/78/1213
f 934/598/934 233/597/233 1199/75/1199 1228/74/1228
f 889/610/889 234/609/234 1200/71/1200 1226/70/1226
f 802/622/802 235/621/235 1201/67/1201 1222/66/1222
f 846/634/846 236/633/236 1202/63/1202 1224/62/1224
f 1022/646/1022 237/645/237 1203/59/1203 1232/58/1232
f 979/658/979 238/657/238 1204/55/1204 1230/54/1230
f 726/498/726 1063/501/1063 1284/124/1284 1262/493/1262
f 250/491/250 1064/548/1064 1283/541/1283 1236/129/1236
f 732/547/732 1020/552/1020 1282/100/1282 1268/542/1268
f 256/563/256 1019/499/1019 1281/492/1281 1242/97/1242
f 733/559/733 977/564/977 1280/96/1280 1269/554/1269
f 255/551/255 976/692/976 1279/508/1279 1241/101/1241
f 728/693/728 932/694/932 1278/116/1278 1264/509/1264
f 252/522/252 933/560/933 1277/553/1277 1238/113/1238
f 729/518/729 887/523/887 1276/112/1276 1265/513/1265
f 251/695/251 888/696/888 1275/533/1275 1237/117/1237
f 731/697/731 844/540/844 1274/104/1274 1267/534/1267
f 253/531/253 843/519/843 1273/512/1273 1239/109/1239
f 730/528/730 800/532/800 1272/108/1272 1266/525/1266
f 254/539/254 799/507/799 1271/502/1271 1240/105/1240
f 249/369/249 1235/524/1235 1270/90/1270 735/369/735
f 933/560/933 733/559/733 1269/554/1269 1277/553/1277
f 1064/548/1064 732/547/732 1268/542/1268 1283/541/1283
f 888/696/888 731/697/731 1267/534/1267 1275/533/1275
f 249/369/249 730/528/730 1266/525/1266 1235/524/1235
f 843/519/843 729/518/729 1265/513/1265 1273/512/1273
f 976/692/976 728/693/728 1264/509/1264 1279/508/1279
f 799/507/799 727/506/727 1263/120/1263 1271/502/1271
f 1019/499/1019 726/498/726 1262/493/1262 1281/492/1281
f 567/298/567 725/489/725 1261/128/1261 1246/264/1246
f 39/122/39 1247/121/1247 1260/121/1260 444/122/444
f 444/122/444 1260/121/1260 1249/121/1249 125/122/125
f 447/369/447 1244/90/1244 1259/90/1259 636/369/636
f 439/369/439 1243/90/1243 1258/215/1258 634/369/634
f 125/122/125 1249/121/1249 1257/367/1257 449/122/449
f 449/122/449 1257/367/1257 1250/121/1250 129/122/129
f 516/95/516 133/94/133 1251/365/1251 1256/363/1256
f 192/224/192 516/95/516 1256/363/1256 1252/360/1252
f 129/122/129 1250/121/1250 1255/121/1255 460/122/460
f 460/122/460 1255/121/1255 1251/121/1251 133/122/133
f 456/223/456 192/224/192 1252/360/1252 1254/357/1254
f 136/292/136 456/223/456 1254/357/1254 1245/356/1245
f 231/296/231 578/295/578 1253/263/1253 1248/125/1248
f 578/295/578 567/298/567 1246/264/1246 1253/263/1253
f 634/369/634 1258/215/1258 1244/90/1244 447/369/447
f 636/369/636 1259/90/1259 1245/90/1245 455/369/455
f 725/489/725 250/491/250 1236/129/1236 1261/128/1261
f 1063/501/1063 231/296/231 1248/125/1248 1284/124/1284
f 727/506/727 230/362/230 1247/121/1247 1263/120/1263
f 932/694/932 251/695/251 1237/117/1237 1278/116/1278
f 887/523/887 252/522/252 1238/113/1238 1276/112/1276
f 800/532/800 253/531/253 1239/109/1239 1272/108/1272
f 844/540/844 254/539/254 1240/105/1240 1274/104/1274
f 1020/552/1020 255/551/255 1241/101/1241 1282/100/1282
f 977/564/977 256/563/256 1242/97/1242 1280/96/1280
f 735/369/735 1270/90/1270 1243/90/1243 439/369/439
f 223/419/223 1038/418/1038 1322/577/1322 1300/574/1300
f 8/6/8 1027/5/1027 1321/639/1321 1289/567/1289
f 19/163/19 983/167/983 1320/573/1320 1295/656/1295
f 198/416/198 994/681/994 1319/643/1319 1306/640/1306
f 17/179/17 939/178/939 1318/591/1318 1294/644/1294
f 205/379/205 950/404/950 1317/655/1317 1307/652/1307
f 221/382/221 906/414/906 1316/595/1316 1302/592/1302
f 9/53/9 895/52/895 1315/651/1315 1291/608/1291
f 213/401/213 862/410/862 1314/607/1314 1303/604/1303
f 10/184/10 851/183/851 1313/627/1313 1290/596/1290
f 13/181/13 807/411/807 1312/603/1312 1292/620/1292
f 206/390/206 818/391/818 1311/631/1311 1305/628/1305
f 15/189/15 763/188/763 1310/581/1310 1293/632/1293
f 197/33/197 774/374/774 1309/619/1309 1304/616/1304
f 572/284/572 762/683/762 1308/1/1308 1287/276/1287
f 950/404/950 19/163/19 1295/656/1295 1317/655/1317
f 895/52/895 205/379/205 1307/652/1307 1315/651/1315
f 994/681/994 17/179/17 1294/644/1294 1319/643/1319
f 1027/5/1027 198/416/198 1306/640/1306 1321/639/1321
f 818/391/818 15/189/15 1293/632/1293 1311/631/1311
f 851/183/851 206/390/206 1305/628/1305 1313/627/1313
f 774/374/774 13/181/13 1292/620/1292 1309/619/1309
f 3/34/3 197/33/197 1304/616/1304 1288/615/1288
f 862/410/862 9/53/9 1291/608/1291 1314/607/1314
f 807/411/807 213/401/213 1303/604/1303 1312/603/1312
f 906/414/906 10/184/10 1290/596/1290 1316/595/1316
f 939/178/939 221/382/221 1302/592/1302 1318/591/1318
f 215/373/215 4/372/4 1285/585/1285 1301/582/1301
f 763/188/763 215/373/215 1301/582/1301 1310/581/1310
f 1038/418/1038 7/166/7 1286/285/1286 1322/577/1322
f 983/167/983 223/419/223 1300/574/1300 1320/573/1320
f 463/172/463 8/6/8 1289/567/1289 1299/565/1299
f 139/242/139 463/172/463 1299/565/1299 1296/289/1296
f 199/165/199 139/242/139 1296/289/1296 1298/286/1298
f 7/166/7 199/165/199 1298/286/1298 1286/285/1286
f 229/282/229 573/281/573 1297/275/1297 1288/277/1288
f 573/281/573 572/284/572 1287/276/1287 1297/275/1297
f 762/683/762 195/685/195 1285/2/1285 1308/1/1308
f 1326/698/1326 1323/699/1323 888/696/888 251/695/251
f 1325/700/1325 1324/701/1324 932/694/932 728/693/728
f 1324/701/1324 1326/698/1326 251/695/251 932/694/932
f 1327/702/1327 1325/700/1325 728/693/728 976/692/976
f 1327/702/1327 976/692/976 255/551/255 1159/550/1159
f 1328/703/1328 1185/537/1185 844/540/844 731/697/731
f 1328/703/1328 731/697/731 888/696/888 1323/699/1323
f 1324/701/1324 1325/700/1325 1339/700/1339 1338/704/1338
f 1326/698/1326 1324/701/1324 1338/704/1338 1340/698/1340
f 1325/700/1325 1327/702/1327 1341/705/1341 1339/700/1339
f 1155/690/1155 1187/689/1187 1334/689/1334 1329/706/1329
f 1327/702/1327 1159/550/1159 1330/550/1330 1341/705/1341
f 1185/537/1185 1328/703/1328 1342/707/1342 1333/537/1333
f 1179/691/1179 1185/537/1185 1333/537/1333 1332/708/1332
f 1190/687/1190 1155/690/1155 1329/706/1329 1335/687/1335
f 1159/550/1159 1192/686/1192 1336/709/1336 1330/550/1330
f 1328/703/1328 1323/699/1323 1337/699/1337 1342/707/1342
f 1192/686/1192 1176/688/1176 1331/688/1331 1336/709/1336
f 1323/699/1323 1326/698/1326 1340/698/1340 1337/699/1337
f 1176/688/1176 1190/687/1190 1335/687/1335 1331/688/1331
f 1187/689/1187 1179/691/1179 1332/708/1332 1334/689/1334
f 1357/688/1357 1358/710/1358 1349/687/1349 1345/688/1345
f 1359/698/1359 1360/711/1360 1352/704/1352 1354/698/1354
f 1361/690/1361 1362/712/1362 1348/689/1348 1343/706/1343
f 1363/713/1363 1364/702/1364 1355/705/1355 1353/700/1353
f 1365/714/1365 1366/537/1366 1347/537/1347 1346/708/1346
f 1364/702/1364 1367/715/1367 1344/550/1344 1355/705/1355
f 1362/712/1362 1365/714/1365 1346/708/1346 1348/689/1348
f 1366/537/1366 1368/716/1368 1356/707/1356 1347/537/1347
f 1358/710/1358 1361/690/1361 1343/706/1343 1349/687/1349
f 1368/716/1368 1369/717/1369 1351/699/1351 1356/707/1356
f 1370/686/1370 1357/688/1357 1345/688/1345 1350/709/1350
f 1369/717/1369 1359/698/1359 1354/698/1354 1351/699/1351
f 1367/715/1367 1370/686/1370 1350/709/1350 1344/550/1344
f 1360/711/1360 1363/713/1363 1353/700/1353 1352/704/1352
f 1350/709/1350 1345/688/1345 1353/700/1353 1355/705/1355
f 1345/688/1345 1349/687/1349 1352/704/1352 1353/700/1353
f 1349/687/1349 1343/706/1343 1354/698/1354 1352/704/1352
f 1343/706/1343 1348/689/1348 1351/699/1351 1354/698/1354
f 1348/689/1348 1346/708/1346 1356/707/1356 1351/699/1351
f 1346/708/1346 1347/537/1347 1356/707/1356
f 1344/550/1344 1350/709/1350 1355/705/1355
f 1338/704/1338 1339/700/1339 1363/713/1363 1360/711/1360
f 1330/550/1330 1336/709/1336 1370/686/1370 1367/715/1367
f 1337/699/1337 1340/698/1340 1359/698/1359 1369/717/1369
f 1336/709/1336 1331/688/1331 1357/688/1357 1370/686/1370
f 1342/707/1342 1337/699/1337 1369/717/1369 1368/716/1368
f 1335/687/1335 1329/706/1329 1361/690/1361 1358/710/1358
f 1333/537/1333 1342/707/1342 1368/716/1368 1366/537/1366
f 1334/689/1334 1332/708/1332 1365/714/1365 1362/712/1362
f 1341/705/1341 1330/550/1330 1367/715/1367 1364/702/1364
f 1332/708/1332 1333/537/1333 1366/537/1366 1365/714/1365
f 1339/700/1339 1341/705/1341 1364/702/1364 1363/713/1363
f 1329/706/1329 1334/689/1334 1362/712/1362 1361/690/1361
f 1340/698/1340 1338/704/1338 1360/711/1360 1359/698/1359
f 1331/688/1331 1335/687/1335 1358/710/1358 1357/688/1357
l 9 13
o Sphere
v 0.022100 0.461297 0.050437
v 0.022100 0.124078 -0.454246
v 0.035457 0.450801 -0.055293
v 0.048301 0.419715 -0.156961
v 0.060138 0.369235 -0.250659
v 0.070513 0.301300 -0.332785
v 0.079027 0.218520 -0.400184
v 0.085354 0.124078 -0.450267
v 0.089250 0.021603 -0.481107
v 0.090566 -0.084969 -0.491521
v 0.048604 0.450801 -0.052786
v 0.074088 0.419715 -0.152042
v 0.097575 0.369235 -0.243517
v 0.118161 0.301300 -0.323696
v 0.135056 0.218520 -0.389496
v 0.147610 0.124078 -0.438391
v 0.155341 0.021603 -0.468500
v 0.157951 -0.084969 -0.478666
v 0.061332 0.450801 -0.048650
v 0.099056 0.419715 -0.143929
v 0.133822 0.369235 -0.231740
v 0.164295 0.301300 -0.308706
v 0.189304 0.218520 -0.371870
v 0.207887 0.124078 -0.418806
v 0.219330 0.021603 -0.447708
v 0.223194 -0.084969 -0.457468
v 0.073441 0.450801 -0.042952
v 0.122810 0.419715 -0.132752
v 0.168307 0.369235 -0.215512
v 0.208187 0.301300 -0.288052
v 0.240915 0.218520 -0.347584
v 0.265234 0.124078 -0.391820
v 0.280209 0.021603 -0.419061
v 0.285266 -0.084969 -0.428259
v 0.084741 0.450801 -0.035781
v 0.144975 0.419715 -0.118685
v 0.200487 0.369235 -0.195090
v 0.249143 0.301300 -0.262060
v 0.289074 0.218520 -0.317021
v 0.318746 0.124078 -0.357860
v 0.337018 0.021603 -0.383009
v 0.343187 -0.084969 -0.391501
v 0.095053 0.450801 -0.027250
v 0.165203 0.419715 -0.101951
v 0.229853 0.369235 -0.170797
v 0.286519 0.301300 -0.231140
v 0.333024 0.218520 -0.280663
v 0.367580 0.124078 -0.317461
v 0.388860 0.021603 -0.340122
v 0.396045 -0.084969 -0.347773
v 0.104215 0.450801 -0.017494
v 0.183174 0.419715 -0.082814
v 0.255943 0.369235 -0.143014
v 0.319725 0.301300 -0.195779
v 0.372070 0.218520 -0.239083
v 0.410966 0.124078 -0.271260
v 0.434918 0.021603 -0.291075
v 0.443005 -0.084969 -0.297766
v 0.112081 0.450801 -0.006666
v 0.198605 0.419715 -0.061576
v 0.278345 0.369235 -0.112180
v 0.348237 0.301300 -0.156536
v 0.405597 0.218520 -0.192937
v 0.448219 0.124078 -0.219986
v 0.474465 0.021603 -0.236642
v 0.483328 -0.084969 -0.242266
v 0.118529 0.450801 0.005061
v 0.211252 0.419715 -0.038571
v 0.296705 0.369235 -0.078782
v 0.371606 0.301300 -0.114028
v 0.433076 0.218520 -0.142953
v 0.478752 0.124078 -0.164447
v 0.506879 0.021603 -0.177682
v 0.516376 -0.084969 -0.182151
v 0.123456 0.450801 0.017505
v 0.220916 0.419715 -0.014162
v 0.310736 0.369235 -0.043346
v 0.389463 0.301300 -0.068926
v 0.454073 0.218520 -0.089919
v 0.502083 0.124078 -0.105518
v 0.531647 0.021603 -0.115125
v 0.541630 -0.084969 -0.118368
v 0.126784 0.450801 0.030468
v 0.227444 0.419715 0.011266
v 0.320214 0.369235 -0.006431
v 0.401527 0.301300 -0.021942
v 0.468259 0.218520 -0.034672
v 0.517845 0.124078 -0.044131
v 0.548380 0.021603 -0.049956
v 0.558690 -0.084969 -0.051923
v 0.128461 0.450801 0.043746
v 0.230735 0.419715 0.037311
v 0.324990 0.369235 0.031381
v 0.407606 0.301300 0.026183
v 0.475407 0.218520 0.021918
v 0.525788 0.124078 0.018748
v 0.556812 0.021603 0.016796
v 0.567288 -0.084969 0.016137
v 0.128461 0.450801 0.057129
v 0.230735 0.419715 0.063563
v 0.324990 0.369235 0.069494
v 0.407606 0.301300 0.074691
v 0.475407 0.218520 0.078957
v 0.525788 0.124078 0.082127
v 0.556812 0.021603 0.084079
v 0.567288 -0.084969 0.084738
v 0.126784 0.450801 0.070407
v 0.227445 0.419715 0.089609
v 0.320214 0.369235 0.107305
v 0.401527 0.301300 0.122817
v 0.468259 0.218520 0.135546
v 0.517845 0.124078 0.145006
v 0.548380 0.021603 0.150830
v 0.558690 -0.084969 0.152797
v 0.123456 0.450801 0.083370
v 0.220916 0.419715 0.115036
v 0.310736 0.369235 0.144221
v 0.389463 0.301300 0.169801
v 0.454073 0.218520 0.190794
v 0.502083 0.124078 0.206393
v 0.531647 0.021603 0.215999
v 0.541630 -0.084969 0.219243
v 0.118529 0.450801 0.095813
v 0.211252 0.419715 0.139445
v 0.296705 0.369235 0.179657
v 0.371606 0.301300 0.214902
v 0.433076 0.218520 0.243828
v 0.478752 0.124078 0.265321
v 0.506879 0.021603 0.278557
v 0.516376 -0.084969 0.283026
v 0.112081 0.450801 0.107541
v 0.198605 0.419715 0.162450
v 0.278345 0.369235 0.213055
v 0.348238 0.301300 0.257410
v 0.405597 0.218520 0.293812
v 0.448219 0.124078 0.320860
v 0.474465 0.021603 0.337517
v 0.483328 -0.084969 0.343141
v 0.104215 0.450801 0.118368
v 0.183174 0.419715 0.183689
v 0.255943 0.369235 0.243888
v 0.319725 0.301300 0.296654
v 0.372070 0.218520 0.339957
v 0.410966 0.124078 0.372135
v 0.434918 0.021603 0.391949
v 0.443006 -0.084969 0.398640
v 0.095053 0.450801 0.128124
v 0.165203 0.419715 0.202826
v 0.229853 0.369235 0.271671
v 0.286519 0.301300 0.332015
v 0.333024 0.218520 0.381537
v 0.367580 0.124078 0.418336
v 0.388860 0.021603 0.440996
v 0.396045 -0.084969 0.448648
v 0.084741 0.450801 0.136655
v 0.144975 0.419715 0.219560
v 0.200487 0.369235 0.295965
v 0.249143 0.301300 0.362935
v 0.289075 0.218520 0.417895
v 0.318746 0.124078 0.458735
v 0.337018 0.021603 0.483884
v 0.343187 -0.084969 0.492376
v 0.073442 0.450801 0.143826
v 0.122810 0.419715 0.233626
v 0.168307 0.369235 0.316387
v 0.208187 0.301300 0.388927
v 0.240915 0.218520 0.448459
v 0.265234 0.124078 0.492695
v 0.280209 0.021603 0.519936
v 0.285266 -0.084969 0.529134
v 0.061332 0.450801 0.149525
v 0.099056 0.419715 0.244804
v 0.133822 0.369235 0.332614
v 0.164295 0.301300 0.409580
v 0.189304 0.218520 0.472745
v 0.207887 0.124078 0.519680
v 0.219330 0.021603 0.548583
v 0.223194 -0.084969 0.558342
v 0.048604 0.450801 0.153660
v 0.074088 0.419715 0.252917
v 0.097575 0.369235 0.344392
v 0.118161 0.301300 0.424570
v 0.135056 0.218520 0.490371
v 0.147610 0.124078 0.539265
v 0.155341 0.021603 0.569375
v 0.157951 -0.084969 0.579541
v 0.035457 0.450801 0.156168
v 0.048301 0.419715 0.257836
v 0.060138 0.369235 0.351533
v 0.070513 0.301300 0.433660
v 0.079027 0.218520 0.501059
v 0.085354 0.124078 0.551141
v 0.089250 0.021603 0.581982
v 0.090566 -0.084969 0.592396
v 0.022100 0.450801 0.157008
v 0.022100 0.419715 0.259484
v 0.022100 0.369235 0.353926
v 0.022100 0.301300 0.436706
v 0.022100 0.218520 0.504641
v 0.022100 0.124078 0.555121
v 0.022100 0.021603 0.586207
v 0.022101 -0.084969 0.596703
v 0.008744 0.450801 0.156168
v -0.004100 0.419715 0.257836
v -0.015937 0.369235 0.351533
v -0.026312 0.301300 0.433660
v -0.034826 0.218520 0.501059
v -0.041153 0.124078 0.551141
v -0.045049 0.021603 0.581982
v -0.046365 -0.084969 0.592396
v -0.004403 0.450801 0.153660
v -0.029887 0.419715 0.252917
v -0.053374 0.369235 0.344392
v -0.073961 0.301300 0.424570
v -0.090855 0.218520 0.490371
v -0.103409 0.124078 0.539265
v -0.111140 0.021603 0.569375
v -0.113750 -0.084969 0.579541
v -0.017131 0.450801 0.149525
v -0.054855 0.419715 0.244804
v -0.089621 0.369235 0.332614
v -0.120094 0.301300 0.409580
v -0.145103 0.218520 0.472745
v -0.163686 0.124078 0.519680
v -0.175129 0.021603 0.548583
v -0.178993 -0.084969 0.558342
v -0.029241 0.450801 0.143826
v -0.078609 0.419715 0.233627
v -0.124106 0.369235 0.316387
v -0.163986 0.301300 0.388927
v -0.196714 0.218520 0.448459
v -0.221033 0.124078 0.492695
v -0.236008 0.021603 0.519936
v -0.241065 -0.084969 0.529134
v -0.040540 0.450801 0.136655
v -0.100774 0.419715 0.219560
v -0.156286 0.369235 0.295965
v -0.204942 0.301300 0.362935
v -0.244874 0.218520 0.417896
v -0.274545 0.124078 0.458735
v -0.292817 0.021603 0.483884
v -0.298987 -0.084969 0.492376
v -0.050853 0.450801 0.128124
v -0.121002 0.419715 0.202826
v -0.185652 0.369235 0.271671
v -0.242318 0.301300 0.332015
v -0.288823 0.218520 0.381537
v -0.323379 0.124078 0.418336
v -0.344659 0.021603 0.440996
v -0.351844 -0.084969 0.448648
v -0.060014 0.450801 0.118368
v -0.138973 0.419715 0.183689
v -0.211742 0.369235 0.243888
v -0.275524 0.301300 0.296654
v -0.327869 0.218520 0.339957
v -0.366765 0.124078 0.372135
v -0.390717 0.021603 0.391950
v -0.398805 -0.084969 0.398640
v -0.067881 0.450801 0.107541
v -0.154404 0.419715 0.162450
v -0.234144 0.369235 0.213055
v -0.304037 0.301300 0.257410
v -0.361396 0.218520 0.293812
v -0.404018 0.124078 0.320860
v -0.430265 0.021603 0.337517
v -0.439127 -0.084969 0.343141
v -0.074328 0.450801 0.095813
v -0.167051 0.419715 0.139445
v -0.252505 0.369235 0.179657
v -0.327406 0.301300 0.214902
v -0.388875 0.218520 0.243828
v -0.434551 0.124078 0.265321
v -0.462678 0.021603 0.278557
v -0.472176 -0.084969 0.283026
v -0.079255 0.450801 0.083370
v -0.176715 0.419715 0.115036
v -0.266535 0.369235 0.144221
v -0.345263 0.301300 0.169801
v -0.409873 0.218520 0.190794
v -0.457882 0.124078 0.206393
v -0.487447 0.021603 0.215999
v -0.497429 -0.084969 0.219243
v -0.082583 0.450801 0.070407
v -0.183244 0.419715 0.089609
v -0.276013 0.369235 0.107305
v -0.357326 0.301300 0.122817
v -0.424058 0.218520 0.135547
v -0.473644 0.124078 0.145006
v -0.504179 0.021603 0.150831
v -0.514490 -0.084969 0.152797
v -0.084260 0.450801 0.057129
v -0.186534 0.419715 0.063563
v -0.280790 0.369235 0.069494
v -0.363406 0.301300 0.074691
v -0.431207 0.218520 0.078957
v -0.481588 0.124078 0.082127
v -0.512612 0.021603 0.084079
v -0.523088 -0.084969 0.084738
v -0.084260 0.450801 0.043746
v -0.186534 0.419715 0.037311
v -0.280790 0.369235 0.031381
v -0.363406 0.301300 0.026183
v -0.431207 0.218520 0.021918
v -0.481588 0.124078 0.018748
v -0.512612 0.021603 0.016796
v -0.523088 -0.084969 0.016137
v -0.082583 0.450801 0.030468
v -0.183244 0.419715 0.011266
v -0.276013 0.369235 -0.006431
v -0.357326 0.301300 -0.021942
v -0.424058 0.218520 -0.034672
v -0.473644 0.124078 -0.044131
v -0.504179 0.021603 -0.049956
v -0.514490 -0.084969 -0.051923
v -0.079255 0.450801 0.017505
v -0.176715 0.419715 -0.014162
v -0.266535 0.369235 -0.043346
v -0.345263 0.301300 -0.068926
v -0.409873 0.218520 -0.089919
v -0.457882 0.124078 -0.105519
v -0.487447 0.021603 -0.115125
v -0.497429 -0.084969 -0.118368
v -0.074328 0.450801 0.005062
v -0.167051 0.419715 -0.038571
v -0.252505 0.369235 -0.078782
v -0.327406 0.301300 -0.114028
v -0.388875 0.218520 -0.142953
v -0.434551 0.124078 -0.164447
v -0.462678 0.021603 -0.177682
v -0.472176 -0.084969 -0.182151
v -0.067881 0.450801 -0.006666
v -0.154404 0.419715 -0.061576
v -0.234144 0.369235 -0.112180
v -0.304037 0.301300 -0.156536
v -0.361396 0.218520 -0.192937
v -0.404018 0.124078 -0.219986
v -0.430265 0.021603 -0.236642
v -0.439127 -0.084969 -0.242267
v -0.060014 0.450801 -0.017494
v -0.138973 0.419715 -0.082814
v -0.211742 0.369235 -0.143014
v -0.275525 0.301300 -0.195779
v -0.327869 0.218520 -0.239083
v -0.366765 0.124078 -0.271260
v -0.390717 0.021603 -0.291075
v -0.398805 -0.084969 -0.297766
v -0.050853 0.450801 -0.027250
v -0.121002 0.419715 -0.101951
v -0.185652 0.369235 -0.170797
v -0.242319 0.301300 -0.231140
v -0.288823 0.218520 -0.280663
v -0.323379 0.124078 -0.317461
v -0.344659 0.021603 -0.340122
v -0.351844 -0.084969 -0.347774
v -0.040541 0.450801 -0.035781
v -0.100774 0.419715 -0.118685
v -0.156286 0.369235 -0.195091
v -0.204943 0.301300 -0.262060
v -0.244874 0.218520 -0.317021
v -0.274545 0.124078 -0.357861
v -0.292817 0.021603 -0.383009
v -0.298987 -0.084969 -0.391501
v -0.029241 0.450801 -0.042952
v -0.078609 0.419715 -0.132752
v -0.124107 0.369235 -0.215512
v -0.163986 0.301300 -0.288052
v -0.196714 0.218520 -0.347584
v -0.221033 0.124078 -0.391821
v -0.236009 0.021603 -0.419061
v -0.241065 -0.084969 -0.428259
v -0.017131 0.450801 -0.048650
v -0.054855 0.419715 -0.143930
v -0.089621 0.369235 -0.231740
v -0.120095 0.301300 -0.308706
v -0.145103 0.218520 -0.371871
v -0.163686 0.124078 -0.418806
v -0.175130 0.021603 -0.447709
v -0.178994 -0.084969 -0.457468
v -0.004403 0.450801 -0.052786
v -0.029887 0.419715 -0.152042
v -0.053374 0.369235 -0.243517
v -0.073961 0.301300 -0.323696
v -0.090855 0.218520 -0.389497
v -0.103409 0.124078 -0.438391
v -0.111140 0.021603 -0.468500
v -0.113750 -0.084969 -0.478667
v 0.008744 0.450801 -0.055294
v -0.004100 0.419715 -0.156961
v -0.015937 0.369235 -0.250659
v -0.026312 0.301300 -0.332785
v -0.034826 0.218520 -0.400185
v -0.041153 0.124078 -0.450267
v -0.045049 0.021603 -0.481108
v -0.046365 -0.084969 -0.491521
v 0.022100 0.450801 -0.056134
v 0.022100 0.419715 -0.158610
v 0.022100 0.369235 -0.253052
v 0.022100 0.301300 -0.335831
v 0.022100 0.218520 -0.403766
v 0.022100 0.021603 -0.485332
v 0.022100 -0.084969 -0.495829
vn 0.0183 0.9568 -0.2902
vn 0.0296 0.8815 -0.4712
vn 0.0399 0.7724 -0.6339
vn 0.0486 0.6336 -0.7721
vn 0.0554 0.4707 -0.8806
vn 0.0601 0.2898 -0.9552
vn 0.0625 0.0978 -0.9932
vn 0.0062 0.9952 -0.0980
vn 0.1865 0.0978 -0.9776
vn 0.0184 0.9952 -0.0965
vn 0.0545 0.9568 -0.2857
vn 0.0885 0.8815 -0.4638
vn 0.1190 0.7724 -0.6239
vn 0.1450 0.6336 -0.7599
vn 0.1653 0.4707 -0.8667
vn 0.1793 0.2898 -0.9401
vn 0.2391 0.6336 -0.7358
vn 0.2726 0.4707 -0.8391
vn 0.2958 0.2898 -0.9103
vn 0.3075 0.0978 -0.9465
vn 0.0303 0.9952 -0.0934
vn 0.0899 0.9568 -0.2766
vn 0.1459 0.8815 -0.4490
vn 0.1963 0.7724 -0.6041
vn 0.0418 0.9952 -0.0889
vn 0.1238 0.9568 -0.2631
vn 0.2010 0.8815 -0.4272
vn 0.2704 0.7724 -0.5747
vn 0.3294 0.6336 -0.7000
vn 0.3757 0.4707 -0.7983
vn 0.4075 0.2898 -0.8660
vn 0.4237 0.0978 -0.9005
vn 0.4145 0.6336 -0.6532
vn 0.4728 0.4707 -0.7450
vn 0.5128 0.2898 -0.8081
vn 0.5333 0.0978 -0.8403
vn 0.0526 0.9952 -0.0829
vn 0.1558 0.9568 -0.2455
vn 0.2530 0.8815 -0.3986
vn 0.3403 0.7724 -0.5363
vn 0.1854 0.9568 -0.2241
vn 0.3009 0.8815 -0.3638
vn 0.4049 0.7724 -0.4894
vn 0.4931 0.6336 -0.5961
vn 0.5624 0.4707 -0.6798
vn 0.6101 0.2898 -0.7375
vn 0.6344 0.0978 -0.7668
vn 0.0626 0.9952 -0.0757
vn 0.6432 0.4707 -0.6040
vn 0.6977 0.2898 -0.6552
vn 0.7255 0.0978 -0.6813
vn 0.0716 0.9952 -0.0672
vn 0.2120 0.9568 -0.1991
vn 0.3442 0.8815 -0.3232
vn 0.4630 0.7724 -0.4348
vn 0.5639 0.6336 -0.5296
vn 0.3820 0.8815 -0.2775
vn 0.5138 0.7724 -0.3733
vn 0.6259 0.6336 -0.4547
vn 0.7138 0.4707 -0.5186
vn 0.7743 0.2898 -0.5626
vn 0.8051 0.0978 -0.5850
vn 0.0794 0.9952 -0.0577
vn 0.2353 0.9568 -0.1709
vn 0.8387 0.2898 -0.4611
vn 0.8721 0.0978 -0.4794
vn 0.0861 0.9952 -0.0473
vn 0.2548 0.9568 -0.1401
vn 0.4137 0.8815 -0.2274
vn 0.5566 0.7724 -0.3060
vn 0.6779 0.6336 -0.3727
vn 0.7732 0.4707 -0.4251
vn 0.4390 0.8815 -0.1738
vn 0.5905 0.7724 -0.2338
vn 0.7193 0.6336 -0.2848
vn 0.8203 0.4707 -0.3248
vn 0.8899 0.2898 -0.3523
vn 0.9253 0.0978 -0.3664
vn 0.0913 0.9952 -0.0362
vn 0.2704 0.9568 -0.1071
vn 0.9270 0.2898 -0.2380
vn 0.9639 0.0978 -0.2475
vn 0.0951 0.9952 -0.0244
vn 0.2817 0.9568 -0.0723
vn 0.4573 0.8815 -0.1174
vn 0.6152 0.7724 -0.1580
vn 0.7493 0.6336 -0.1924
vn 0.8546 0.4707 -0.2194
vn 0.6301 0.7724 -0.0796
vn 0.7675 0.6336 -0.0970
vn 0.8754 0.4707 -0.1106
vn 0.9496 0.2898 -0.1200
vn 0.9874 0.0978 -0.1247
vn 0.0974 0.9952 -0.0123
vn 0.2885 0.9568 -0.0364
vn 0.4684 0.8815 -0.0592
vn 0.9952 0.0978 -0.0000
vn 0.0982 0.9952 -0.0000
vn 0.2908 0.9568 -0.0000
vn 0.4721 0.8815 -0.0000
vn 0.6351 0.7724 -0.0000
vn 0.7736 0.6336 -0.0000
vn 0.8823 0.4707 -0.0000
vn 0.9571 0.2898 -0.0000
vn 0.6301 0.7724 0.0796
vn 0.7675 0.6336 0.0970
vn 0.8754 0.4707 0.1106
vn 0.9496 0.2898 0.1200
vn 0.9874 0.0978 0.1247
vn 0.0974 0.9952 0.0123
vn 0.2885 0.9568 0.0364
vn 0.4684 0.8815 0.0592
vn 0.9639 0.0978 0.2475
vn 0.0951 0.9952 0.0244
vn 0.2817 0.9568 0.0723
vn 0.4573 0.8815 0.1174
vn 0.6152 0.7724 0.1580
vn 0.7493 0.6336 0.1924
vn 0.8546 0.4707 0.2194
vn 0.9270 0.2898 0.2380
vn 0.7193 0.6336 0.2848
vn 0.8203 0.4707 0.3248
vn 0.8899 0.2898 0.3523
vn 0.9253 0.0978 0.3664
vn 0.0913 0.9952 0.0362
vn 0.2704 0.9568 0.1071
vn 0.4390 0.8815 0.1738
vn 0.5905 0.7724 0.2338
vn 0.2548 0.9568 0.1401
vn 0.4137 0.8815 0.2274
vn 0.5566 0.7724 0.3060
vn 0.6779 0.6336 0.3727
vn 0.7732 0.4707 0.4251
vn 0.8387 0.2898 0.4611
vn 0.8721 0.0978 0.4794
vn 0.0861 0.9952 0.0473
vn 0.7138 0.4707 0.5186
vn 0.7743 0.2898 0.5626
vn 0.8051 0.0978 0.5850
vn 0.0795 0.9952 0.0577
vn 0.2353 0.9568 0.1709
vn 0.3820 0.8815 0.2775
vn 0.5138 0.7724 0.3733
vn 0.6259 0.6336 0.4547
vn 0.2120 0.9568 0.1991
vn 0.3442 0.8815 0.3232
vn 0.4630 0.7724 0.4348
vn 0.5639 0.6336 0.5296
vn 0.6432 0.4707 0.6040
vn 0.6977 0.2898 0.6552
vn 0.7255 0.0978 0.6813
vn 0.0716 0.9952 0.0672
vn 0.5624 0.4707 0.6798
vn 0.6101 0.2898 0.7375
vn 0.6344 0.0978 0.7668
vn 0.0626 0.9952 0.0757
vn 0.1854 0.9568 0.2241
vn 0.3009 0.8815 0.3638
vn 0.4049 0.7724 0.4894
vn 0.4931 0.6336 0.5961
vn 0.2530 0.8815 0.3986
vn 0.3403 0.7724 0.5363
vn 0.4145 0.6336 0.6532
vn 0.4728 0.4707 0.7450
vn 0.5128 0.2898 0.8081
vn 0.5333 0.0978 0.8403
vn 0.0526 0.9952 0.0829
vn 0.1558 0.9568 0.2455
vn 0.4075 0.2898 0.8660
vn 0.4237 0.0978 0.9005
vn 0.0418 0.9952 0.0889
vn 0.1238 0.9568 0.2631
vn 0.2010 0.8815 0.4272
vn 0.2704 0.7724 0.5747
vn 0.3294 0.6336 0.7000
vn 0.3757 0.4707 0.7983
vn 0.1459 0.8815 0.4490
vn 0.1963 0.7724 0.6041
vn 0.2391 0.6336 0.7358
vn 0.2726 0.4707 0.8391
vn 0.2958 0.2898 0.9103
vn 0.3075 0.0978 0.9465
vn 0.0303 0.9952 0.0934
vn 0.0899 0.9568 0.2766
vn 0.1793 0.2898 0.9401
vn 0.1865 0.0978 0.9776
vn 0.0184 0.9952 0.0965
vn 0.0545 0.9568 0.2857
vn 0.0885 0.8815 0.4638
vn 0.1190 0.7724 0.6239
vn 0.1450 0.6336 0.7599
vn 0.1653 0.4707 0.8667
vn 0.0399 0.7724 0.6339
vn 0.0486 0.6336 0.7721
vn 0.0554 0.4707 0.8806
vn 0.0601 0.2898 0.9552
vn 0.0625 0.0978 0.9932
vn 0.0062 0.9952 0.0980
vn 0.0183 0.9568 0.2902
vn 0.0296 0.8815 0.4712
vn -0.0625 0.0978 0.9932
vn -0.0062 0.9952 0.0980
vn -0.0183 0.9568 0.2902
vn -0.0296 0.8815 0.4712
vn -0.0399 0.7724 0.6339
vn -0.0486 0.6336 0.7721
vn -0.0554 0.4707 0.8806
vn -0.0601 0.2898 0.9552
vn -0.1450 0.6336 0.7599
vn -0.1653 0.4707 0.8667
vn -0.1793 0.2898 0.9401
vn -0.1865 0.0978 0.9776
vn -0.0184 0.9952 0.0965
vn -0.0545 0.9568 0.2857
vn -0.0885 0.8815 0.4638
vn -0.1190 0.7724 0.6239
vn -0.0303 0.9952 0.0934
vn -0.0899 0.9568 0.2766
vn -0.1459 0.8815 0.4490
vn -0.1963 0.7724 0.6041
vn -0.2391 0.6336 0.7358
vn -0.2726 0.4707 0.8391
vn -0.2958 0.2898 0.9103
vn -0.3075 0.0978 0.9465
vn -0.3294 0.6336 0.7000
vn -0.3757 0.4707 0.7983
vn -0.4075 0.2898 0.8660
vn -0.4237 0.0978 0.9005
vn -0.0418 0.9952 0.0889
vn -0.1238 0.9568 0.2631
vn -0.2010 0.8815 0.4272
vn -0.2704 0.7724 0.5747
vn -0.1558 0.9568 0.2455
vn -0.2530 0.8815 0.3986
vn -0.3403 0.7724 0.5363
vn -0.4145 0.6336 0.6532
vn -0.4728 0.4707 0.7450
vn -0.5128 0.2898 0.8081
vn -0.5333 0.0978 0.8403
vn -0.0526 0.9952 0.0829
vn -0.5624 0.4707 0.6798
vn -0.6101 0.2898 0.7375
vn -0.6344 0.0978 0.7668
vn -0.0626 0.9952 0.0757
vn -0.1854 0.9568 0.2241
vn -0.3009 0.8815 0.3638
vn -0.4049 0.7724 0.4894
vn -0.4931 0.6336 0.5961
vn -0.2120 0.9568 0.1991
vn -0.3442 0.8815 0.3232
vn -0.4630 0.7724 0.4348
vn -0.5639 0.6336 0.5296
vn -0.6432 0.4707 0.6040
vn -0.6977 0.2898 0.6552
vn -0.7255 0.0978 0.6813
vn -0.0716 0.9952 0.0672
vn -0.7138 0.4707 0.5186
vn -0.7743 0.2898 0.5626
vn -0.8051 0.0978 0.5850
vn -0.0795 0.9952 0.0577
vn -0.2353 0.9568 0.1709
vn -0.3820 0.8815 0.2775
vn -0.5138 0.7724 0.3733
vn -0.6259 0.6336 0.4547
vn -0.4137 0.8815 0.2274
vn -0.5566 0.7724 0.3060
vn -0.6779 0.6336 0.3727
vn -0.7732 0.4707 0.4251
vn -0.8387 0.2898 0.4611
vn -0.8721 0.0978 0.4794
vn -0.0861 0.9952 0.0473
vn -0.2548 0.9568 0.1401
vn -0.8899 0.2898 0.3523
vn -0.9253 0.0978 0.3664
vn -0.0913 0.9952 0.0362
vn -0.2704 0.9568 0.1071
vn -0.4390 0.8815 0.1738
vn -0.5905 0.7724 0.2338
vn -0.7193 0.6336 0.2848
vn -0.8203 0.4707 0.3248
vn -0.6152 0.7724 0.1580
vn -0.7493 0.6336 0.1924
vn -0.8546 0.4707 0.2194
vn -0.9270 0.2898 0.2380
vn -0.9639 0.0978 0.2475
vn -0.0951 0.9952 0.0244
vn -0.2817 0.9568 0.0723
vn -0.4573 0.8815 0.1174
vn -0.9874 0.0978 0.1247
vn -0.0974 0.9952 0.0123
vn -0.2885 0.9568 0.0364
vn -0.4684 0.8815 0.0592
vn -0.6301 0.7724 0.0796
vn -0.7675 0.6336 0.0970
vn -0.8754 0.4707 0.1106
vn -0.9496 0.2898 0.1200
vn -0.6351 0.7724 -0.0000
vn -0.7736 0.6336 -0.0000
vn -0.8823 0.4707 -0.0000
vn -0.9571 0.2898 -0.0000
vn -0.9952 0.0978 -0.0000
vn -0.0982 0.9952 -0.0000
vn -0.2908 0.9568 -0.0000
vn -0.4721 0.8815 -0.0000
vn -0.9874 0.0978 -0.1247
vn -0.0974 0.9952 -0.0123
vn -0.2885 0.9568 -0.0364
vn -0.4684 0.8815 -0.0592
vn -0.6301 0.7724 -0.0796
vn -0.7675 0.6336 -0.0970
vn -0.8754 0.4707 -0.1106
vn -0.9496 0.2898 -0.1200
vn -0.7493 0.6336 -0.1924
vn -0.8546 0.4707 -0.2194
vn -0.9270 0.2898 -0.2380
vn -0.9639 0.0978 -0.2475
vn -0.0951 0.9952 -0.0244
vn -0.2817 0.9568 -0.0723
vn -0.4573 0.8815 -0.1174
vn -0.6152 0.7724 -0.1580
vn -0.0913 0.9952 -0.0362
vn -0.2704 0.9568 -0.1071
vn -0.4390 0.8815 -0.1738
vn -0.5905 0.7724 -0.2338
vn -0.7193 0.6336 -0.2848
vn -0.8203 0.4707 -0.3248
vn -0.8899 0.2898 -0.3523
vn -0.9253 0.0978 -0.3664
vn -0.6779 0.6336 -0.3727
vn -0.7732 0.4707 -0.4251
vn -0.8387 0.2898 -0.4611
vn -0.8721 0.0978 -0.4794
vn -0.0861 0.9952 -0.0473
vn -0.2548 0.9568 -0.1401
vn -0.4137 0.8815 -0.2274
vn -0.5566 0.7724 -0.3060
vn -0.2353 0.9568 -0.1709
vn -0.3820 0.8815 -0.2775
vn -0.5138 0.7724 -0.3733
vn -0.6259 0.6336 -0.4547
vn -0.7138 0.4707 -0.5186
vn -0.7743 0.2898 -0.5626
vn -0.8051 0.0978 -0.5850
vn -0.0795 0.9952 -0.0577
vn -0.6432 0.4707 -0.6040
vn -0.6977 0.2898 -0.6552
vn -0.7255 0.0978 -0.6813
vn -0.0716 0.9952 -0.0672
vn -0.2120 0.9568 -0.1991
vn -0.3442 0.8815 -0.3232
vn -0.4630 0.7724 -0.4348
vn -0.5639 0.6336 -0.5296
vn -0.3009 0.8815 -0.3638
vn -0.4049 0.7724 -0.4894
vn -0.4931 0.6336 -0.5961
vn -0.5624 0.4707 -0.6798
vn -0.6101 0.2898 -0.7375
vn -0.6344 0.0978 -0.7668
vn -0.0626 0.9952 -0.0757
vn -0.1854 0.9568 -0.2241
vn -0.5128 0.2898 -0.8081
vn -0.5333 0.0978 -0.8403
vn -0.0526 0.9952 -0.0829
vn -0.1558 0.9568 -0.2455
vn -0.2530 0.8815 -0.3986
vn -0.3403 0.7724 -0.5363
vn -0.4145 0.6336 -0.6532
vn -0.4728 0.4707 -0.7450
vn -0.2010 0.8815 -0.4272
vn -0.2704 0.7724 -0.5747
vn -0.3294 0.6336 -0.7000
vn -0.3757 0.4707 -0.7983
vn -0.4075 0.2898 -0.8660
vn -0.4237 0.0978 -0.9005
vn -0.0418 0.9952 -0.0889
vn -0.1238 0.9568 -0.2631
vn -0.2958 0.2898 -0.9103
vn -0.3075 0.0978 -0.9465
vn -0.0303 0.9952 -0.0934
vn -0.0899 0.9568 -0.2766
vn -0.1459 0.8815 -0.4490
vn -0.1963 0.7724 -0.6041
vn -0.2391 0.6336 -0.7358
vn -0.2726 0.4707 -0.8391
vn -0.1190 0.7724 -0.6239
vn -0.1450 0.6336 -0.7599
vn -0.1653 0.4707 -0.8667
vn -0.1793 0.2898 -0.9401
vn -0.1865 0.0978 -0.9776
vn -0.0184 0.9952 -0.0965
vn -0.0545 0.9568 -0.2857
vn -0.0885 0.8815 -0.4638
vn -0.0625 0.0978 -0.9932
vn -0.0062 0.9952 -0.0980
vn -0.0183 0.9568 -0.2902
vn -0.0296 0.8815 -0.4712
vn -0.0399 0.7724 -0.6339
vn -0.0486 0.6336 -0.7721
vn -0.0554 0.4707 -0.8806
vn -0.0601 0.2898 -0.9552
vt 0.740000 0.875000
vt 0.740000 0.937500
vt 0.720000 0.937500
vt 0.720000 0.875000
vt 0.740000 0.812500
vt 0.720000 0.812500
vt 0.740000 0.750000
vt 0.720000 0.750000
vt 0.740000 0.687500
vt 0.720000 0.687500
vt 0.740000 0.625000
vt 0.720000 0.625000
vt 0.740000 0.562500
vt 0.720000 0.562500
vt 0.740000 0.500000
vt 0.720000 0.500000
vt 0.730000 1.000000
vt 0.700000 0.562500
vt 0.700000 0.500000
vt 0.710000 1.000000
vt 0.700000 0.937500
vt 0.700000 0.875000
vt 0.700000 0.812500
vt 0.700000 0.750000
vt 0.700000 0.687500
vt 0.700000 0.625000
vt 0.680000 0.750000
vt 0.680000 0.687500
vt 0.680000 0.625000
vt 0.680000 0.562500
vt 0.680000 0.500000
vt 0.690000 1.000000
vt 0.680000 0.937500
vt 0.680000 0.875000
vt 0.680000 0.812500
vt 0.670000 1.000000
vt 0.660000 0.937500
vt 0.660000 0.875000
vt 0.660000 0.812500
vt 0.660000 0.750000
vt 0.660000 0.687500
vt 0.660000 0.625000
vt 0.660000 0.562500
vt 0.660000 0.500000
vt 0.640000 0.750000
vt 0.640000 0.687500
vt 0.640000 0.625000
vt 0.640000 0.562500
vt 0.640000 0.500000
vt 0.650000 1.000000
vt 0.640000 0.937500
vt 0.640000 0.875000
vt 0.640000 0.812500
vt 0.620000 0.937500
vt 0.620000 0.875000
vt 0.620000 0.812500
vt 0.620000 0.750000
vt 0.620000 0.687500
vt 0.620000 0.625000
vt 0.620000 0.562500
vt 0.620000 0.500000
vt 0.630000 1.000000
vt 0.600000 0.687500
vt 0.600000 0.625000
vt 0.600000 0.562500
vt 0.600000 0.500000
vt 0.610000 1.000000
vt 0.600000 0.937500
vt 0.600000 0.875000
vt 0.600000 0.812500
vt 0.600000 0.750000
vt 0.580000 0.875000
vt 0.580000 0.812500
vt 0.580000 0.750000
vt 0.580000 0.687500
vt 0.580000 0.625000
vt 0.580000 0.562500
vt 0.580000 0.500000
vt 0.590000 1.000000
vt 0.580000 0.937500
vt 0.560000 0.625000
vt 0.560000 0.562500
vt 0.560000 0.500000
vt 0.570000 1.000000
vt 0.560000 0.937500
vt 0.560000 0.875000
vt 0.560000 0.812500
vt 0.560000 0.750000
vt 0.560000 0.687500
vt 0.540000 0.875000
vt 0.540000 0.812500
vt 0.540000 0.750000
vt 0.540000 0.687500
vt 0.540000 0.625000
vt 0.540000 0.562500
vt 0.540000 0.500000
vt 0.550000 1.000000
vt 0.540000 0.937500
vt 0.520000 0.625000
vt 0.520000 0.562500
vt 0.520000 0.500000
vt 0.530000 1.000000
vt 0.520000 0.937500
vt 0.520000 0.875000
vt 0.520000 0.812500
vt 0.520000 0.750000
vt 0.520000 0.687500
vt 0.500000 0.812500
vt 0.500000 0.750000
vt 0.500000 0.687500
vt 0.500000 0.625000
vt 0.500000 0.562500
vt 0.500000 0.500000
vt 0.510000 1.000000
vt 0.500000 0.937500
vt 0.500000 0.875000
vt 0.480000 0.562500
vt 0.480000 0.500000
vt 0.490000 1.000000
vt 0.480000 0.937500
vt 0.480000 0.875000
vt 0.480000 0.812500
vt 0.480000 0.750000
vt 0.480000 0.687500
vt 0.480000 0.625000
vt 0.460000 0.812500
vt 0.460000 0.750000
vt 0.460000 0.687500
vt 0.460000 0.625000
vt 0.460000 0.562500
vt 0.460000 0.500000
vt 0.470000 1.000000
vt 0.460000 0.937500
vt 0.460000 0.875000
vt 0.440000 0.562500
vt 0.440000 0.500000
vt 0.450000 1.000000
vt 0.440000 0.937500
vt 0.440000 0.875000
vt 0.440000 0.812500
vt 0.440000 0.750000
vt 0.440000 0.687500
vt 0.440000 0.625000
vt 0.420000 0.750000
vt 0.420000 0.687500
vt 0.420000 0.625000
vt 0.420000 0.562500
vt 0.420000 0.500000
vt 0.430000 1.000000
vt 0.420000 0.937500
vt 0.420000 0.875000
vt 0.420000 0.812500
vt 0.400000 0.937500
vt 0.400000 0.875000
vt 0.400000 0.812500
vt 0.400000 0.750000
vt 0.400000 0.687500
vt 0.400000 0.625000
vt 0.400000 0.562500
vt 0.400000 0.500000
vt 0.410000 1.000000
vt 0.380000 0.687500
vt 0.380000 0.625000
vt 0.380000 0.562500
vt 0.380000 0.500000
vt 0.390000 1.000000
vt 0.380000 0.937500
vt 0.380000 0.875000
vt 0.380000 0.812500
vt 0.380000 0.750000
vt 0.360000 0.937500
vt 0.360000 0.875000
vt 0.360000 0.812500
vt 0.360000 0.750000
vt 0.360000 0.687500
vt 0.360000 0.625000
vt 0.360000 0.562500
vt 0.360000 0.500000
vt 0.370000 1.000000
vt 0.340000 0.687500
vt 0.340000 0.625000
vt 0.340000 0.562500
vt 0.340000 0.500000
vt 0.350000 1.000000
vt 0.340000 0.937500
vt 0.340000 0.875000
vt 0.340000 0.812500
vt 0.340000 0.750000
vt 0.320000 0.875000
vt 0.320000 0.812500
vt 0.320000 0.750000
vt 0.320000 0.687500
vt 0.320000 0.625000
vt 0.320000 0.562500
vt 0.320000 0.500000
vt 0.330000 1.000000
vt 0.320000 0.937500
vt 0.300000 0.625000
vt 0.300000 0.562500
vt 0.300000 0.500000
vt 0.310000 1.000000
vt 0.300000 0.937500
vt 0.300000 0.875000
vt 0.300000 0.812500
vt 0.300000 0.750000
vt 0.300000 0.687500
vt 0.280000 0.875000
vt 0.280000 0.812500
vt 0.280000 0.750000
vt 0.280000 0.687500
vt 0.280000 0.625000
vt 0.280000 0.562500
vt 0.280000 0.500000
vt 0.290000 1.000000
vt 0.280000 0.937500
vt 0.260000 0.625000
vt 0.260000 0.562500
vt 0.260000 0.500000
vt 0.270000 1.000000
vt 0.260000 0.937500
vt 0.260000 0.875000
vt 0.260000 0.812500
vt 0.260000 0.750000
vt 0.260000 0.687500
vt 0.240000 0.812500
vt 0.240000 0.750000
vt 0.240000 0.687500
vt 0.240000 0.625000
vt 0.240000 0.562500
vt 0.240000 0.500000
vt 0.250000 1.000000
vt 0.240000 0.937500
vt 0.240000 0.875000
vt 0.220000 0.562500
vt 0.220000 0.500000
vt 0.230000 1.000000
vt 0.220000 0.937500
vt 0.220000 0.875000
vt 0.220000 0.812500
vt 0.220000 0.750000
vt 0.220000 0.687500
vt 0.220000 0.625000
vt 0.200000 0.750000
vt 0.200000 0.687500
vt 0.200000 0.625000
vt 0.200000 0.562500
vt 0.200000 0.500000
vt 0.210000 1.000000
vt 0.200000 0.937500
vt 0.200000 0.875000
vt 0.200000 0.812500
vt 0.190000 1.000000
vt 0.180000 0.937500
vt 0.180000 0.875000
vt 0.180000 0.812500
vt 0.180000 0.750000
vt 0.180000 0.687500
vt 0.180000 0.625000
vt 0.180000 0.562500
vt 0.180000 0.500000
vt 0.160000 0.750000
vt 0.160000 0.687500
vt 0.160000 0.625000
vt 0.160000 0.562500
vt 0.160000 0.500000
vt 0.170000 1.000000
vt 0.160000 0.937500
vt 0.160000 0.875000
vt 0.160000 0.812500
vt 0.140000 0.937500
vt 0.140000 0.875000
vt 0.140000 0.812500
vt 0.140000 0.750000
vt 0.140000 0.687500
vt 0.140000 0.625000
vt 0.140000 0.562500
vt 0.140000 0.500000
vt 0.150000 1.000000
vt 0.120000 0.687500
vt 0.120000 0.625000
vt 0.120000 0.562500
vt 0.120000 0.500000
vt 0.130000 1.000000
vt 0.120000 0.937500
vt 0.120000 0.875000
vt 0.120000 0.812500
vt 0.120000 0.750000
vt 0.100000 0.937500
vt 0.100000 0.875000
vt 0.100000 0.812500
vt 0.100000 0.750000
vt 0.100000 0.687500
vt 0.100000 0.625000
vt 0.100000 0.562500
vt 0.100000 0.500000
vt 0.110000 1.000000
vt 0.080000 0.687500
vt 0.080000 0.625000
vt 0.080000 0.562500
vt 0.080000 0.500000
vt 0.090000 1.000000
vt 0.080000 0.937500
vt 0.080000 0.875000
vt 0.080000 0.812500
vt 0.080000 0.750000
vt 0.060000 0.875000
vt 0.060000 0.812500
vt 0.060000 0.750000
vt 0.060000 0.687500
vt 0.060000 0.625000
vt 0.060000 0.562500
vt 0.060000 0.500000
vt 0.070000 1.000000
vt 0.060000 0.937500
vt 0.040000 0.625000
vt 0.040000 0.562500
vt 0.040000 0.500000
vt 0.050000 1.000000
vt 0.040000 0.937500
vt 0.040000 0.875000
vt 0.040000 0.812500
vt 0.040000 0.750000
vt 0.040000 0.687500
vt 0.020000 0.812500
vt 0.020000 0.750000
vt 0.020000 0.687500
vt 0.020000 0.625000
vt 0.020000 0.562500
vt 0.020000 0.500000
vt 0.030000 1.000000
vt 0.020000 0.937500
vt 0.020000 0.875000
vt 0.000000 0.562500
vt 0.000000 0.500000
vt 0.010000 1.000000
vt 0.000000 0.937500
vt 0.000000 0.875000
vt 0.000000 0.812500
vt 0.000000 0.750000
vt 0.000000 0.687500
vt 0.000000 0.625000
vt 1.000000 0.750000
vt 1.000000 0.812500
vt 0.980000 0.812500
vt 0.980000 0.750000
vt 1.000000 0.687500
vt 0.980000 0.687500
vt 1.000000 0.625000
vt 0.980000 0.625000
vt 1.000000 0.562500
vt 0.980000 0.562500
vt 1.000000 0.500000
vt 0.980000 0.500000
vt 1.000000 0.937500
vt 0.990000 1.000000
vt 0.980000 0.937500
vt 1.000000 0.875000
vt 0.980000 0.875000
vt 0.960000 0.562500
vt 0.960000 0.500000
vt 0.970000 1.000000
vt 0.960000 0.937500
vt 0.960000 0.875000
vt 0.960000 0.812500
vt 0.960000 0.750000
vt 0.960000 0.687500
vt 0.960000 0.625000
vt 0.940000 0.750000
vt 0.940000 0.687500
vt 0.940000 0.625000
vt 0.940000 0.562500
vt 0.940000 0.500000
vt 0.950000 1.000000
vt 0.940000 0.937500
vt 0.940000 0.875000
vt 0.940000 0.812500
vt 0.930000 1.000000
vt 0.920000 0.937500
vt 0.920000 0.875000
vt 0.920000 0.812500
vt 0.920000 0.750000
vt 0.920000 0.687500
vt 0.920000 0.625000
vt 0.920000 0.562500
vt 0.920000 0.500000
vt 0.900000 0.750000
vt 0.900000 0.687500
vt 0.900000 0.625000
vt 0.900000 0.562500
vt 0.900000 0.500000
vt 0.910000 1.000000
vt 0.900000 0.937500
vt 0.900000 0.875000
vt 0.900000 0.812500
vt 0.880000 0.937500
vt 0.880000 0.875000
vt 0.880000 0.812500
vt 0.880000 0.750000
vt 0.880000 0.687500
vt 0.880000 0.625000
vt 0.880000 0.562500
vt 0.880000 0.500000
vt 0.890000 1.000000
vt 0.860000 0.687500
vt 0.860000 0.625000
vt 0.860000 0.562500
vt 0.860000 0.500000
vt 0.870000 1.000000
vt 0.860000 0.937500
vt 0.860000 0.875000
vt 0.860000 0.812500
vt 0.860000 0.750000
vt 0.840000 0.875000
vt 0.840000 0.812500
vt 0.840000 0.750000
vt 0.840000 0.687500
vt 0.840000 0.625000
vt 0.840000 0.562500
vt 0.840000 0.500000
vt 0.850000 1.000000
vt 0.840000 0.937500
vt 0.820000 0.625000
vt 0.820000 0.562500
vt 0.820000 0.500000
vt 0.830000 1.000000
vt 0.820000 0.937500
vt 0.820000 0.875000
vt 0.820000 0.812500
vt 0.820000 0.750000
vt 0.820000 0.687500
vt 0.800000 0.875000
vt 0.800000 0.812500
vt 0.800000 0.750000
vt 0.800000 0.687500
vt 0.800000 0.625000
vt 0.800000 0.562500
vt 0.800000 0.500000
vt 0.810000 1.000000
vt 0.800000 0.937500
vt 0.780000 0.625000
vt 0.780000 0.562500
vt 0.780000 0.500000
vt 0.790000 1.000000
vt 0.780000 0.937500
vt 0.780000 0.875000
vt 0.780000 0.812500
vt 0.780000 0.750000
vt 0.780000 0.687500
vt 0.760000 0.812500
vt 0.760000 0.750000
vt 0.760000 0.687500
vt 0.760000 0.625000
vt 0.760000 0.562500
vt 0.760000 0.500000
vt 0.770000 1.000000
vt 0.760000 0.937500
vt 0.760000 0.875000
vt 0.750000 1.000000
s 0
f 1766/718/1371 1765/719/1371 1373/720/1371 1374/721/1371
f 1767/722/1372 1766/718/1372 1374/721/1372 1375/723/1372
f 1768/724/1373 1767/722/1373 1375/723/1373 1376/725/1373
f 1769/726/1374 1768/724/1374 1376/725/1374 1377/727/1374
f 1372/728/1375 1769/726/1375 1377/727/1375 1378/729/1375
f 1770/730/1376 1372/728/1376 1378/729/1376 1379/731/1376
f 1771/732/1377 1770/730/1377 1379/731/1377 1380/733/1377
f 1765/719/1378 1371/734/1378 1373/720/1378
f 1380/733/1379 1379/731/1379 1387/735/1379 1388/736/1379
f 1373/720/1380 1371/737/1380 1381/738/1380
f 1374/721/1381 1373/720/1381 1381/738/1381 1382/739/1381
f 1375/723/1382 1374/721/1382 1382/739/1382 1383/740/1382
f 1376/725/1383 1375/723/1383 1383/740/1383 1384/741/1383
f 1377/727/1384 1376/725/1384 1384/741/1384 1385/742/1384
f 1378/729/1385 1377/727/1385 1385/742/1385 1386/743/1385
f 1379/731/1386 1378/729/1386 1386/743/1386 1387/735/1386
f 1385/742/1387 1384/741/1387 1392/744/1387 1393/745/1387
f 1386/743/1388 1385/742/1388 1393/745/1388 1394/746/1388
f 1387/735/1389 1386/743/1389 1394/746/1389 1395/747/1389
f 1388/736/1390 1387/735/1390 1395/747/1390 1396/748/1390
f 1381/738/1391 1371/749/1391 1389/750/1391
f 1382/739/1392 1381/738/1392 1389/750/1392 1390/751/1392
f 1383/740/1393 1382/739/1393 1390/751/1393 1391/752/1393
f 1384/741/1394 1383/740/1394 1391/752/1394 1392/744/1394
f 1389/750/1395 1371/753/1395 1397/754/1395
f 1390/751/1396 1389/750/1396 1397/754/1396 1398/755/1396
f 1391/752/1397 1390/751/1397 1398/755/1397 1399/756/1397
f 1392/744/1398 1391/752/1398 1399/756/1398 1400/757/1398
f 1393/745/1399 1392/744/1399 1400/757/1399 1401/758/1399
f 1394/746/1400 1393/745/1400 1401/758/1400 1402/759/1400
f 1395/747/1401 1394/746/1401 1402/759/1401 1403/760/1401
f 1396/748/1402 1395/747/1402 1403/760/1402 1404/761/1402
f 1401/758/1403 1400/757/1403 1408/762/1403 1409/763/1403
f 1402/759/1404 1401/758/1404 1409/763/1404 1410/764/1404
f 1403/760/1405 1402/759/1405 1410/764/1405 1411/765/1405
f 1404/761/1406 1403/760/1406 1411/765/1406 1412/766/1406
f 1397/754/1407 1371/767/1407 1405/768/1407
f 1398/755/1408 1397/754/1408 1405/768/1408 1406/769/1408
f 1399/756/1409 1398/755/1409 1406/769/1409 1407/770/1409
f 1400/757/1410 1399/756/1410 1407/770/1410 1408/762/1410
f 1406/769/1411 1405/768/1411 1413/771/1411 1414/772/1411
f 1407/770/1412 1406/769/1412 1414/772/1412 1415/773/1412
f 1408/762/1413 1407/770/1413 1415/773/1413 1416/774/1413
f 1409/763/1414 1408/762/1414 1416/774/1414 1417/775/1414
f 1410/764/1415 1409/763/1415 1417/775/1415 1418/776/1415
f 1411/765/1416 1410/764/1416 1418/776/1416 1419/777/1416
f 1412/766/1417 1411/765/1417 1419/777/1417 1420/778/1417
f 1405/768/1418 1371/779/1418 1413/771/1418
f 1418/776/1419 1417/775/1419 1425/780/1419 1426/781/1419
f 1419/777/1420 1418/776/1420 1426/781/1420 1427/782/1420
f 1420/778/1421 1419/777/1421 1427/782/1421 1428/783/1421
f 1413/771/1422 1371/784/1422 1421/785/1422
f 1414/772/1423 1413/771/1423 1421/785/1423 1422/786/1423
f 1415/773/1424 1414/772/1424 1422/786/1424 1423/787/1424
f 1416/774/1425 1415/773/1425 1423/787/1425 1424/788/1425
f 1417/775/1426 1416/774/1426 1424/788/1426 1425/780/1426
f 1423/787/1427 1422/786/1427 1430/789/1427 1431/790/1427
f 1424/788/1428 1423/787/1428 1431/790/1428 1432/791/1428
f 1425/780/1429 1424/788/1429 1432/791/1429 1433/792/1429
f 1426/781/1430 1425/780/1430 1433/792/1430 1434/793/1430
f 1427/782/1431 1426/781/1431 1434/793/1431 1435/794/1431
f 1428/783/1432 1427/782/1432 1435/794/1432 1436/795/1432
f 1421/785/1433 1371/796/1433 1429/797/1433
f 1422/786/1434 1421/785/1434 1429/797/1434 1430/789/1434
f 1435/794/1435 1434/793/1435 1442/798/1435 1443/799/1435
f 1436/795/1436 1435/794/1436 1443/799/1436 1444/800/1436
f 1429/797/1437 1371/801/1437 1437/802/1437
f 1430/789/1438 1429/797/1438 1437/802/1438 1438/803/1438
f 1431/790/1439 1430/789/1439 1438/803/1439 1439/804/1439
f 1432/791/1440 1431/790/1440 1439/804/1440 1440/805/1440
f 1433/792/1441 1432/791/1441 1440/805/1441 1441/806/1441
f 1434/793/1442 1433/792/1442 1441/806/1442 1442/798/1442
f 1439/804/1443 1438/803/1443 1446/807/1443 1447/808/1443
f 1440/805/1444 1439/804/1444 1447/808/1444 1448/809/1444
f 1441/806/1445 1440/805/1445 1448/809/1445 1449/810/1445
f 1442/798/1446 1441/806/1446 1449/810/1446 1450/811/1446
f 1443/799/1447 1442/798/1447 1450/811/1447 1451/812/1447
f 1444/800/1448 1443/799/1448 1451/812/1448 1452/813/1448
f 1437/802/1449 1371/814/1449 1445/815/1449
f 1438/803/1450 1437/802/1450 1445/815/1450 1446/807/1450
f 1451/812/1451 1450/811/1451 1458/816/1451 1459/817/1451
f 1452/813/1452 1451/812/1452 1459/817/1452 1460/818/1452
f 1445/815/1453 1371/819/1453 1453/820/1453
f 1446/807/1454 1445/815/1454 1453/820/1454 1454/821/1454
f 1447/808/1455 1446/807/1455 1454/821/1455 1455/822/1455
f 1448/809/1456 1447/808/1456 1455/822/1456 1456/823/1456
f 1449/810/1457 1448/809/1457 1456/823/1457 1457/824/1457
f 1450/811/1458 1449/810/1458 1457/824/1458 1458/816/1458
f 1456/823/1459 1455/822/1459 1463/825/1459 1464/826/1459
f 1457/824/1460 1456/823/1460 1464/826/1460 1465/827/1460
f 1458/816/1461 1457/824/1461 1465/827/1461 1466/828/1461
f 1459/817/1462 1458/816/1462 1466/828/1462 1467/829/1462
f 1460/818/1463 1459/817/1463 1467/829/1463 1468/830/1463
f 1453/820/1464 1371/831/1464 1461/832/1464
f 1454/821/1465 1453/820/1465 1461/832/1465 1462/833/1465
f 1455/822/1466 1454/821/1466 1462/833/1466 1463/825/1466
f 1468/830/1467 1467/829/1467 1475/834/1467 1476/835/1467
f 1461/832/1468 1371/836/1468 1469/837/1468
f 1462/833/1469 1461/832/1469 1469/837/1469 1470/838/1469
f 1463/825/1470 1462/833/1470 1470/838/1470 1471/839/1470
f 1464/826/1471 1463/825/1471 1471/839/1471 1472/840/1471
f 1465/827/1472 1464/826/1472 1472/840/1472 1473/841/1472
f 1466/828/1473 1465/827/1473 1473/841/1473 1474/842/1473
f 1467/829/1474 1466/828/1474 1474/842/1474 1475/834/1474
f 1472/840/1475 1471/839/1475 1479/843/1475 1480/844/1475
f 1473/841/1476 1472/840/1476 1480/844/1476 1481/845/1476
f 1474/842/1477 1473/841/1477 1481/845/1477 1482/846/1477
f 1475/834/1478 1474/842/1478 1482/846/1478 1483/847/1478
f 1476/835/1479 1475/834/1479 1483/847/1479 1484/848/1479
f 1469/837/1480 1371/849/1480 1477/850/1480
f 1470/838/1481 1469/837/1481 1477/850/1481 1478/851/1481
f 1471/839/1482 1470/838/1482 1478/851/1482 1479/843/1482
f 1484/848/1483 1483/847/1483 1491/852/1483 1492/853/1483
f 1477/850/1484 1371/854/1484 1485/855/1484
f 1478/851/1485 1477/850/1485 1485/855/1485 1486/856/1485
f 1479/843/1486 1478/851/1486 1486/856/1486 1487/857/1486
f 1480/844/1487 1479/843/1487 1487/857/1487 1488/858/1487
f 1481/845/1488 1480/844/1488 1488/858/1488 1489/859/1488
f 1482/846/1489 1481/845/1489 1489/859/1489 1490/860/1489
f 1483/847/1490 1482/846/1490 1490/860/1490 1491/852/1490
f 1489/859/1491 1488/858/1491 1496/861/1491 1497/862/1491
f 1490/860/1492 1489/859/1492 1497/862/1492 1498/863/1492
f 1491/852/1493 1490/860/1493 1498/863/1493 1499/864/1493
f 1492/853/1494 1491/852/1494 1499/864/1494 1500/865/1494
f 1485/855/1495 1371/866/1495 1493/867/1495
f 1486/856/1496 1485/855/1496 1493/867/1496 1494/868/1496
f 1487/857/1497 1486/856/1497 1494/868/1497 1495/869/1497
f 1488/858/1498 1487/857/1498 1495/869/1498 1496/861/1498
f 1494/868/1499 1493/867/1499 1501/870/1499 1502/871/1499
f 1495/869/1500 1494/868/1500 1502/871/1500 1503/872/1500
f 1496/861/1501 1495/869/1501 1503/872/1501 1504/873/1501
f 1497/862/1502 1496/861/1502 1504/873/1502 1505/874/1502
f 1498/863/1503 1497/862/1503 1505/874/1503 1506/875/1503
f 1499/864/1504 1498/863/1504 1506/875/1504 1507/876/1504
f 1500/865/1505 1499/864/1505 1507/876/1505 1508/877/1505
f 1493/867/1506 1371/878/1506 1501/870/1506
f 1506/875/1507 1505/874/1507 1513/879/1507 1514/880/1507
f 1507/876/1508 1506/875/1508 1514/880/1508 1515/881/1508
f 1508/877/1509 1507/876/1509 1515/881/1509 1516/882/1509
f 1501/870/1510 1371/883/1510 1509/884/1510
f 1502/871/1511 1501/870/1511 1509/884/1511 1510/885/1511
f 1503/872/1512 1502/871/1512 1510/885/1512 1511/886/1512
f 1504/873/1513 1503/872/1513 1511/886/1513 1512/887/1513
f 1505/874/1514 1504/873/1514 1512/887/1514 1513/879/1514
f 1510/885/1515 1509/884/1515 1517/888/1515 1518/889/1515
f 1511/886/1516 1510/885/1516 1518/889/1516 1519/890/1516
f 1512/887/1517 1511/886/1517 1519/890/1517 1520/891/1517
f 1513/879/1518 1512/887/1518 1520/891/1518 1521/892/1518
f 1514/880/1519 1513/879/1519 1521/892/1519 1522/893/1519
f 1515/881/1520 1514/880/1520 1522/893/1520 1523/894/1520
f 1516/882/1521 1515/881/1521 1523/894/1521 1524/895/1521
f 1509/884/1522 1371/896/1522 1517/888/1522
f 1522/893/1523 1521/892/1523 1529/897/1523 1530/898/1523
f 1523/894/1524 1522/893/1524 1530/898/1524 1531/899/1524
f 1524/895/1525 1523/894/1525 1531/899/1525 1532/900/1525
f 1517/888/1526 1371/901/1526 1525/902/1526
f 1518/889/1527 1517/888/1527 1525/902/1527 1526/903/1527
f 1519/890/1528 1518/889/1528 1526/903/1528 1527/904/1528
f 1520/891/1529 1519/890/1529 1527/904/1529 1528/905/1529
f 1521/892/1530 1520/891/1530 1528/905/1530 1529/897/1530
f 1527/904/1531 1526/903/1531 1534/906/1531 1535/907/1531
f 1528/905/1532 1527/904/1532 1535/907/1532 1536/908/1532
f 1529/897/1533 1528/905/1533 1536/908/1533 1537/909/1533
f 1530/898/1534 1529/897/1534 1537/909/1534 1538/910/1534
f 1531/899/1535 1530/898/1535 1538/910/1535 1539/911/1535
f 1532/900/1536 1531/899/1536 1539/911/1536 1540/912/1536
f 1525/902/1537 1371/913/1537 1533/914/1537
f 1526/903/1538 1525/902/1538 1533/914/1538 1534/906/1538
f 1539/911/1539 1538/910/1539 1546/915/1539 1547/916/1539
f 1540/912/1540 1539/911/1540 1547/916/1540 1548/917/1540
f 1533/914/1541 1371/918/1541 1541/919/1541
f 1534/906/1542 1533/914/1542 1541/919/1542 1542/920/1542
f 1535/907/1543 1534/906/1543 1542/920/1543 1543/921/1543
f 1536/908/1544 1535/907/1544 1543/921/1544 1544/922/1544
f 1537/909/1545 1536/908/1545 1544/922/1545 1545/923/1545
f 1538/910/1546 1537/909/1546 1545/923/1546 1546/915/1546
f 1543/921/1547 1542/920/1547 1550/924/1547 1551/925/1547
f 1544/922/1548 1543/921/1548 1551/925/1548 1552/926/1548
f 1545/923/1549 1544/922/1549 1552/926/1549 1553/927/1549
f 1546/915/1550 1545/923/1550 1553/927/1550 1554/928/1550
f 1547/916/1551 1546/915/1551 1554/928/1551 1555/929/1551
f 1548/917/1552 1547/916/1552 1555/929/1552 1556/930/1552
f 1541/919/1553 1371/931/1553 1549/932/1553
f 1542/920/1554 1541/919/1554 1549/932/1554 1550/924/1554
f 1555/929/1555 1554/928/1555 1562/933/1555 1563/934/1555
f 1556/930/1556 1555/929/1556 1563/934/1556 1564/935/1556
f 1549/932/1557 1371/936/1557 1557/937/1557
f 1550/924/1558 1549/932/1558 1557/937/1558 1558/938/1558
f 1551/925/1559 1550/924/1559 1558/938/1559 1559/939/1559
f 1552/926/1560 1551/925/1560 1559/939/1560 1560/940/1560
f 1553/927/1561 1552/926/1561 1560/940/1561 1561/941/1561
f 1554/928/1562 1553/927/1562 1561/941/1562 1562/933/1562
f 1560/940/1563 1559/939/1563 1567/942/1563 1568/943/1563
f 1561/941/1564 1560/940/1564 1568/943/1564 1569/944/1564
f 1562/933/1565 1561/941/1565 1569/944/1565 1570/945/1565
f 1563/934/1566 1562/933/1566 1570/945/1566 1571/946/1566
f 1564/935/1567 1563/934/1567 1571/946/1567 1572/947/1567
f 1557/937/1568 1371/948/1568 1565/949/1568
f 1558/938/1569 1557/937/1569 1565/949/1569 1566/950/1569
f 1559/939/1570 1558/938/1570 1566/950/1570 1567/942/1570
f 1572/947/1571 1571/946/1571 1579/951/1571 1580/952/1571
f 1565/949/1572 1371/953/1572 1573/954/1572
f 1566/950/1573 1565/949/1573 1573/954/1573 1574/955/1573
f 1567/942/1574 1566/950/1574 1574/955/1574 1575/956/1574
f 1568/943/1575 1567/942/1575 1575/956/1575 1576/957/1575
f 1569/944/1576 1568/943/1576 1576/957/1576 1577/958/1576
f 1570/945/1577 1569/944/1577 1577/958/1577 1578/959/1577
f 1571/946/1578 1570/945/1578 1578/959/1578 1579/951/1578
f 1577/958/1579 1576/957/1579 1584/960/1579 1585/961/1579
f 1578/959/1580 1577/958/1580 1585/961/1580 1586/962/1580
f 1579/951/1581 1578/959/1581 1586/962/1581 1587/963/1581
f 1580/952/1582 1579/951/1582 1587/963/1582 1588/964/1582
f 1573/954/1583 1371/965/1583 1581/966/1583
f 1574/955/1584 1573/954/1584 1581/966/1584 1582/967/1584
f 1575/956/1585 1574/955/1585 1582/967/1585 1583/968/1585
f 1576/957/1586 1575/956/1586 1583/968/1586 1584/960/1586
f 1581/966/1587 1371/969/1587 1589/970/1587
f 1582/967/1588 1581/966/1588 1589/970/1588 1590/971/1588
f 1583/968/1589 1582/967/1589 1590/971/1589 1591/972/1589
f 1584/960/1590 1583/968/1590 1591/972/1590 1592/973/1590
f 1585/961/1591 1584/960/1591 1592/973/1591 1593/974/1591
f 1586/962/1592 1585/961/1592 1593/974/1592 1594/975/1592
f 1587/963/1593 1586/962/1593 1594/975/1593 1595/976/1593
f 1588/964/1594 1587/963/1594 1595/976/1594 1596/977/1594
f 1593/974/1595 1592/973/1595 1600/978/1595 1601/979/1595
f 1594/975/1596 1593/974/1596 1601/979/1596 1602/980/1596
f 1595/976/1597 1594/975/1597 1602/980/1597 1603/981/1597
f 1596/977/1598 1595/976/1598 1603/981/1598 1604/982/1598
f 1589/970/1599 1371/983/1599 1597/984/1599
f 1590/971/1600 1589/970/1600 1597/984/1600 1598/985/1600
f 1591/972/1601 1590/971/1601 1598/985/1601 1599/986/1601
f 1592/973/1602 1591/972/1602 1599/986/1602 1600/978/1602
f 1598/985/1603 1597/984/1603 1605/987/1603 1606/988/1603
f 1599/986/1604 1598/985/1604 1606/988/1604 1607/989/1604
f 1600/978/1605 1599/986/1605 1607/989/1605 1608/990/1605
f 1601/979/1606 1600/978/1606 1608/990/1606 1609/991/1606
f 1602/980/1607 1601/979/1607 1609/991/1607 1610/992/1607
f 1603/981/1608 1602/980/1608 1610/992/1608 1611/993/1608
f 1604/982/1609 1603/981/1609 1611/993/1609 1612/994/1609
f 1597/984/1610 1371/995/1610 1605/987/1610
f 1610/992/1611 1609/991/1611 1617/996/1611 1618/997/1611
f 1611/993/1612 1610/992/1612 1618/997/1612 1619/998/1612
f 1612/994/1613 1611/993/1613 1619/998/1613 1620/999/1613
f 1605/987/1614 1371/1000/1614 1613/1001/1614
f 1606/988/1615 1605/987/1615 1613/1001/1615 1614/1002/1615
f 1607/989/1616 1606/988/1616 1614/1002/1616 1615/1003/1616
f 1608/990/1617 1607/989/1617 1615/1003/1617 1616/1004/1617
f 1609/991/1618 1608/990/1618 1616/1004/1618 1617/996/1618
f 1614/1002/1619 1613/1001/1619 1621/1005/1619 1622/1006/1619
f 1615/1003/1620 1614/1002/1620 1622/1006/1620 1623/1007/1620
f 1616/1004/1621 1615/1003/1621 1623/1007/1621 1624/1008/1621
f 1617/996/1622 1616/1004/1622 1624/1008/1622 1625/1009/1622
f 1618/997/1623 1617/996/1623 1625/1009/1623 1626/1010/1623
f 1619/998/1624 1618/997/1624 1626/1010/1624 1627/1011/1624
f 1620/999/1625 1619/998/1625 1627/1011/1625 1628/1012/1625
f 1613/1001/1626 1371/1013/1626 1621/1005/1626
f 1626/1010/1627 1625/1009/1627 1633/1014/1627 1634/1015/1627
f 1627/1011/1628 1626/1010/1628 1634/1015/1628 1635/1016/1628
f 1628/1012/1629 1627/1011/1629 1635/1016/1629 1636/1017/1629
f 1621/1005/1630 1371/1018/1630 1629/1019/1630
f 1622/1006/1631 1621/1005/1631 1629/1019/1631 1630/1020/1631
f 1623/1007/1632 1622/1006/1632 1630/1020/1632 1631/1021/1632
f 1624/1008/1633 1623/1007/1633 1631/1021/1633 1632/1022/1633
f 1625/1009/1634 1624/1008/1634 1632/1022/1634 1633/1014/1634
f 1631/1021/1635 1630/1020/1635 1638/1023/1635 1639/1024/1635
f 1632/1022/1636 1631/1021/1636 1639/1024/1636 1640/1025/1636
f 1633/1014/1637 1632/1022/1637 1640/1025/1637 1641/1026/1637
f 1634/1015/1638 1633/1014/1638 1641/1026/1638 1642/1027/1638
f 1635/1016/1639 1634/1015/1639 1642/1027/1639 1643/1028/1639
f 1636/1017/1640 1635/1016/1640 1643/1028/1640 1644/1029/1640
f 1629/1019/1641 1371/1030/1641 1637/1031/1641
f 1630/1020/1642 1629/1019/1642 1637/1031/1642 1638/1023/1642
f 1643/1028/1643 1642/1027/1643 1650/1032/1643 1651/1033/1643
f 1644/1029/1644 1643/1028/1644 1651/1033/1644 1652/1034/1644
f 1637/1031/1645 1371/1035/1645 1645/1036/1645
f 1638/1023/1646 1637/1031/1646 1645/1036/1646 1646/1037/1646
f 1639/1024/1647 1638/1023/1647 1646/1037/1647 1647/1038/1647
f 1640/1025/1648 1639/1024/1648 1647/1038/1648 1648/1039/1648
f 1641/1026/1649 1640/1025/1649 1648/1039/1649 1649/1040/1649
f 1642/1027/1650 1641/1026/1650 1649/1040/1650 1650/1032/1650
f 1648/1039/1651 1647/1038/1651 1655/1041/1651 1656/1042/1651
f 1649/1040/1652 1648/1039/1652 1656/1042/1652 1657/1043/1652
f 1650/1032/1653 1649/1040/1653 1657/1043/1653 1658/1044/1653
f 1651/1033/1654 1650/1032/1654 1658/1044/1654 1659/1045/1654
f 1652/1034/1655 1651/1033/1655 1659/1045/1655 1660/1046/1655
f 1645/1036/1656 1371/1047/1656 1653/1048/1656
f 1646/1037/1657 1645/1036/1657 1653/1048/1657 1654/1049/1657
f 1647/1038/1658 1646/1037/1658 1654/1049/1658 1655/1041/1658
f 1660/1046/1659 1659/1045/1659 1667/1050/1659 1668/1051/1659
f 1653/1048/1660 1371/1052/1660 1661/1053/1660
f 1654/1049/1661 1653/1048/1661 1661/1053/1661 1662/1054/1661
f 1655/1041/1662 1654/1049/1662 1662/1054/1662 1663/1055/1662
f 1656/1042/1663 1655/1041/1663 1663/1055/1663 1664/1056/1663
f 1657/1043/1664 1656/1042/1664 1664/1056/1664 1665/1057/1664
f 1658/1044/1665 1657/1043/1665 1665/1057/1665 1666/1058/1665
f 1659/1045/1666 1658/1044/1666 1666/1058/1666 1667/1050/1666
f 1664/1059/1667 1663/1060/1667 1671/1061/1667 1672/1062/1667
f 1665/1063/1668 1664/1059/1668 1672/1062/1668 1673/1064/1668
f 1666/1065/1669 1665/1063/1669 1673/1064/1669 1674/1066/1669
f 1667/1067/1670 1666/1065/1670 1674/1066/1670 1675/1068/1670
f 1668/1069/1671 1667/1067/1671 1675/1068/1671 1676/1070/1671
f 1661/1071/1672 1371/1072/1672 1669/1073/1672
f 1662/1074/1673 1661/1071/1673 1669/1073/1673 1670/1075/1673
f 1663/1060/1674 1662/1074/1674 1670/1075/1674 1671/1061/1674
f 1676/1070/1675 1675/1068/1675 1683/1076/1675 1684/1077/1675
f 1669/1073/1676 1371/1078/1676 1677/1079/1676
f 1670/1075/1677 1669/1073/1677 1677/1079/1677 1678/1080/1677
f 1671/1061/1678 1670/1075/1678 1678/1080/1678 1679/1081/1678
f 1672/1062/1679 1671/1061/1679 1679/1081/1679 1680/1082/1679
f 1673/1064/1680 1672/1062/1680 1680/1082/1680 1681/1083/1680
f 1674/1066/1681 1673/1064/1681 1681/1083/1681 1682/1084/1681
f 1675/1068/1682 1674/1066/1682 1682/1084/1682 1683/1076/1682
f 1681/1083/1683 1680/1082/1683 1688/1085/1683 1689/1086/1683
f 1682/1084/1684 1681/1083/1684 1689/1086/1684 1690/1087/1684
f 1683/1076/1685 1682/1084/1685 1690/1087/1685 1691/1088/1685
f 1684/1077/1686 1683/1076/1686 1691/1088/1686 1692/1089/1686
f 1677/1079/1687 1371/1090/1687 1685/1091/1687
f 1678/1080/1688 1677/1079/1688 1685/1091/1688 1686/1092/1688
f 1679/1081/1689 1678/1080/1689 1686/1092/1689 1687/1093/1689
f 1680/1082/1690 1679/1081/1690 1687/1093/1690 1688/1085/1690
f 1685/1091/1691 1371/1094/1691 1693/1095/1691
f 1686/1092/1692 1685/1091/1692 1693/1095/1692 1694/1096/1692
f 1687/1093/1693 1686/1092/1693 1694/1096/1693 1695/1097/1693
f 1688/1085/1694 1687/1093/1694 1695/1097/1694 1696/1098/1694
f 1689/1086/1695 1688/1085/1695 1696/1098/1695 1697/1099/1695
f 1690/1087/1696 1689/1086/1696 1697/1099/1696 1698/1100/1696
f 1691/1088/1697 1690/1087/1697 1698/1100/1697 1699/1101/1697
f 1692/1089/1698 1691/1088/1698 1699/1101/1698 1700/1102/1698
f 1697/1099/1699 1696/1098/1699 1704/1103/1699 1705/1104/1699
f 1698/1100/1700 1697/1099/1700 1705/1104/1700 1706/1105/1700
f 1699/1101/1701 1698/1100/1701 1706/1105/1701 1707/1106/1701
f 1700/1102/1702 1699/1101/1702 1707/1106/1702 1708/1107/1702
f 1693/1095/1703 1371/1108/1703 1701/1109/1703
f 1694/1096/1704 1693/1095/1704 1701/1109/1704 1702/1110/1704
f 1695/1097/1705 1694/1096/1705 1702/1110/1705 1703/1111/1705
f 1696/1098/1706 1695/1097/1706 1703/1111/1706 1704/1103/1706
f 1702/1110/1707 1701/1109/1707 1709/1112/1707 1710/1113/1707
f 1703/1111/1708 1702/1110/1708 1710/1113/1708 1711/1114/1708
f 1704/1103/1709 1703/1111/1709 1711/1114/1709 1712/1115/1709
f 1705/1104/1710 1704/1103/1710 1712/1115/1710 1713/1116/1710
f 1706/1105/1711 1705/1104/1711 1713/1116/1711 1714/1117/1711
f 1707/1106/1712 1706/1105/1712 1714/1117/1712 1715/1118/1712
f 1708/1107/1713 1707/1106/1713 1715/1118/1713 1716/1119/1713
f 1701/1109/1714 1371/1120/1714 1709/1112/1714
f 1714/1117/1715 1713/1116/1715 1721/1121/1715 1722/1122/1715
f 1715/1118/1716 1714/1117/1716 1722/1122/1716 1723/1123/1716
f 1716/1119/1717 1715/1118/1717 1723/1123/1717 1724/1124/1717
f 1709/1112/1718 1371/1125/1718 1717/1126/1718
f 1710/1113/1719 1709/1112/1719 1717/1126/1719 1718/1127/1719
f 1711/1114/1720 1710/1113/1720 1718/1127/1720 1719/1128/1720
f 1712/1115/1721 1711/1114/1721 1719/1128/1721 1720/1129/1721
f 1713/1116/1722 1712/1115/1722 1720/1129/1722 1721/1121/1722
f 1719/1128/1723 1718/1127/1723 1726/1130/1723 1727/1131/1723
f 1720/1129/1724 1719/1128/1724 1727/1131/1724 1728/1132/1724
f 1721/1121/1725 1720/1129/1725 1728/1132/1725 1729/1133/1725
f 1722/1122/1726 1721/1121/1726 1729/1133/1726 1730/1134/1726
f 1723/1123/1727 1722/1122/1727 1730/1134/1727 1731/1135/1727
f 1724/1124/1728 1723/1123/1728 1731/1135/1728 1732/1136/1728
f 1717/1126/1729 1371/1137/1729 1725/1138/1729
f 1718/1127/1730 1717/1126/1730 1725/1138/1730 1726/1130/1730
f 1731/1135/1731 1730/1134/1731 1738/1139/1731 1739/1140/1731
f 1732/1136/1732 1731/1135/1732 1739/1140/1732 1740/1141/1732
f 1725/1138/1733 1371/1142/1733 1733/1143/1733
f 1726/1130/1734 1725/1138/1734 1733/1143/1734 1734/1144/1734
f 1727/1131/1735 1726/1130/1735 1734/1144/1735 1735/1145/1735
f 1728/1132/1736 1727/1131/1736 1735/1145/1736 1736/1146/1736
f 1729/1133/1737 1728/1132/1737 1736/1146/1737 1737/1147/1737
f 1730/1134/1738 1729/1133/1738 1737/1147/1738 1738/1139/1738
f 1735/1145/1739 1734/1144/1739 1742/1148/1739 1743/1149/1739
f 1736/1146/1740 1735/1145/1740 1743/1149/1740 1744/1150/1740
f 1737/1147/1741 1736/1146/1741 1744/1150/1741 1745/1151/1741
f 1738/1139/1742 1737/1147/1742 1745/1151/1742 1746/1152/1742
f 1739/1140/1743 1738/1139/1743 1746/1152/1743 1747/1153/1743
f 1740/1141/1744 1739/1140/1744 1747/1153/1744 1748/1154/1744
f 1733/1143/1745 1371/1155/1745 1741/1156/1745
f 1734/1144/1746 1733/1143/1746 1741/1156/1746 1742/1148/1746
f 1747/1153/1747 1746/1152/1747 1754/1157/1747 1755/1158/1747
f 1748/1154/1748 1747/1153/1748 1755/1158/1748 1756/1159/1748
f 1741/1156/1749 1371/1160/1749 1749/1161/1749
f 1742/1148/1750 1741/1156/1750 1749/1161/1750 1750/1162/1750
f 1743/1149/1751 1742/1148/1751 1750/1162/1751 1751/1163/1751
f 1744/1150/1752 1743/1149/1752 1751/1163/1752 1752/1164/1752
f 1745/1151/1753 1744/1150/1753 1752/1164/1753 1753/1165/1753
f 1746/1152/1754 1745/1151/1754 1753/1165/1754 1754/1157/1754
f 1752/1164/1755 1751/1163/1755 1759/1166/1755 1760/1167/1755
f 1753/1165/1756 1752/1164/1756 1760/1167/1756 1761/1168/1756
f 1754/1157/1757 1753/1165/1757 1761/1168/1757 1762/1169/1757
f 1755/1158/1758 1754/1157/1758 1762/1169/1758 1763/1170/1758
f 1756/1159/1759 1755/1158/1759 1763/1170/1759 1764/1171/1759
f 1749/1161/1760 1371/1172/1760 1757/1173/1760
f 1750/1162/1761 1749/1161/1761 1757/1173/1761 1758/1174/1761
f 1751/1163/1762 1750/1162/1762 1758/1174/1762 1759/1166/1762
f 1764/1171/1763 1763/1170/1763 1770/730/1763 1771/732/1763
f 1757/1173/1764 1371/1175/1764 1765/719/1764
f 1758/1174/1765 1757/1173/1765 1765/719/1765 1766/718/1765
f 1759/1166/1766 1758/1174/1766 1766/718/1766 1767/722/1766
f 1760/1167/1767 1759/1166/1767 1767/722/1767 1768/724/1767
f 1761/1168/1768 1760/1167/1768 1768/724/1768 1769/726/1768
f 1762/1169/1769 1761/1168/1769 1769/726/1769 1372/728/1769
f 1763/1170/1770 1762/1169/1770 1372/728/1770 1770/730/1770
